,Lfg_acc,Wft_acc,Lfgm3_tot,Lfga3_tot,Wfg3_acc,Lfgm_tot,Lfga_tot,Wfg_acc,Team_Name,Lftm_tot,Lft_acc,Wfgm3_tot,Wfga_tot,Wfta_tot,Wftm_tot,Wfgm_tot,Lfta_tot,Lfg3_acc,Wfga3_tot,GameCount
1101,39.22594142259414,74.19354838709677,130,352,43.47826086956522,375,956,53.608247422680414,Abilene Chr,286,74.67362924281984,10,97,62,46,52,383,36.93181818181818,23,21
1102,41.62276080084299,73.5042735042735,121,398,37.61904761904762,395,949,44.42231075697211,Air Force,200,65.57377049180327,79,502,234,172,223,305,30.402010050251256,210,28
1103,39.30197268588771,61.98019801980198,75,251,37.677725118483416,259,659,45.43859649122807,Akron,140,61.40350877192982,159,1140,505,313,518,228,29.8804780876494,422,33
1104,40.4040404040404,66.90140845070422,93,320,39.53488372093023,400,990,49.35064935064935,Alabama,292,69.19431279620854,85,616,284,190,304,422,29.0625,215,31
1105,36.774941995359626,65.48387096774194,92,320,37.79904306220096,317,862,45.76,Alabama A&M,207,67.20779220779221,79,625,310,203,286,308,28.75,209,28
1106,38.273381294964025,71.39240506329114,55,219,30.51948051948052,266,695,43.850267379679146,Alabama St,174,63.970588235294116,94,935,395,282,410,272,25.114155251141554,308,28
1107,40.735694822888284,76.87224669603525,45,173,43.41085271317829,299,734,46.503884572697004,Albany NY,171,70.95435684647303,112,901,454,349,419,241,26.01156069364162,258,32
1108,38.0188679245283,68.42105263157895,83,304,37.96296296296296,403,1060,48.6682808716707,Alcorn St,259,64.58852867830424,41,413,209,143,201,401,27.30263157894737,108,28
1109,0.0,0.0,0,0,0.0,0,0,0.0,Alliant Intl,0,0.0,0,0,0,0,0,0,0.0,0,0
1110,45.936395759717314,72.22222222222223,80,222,39.80582524271845,260,566,51.62337662337662,American Univ,96,67.6056338028169,123,924,378,273,477,142,36.03603603603604,309,32
1111,38.603868797308664,61.15702479338843,91,339,41.0958904109589,459,1189,46.441947565543074,Appalachian St,307,64.22594142259415,30,267,121,74,124,478,26.843657817109143,73,26
1112,38.91213389121339,66.05890603085554,17,60,36.62921348314607,93,239,47.987987987987985,Arizona,49,60.49382716049383,163,1665,713,471,799,81,28.333333333333332,445,34
1113,37.66233766233766,70.0990099009901,86,254,41.527446300715994,232,616,48.898305084745765,Arizona St,169,67.8714859437751,174,1180,505,354,577,249,33.85826771653543,419,32
1114,38.537549407114625,74.92163009404389,84,304,37.65432098765432,390,1012,46.45892351274787,Ark Little Rock,290,73.60406091370558,61,706,319,239,328,394,27.63157894736842,162,30
1115,37.94178794178794,65.67656765676567,111,339,36.507936507936506,365,962,46.35036496350365,Ark Pine Bluff,207,65.29968454258675,69,548,303,199,254,317,32.743362831858406,189,29
1116,38.06734992679356,72.52747252747253,76,238,39.37947494033413,260,683,47.77169663799844,Arkansas,189,72.41379310344827,165,1279,546,396,611,261,31.932773109243698,419,32
1117,41.83535762483131,73.51694915254237,107,307,41.55844155844156,310,741,46.29237288135593,Arkansas St,168,69.42148760330579,160,944,472,347,437,242,34.85342019543974,385,30
1118,0.0,0.0,0,0,0.0,0,0,0.0,Armstrong St,0,0.0,0,0,0,0,0,0,0.0,0,0
1119,41.293013555787276,72.02797202797203,118,395,39.416058394160586,396,959,48.72122762148338,Army,190,67.61565836298932,108,782,286,206,381,281,29.873417721518987,274,30
1120,39.26645091693636,73.65853658536585,99,327,32.158590308370044,364,927,49.24554183813443,Auburn,224,70.0,73,729,410,302,359,320,30.275229357798164,227,30
1121,0.0,0.0,0,0,0.0,0,0,0.0,Augusta,0,0.0,0,0,0,0,0,0,0.0,0,0
1122,45.409674234945705,67.0886075949367,85,285,41.1764705882353,460,1013,53.03326810176125,Austin Peay,295,67.66055045871559,56,511,316,212,271,436,29.82456140350877,136,28
1123,39.907550077041606,71.05263157894737,158,506,33.333333333333336,518,1298,45.08670520231214,Ball St,374,68.0,22,173,76,54,78,550,31.225296442687746,66,28
1124,40.09584664536741,69.82758620689656,87,236,39.34837092731829,251,626,47.242798353909464,Baylor,136,60.714285714285715,157,1215,580,405,574,224,36.86440677966102,399,33
1125,43.73716632443532,73.96768402154399,77,222,41.54786150712831,213,487,52.58899676375405,Belmont,125,71.42857142857143,204,1236,557,412,650,175,34.68468468468468,491,32
1126,37.75130305286672,72.07207207207207,162,482,47.72727272727273,507,1343,47.791164658634536,Bethune-Cookman,307,71.06481481481481,42,249,111,80,119,432,33.60995850622407,88,30
1127,36.161096829477295,71.6867469879518,125,437,43.18181818181818,422,1167,43.66925064599483,Binghamton,357,68.52207293666027,57,387,166,119,169,521,28.60411899313501,132,30
1128,0.0,0.0,0,0,0.0,0,0,0.0,Birmingham So,0,0.0,0,0,0,0,0,0,0.0,0,0
1129,41.25500667556742,77.7533039647577,83,267,40.05102040816327,309,749,48.05194805194805,Boise St,154,71.29629629629629,157,1078,454,353,518,216,31.086142322097377,392,32
1130,43.9662447257384,79.11392405063292,174,508,37.7906976744186,521,1185,45.90163934426229,Boston College,388,72.93233082706767,65,366,158,125,168,532,34.25196850393701,172,31
1131,38.850174216027874,74.32762836185819,71,231,38.46153846153846,223,574,48.0,Boston Univ,113,66.08187134502924,200,1350,409,304,648,171,30.735930735930737,520,34
1132,39.87284287011808,69.11764705882354,71,281,35.59322033898305,439,1101,46.31578947368421,Bowling Green,198,59.1044776119403,42,570,272,188,264,335,25.26690391459075,118,31
1133,38.24884792626728,70.11494252873563,93,309,35.88235294117647,415,1085,48.188976377952756,Bradley,257,70.02724795640327,61,635,261,183,306,367,30.097087378640776,170,32
1134,0.0,0.0,0,0,0.0,0,0,0.0,Brooklyn,0,0.0,0,0,0,0,0,0,0.0,0,0
1135,39.577836411609496,66.76737160120845,86,239,39.91228070175438,300,758,45.90570719602977,Brown,171,68.67469879518072,91,806,331,221,370,249,35.98326359832636,228,27
1136,43.22250639386189,71.60804020100502,80,269,36.075949367088604,338,782,49.84193888303477,Bryant,168,68.57142857142857,114,949,398,285,473,245,29.739776951672862,316,31
1137,38.82503192848021,76.53061224489795,83,255,45.74898785425101,304,783,46.682464454976305,Bucknell,160,72.07207207207207,113,844,294,225,394,222,32.549019607843135,247,30
1138,39.79763912310287,72.48322147651007,62,209,36.22754491017964,236,593,47.14867617107943,Buffalo,147,69.66824644549763,121,982,447,324,463,211,29.66507177033493,334,28
1139,39.49579831932773,61.03896103896104,90,320,36.160714285714285,376,952,45.710455764075064,Butler,232,69.87951807228916,81,746,308,188,341,332,28.125,224,30
1140,41.80327868852459,69.72477064220183,49,168,42.06896551724138,306,732,49.586776859504134,BYU,220,67.07317073170732,122,1331,654,456,660,328,29.166666666666668,290,33
1141,40.61433447098976,68.47290640394088,155,526,37.12871287128713,476,1172,46.308724832214764,C Michigan,283,71.10552763819095,75,447,203,139,207,398,29.46768060836502,202,29
1142,38.476190476190474,70.22222222222223,119,392,40.57142857142857,404,1050,43.89380530973451,Cal Poly SLO,208,67.53246753246754,71,565,225,158,248,308,30.357142857142858,175,30
1143,41.248303934871096,68.5579196217494,64,226,38.538205980066444,304,737,47.674418604651166,California,172,67.1875,116,1118,423,290,533,256,28.31858407079646,301,32
1144,41.99604743083004,70.0,161,471,37.00440528634361,425,1012,45.84139264990329,Campbell,174,67.18146718146718,84,517,160,112,237,259,34.182590233545646,227,28
1145,41.45616641901932,74.671669793621,79,216,39.15929203539823,279,673,47.98994974874372,Canisius,134,73.62637362637362,177,1194,533,398,573,182,36.574074074074076,452,32
1146,42.834267413931144,61.74496644295302,130,371,42.45283018867924,535,1249,47.383720930232556,Cent Arkansas,272,59.25925925925926,45,344,149,92,163,459,35.04043126684636,106,27
1147,0.0,0.0,0,0,0.0,0,0,0.0,Centenary,0,0.0,0,0,0,0,0,0,0.0,0,0
1148,41.78974804517811,75.44642857142857,99,325,39.39393939393939,481,1151,46.608695652173914,Central Conn,201,70.03484320557492,65,575,224,169,268,287,30.46153846153846,165,29
1149,41.11006585136406,70.3125,150,445,43.421052631578945,437,1063,48.36363636363637,Charleston So,271,73.24324324324324,99,550,192,135,266,370,33.70786516853933,228,27
1150,40.89775561097257,67.07317073170732,76,247,39.85507246376812,328,802,47.47162022703819,Charlotte,178,61.5916955017301,110,969,410,275,460,289,30.76923076923077,276,31
1151,39.447236180904525,72.72727272727273,89,307,36.86274509803921,314,796,44.84777517564403,Chattanooga,229,69.8170731707317,94,854,418,304,383,328,28.990228013029316,255,29
1152,38.03307223672759,71.10266159695817,135,424,36.45320197044335,437,1149,46.2157809983897,Chicago St,221,65.97014925373135,74,621,263,187,287,335,31.839622641509433,203,30
1153,31.94888178913738,71.38047138047138,30,110,34.98920086393088,100,313,44.91135915955351,Cincinnati,84,68.29268292682927,162,1523,594,424,684,123,27.272727272727273,463,33
1154,40.49217002237136,77.38095238095238,132,395,45.97701149425287,543,1341,52.83018867924528,Citadel,316,70.06651884700665,40,212,84,65,112,451,33.41772151898734,87,29
1155,38.095238095238095,75.1231527093596,61,210,31.137724550898202,240,630,44.0305635148042,Clemson,155,71.10091743119266,104,1047,406,305,461,218,29.047619047619047,334,32
1156,40.06568144499179,75.60386473429952,71,220,46.46153846153846,244,609,49.799196787148595,Cleveland St,147,73.13432835820896,151,996,414,313,496,201,32.27272727272727,325,30
1157,40.34334763948498,71.39303482587064,63,230,35.504885993485345,282,699,44.68292682926829,Coastal Car,177,66.04477611940298,109,1025,402,287,458,268,27.391304347826086,307,30
1158,38.45371312309258,65.71428571428571,97,344,43.145161290322584,378,983,45.11834319526627,Col Charleston,194,66.66666666666667,107,676,280,184,305,291,28.197674418604652,248,31
1159,44.72573839662447,76.79558011049724,133,378,47.58064516129032,424,948,54.071661237785015,Colgate,177,68.6046511627907,118,614,181,139,332,258,35.18518518518518,248,30
1160,38.00978792822186,72.61904761904762,46,169,34.114583333333336,233,613,46.546052631578945,Colorado,146,68.54460093896714,131,1216,672,488,566,213,27.218934911242602,384,34
1161,37.858719646799116,71.4975845410628,82,276,33.95348837209303,343,906,45.8974358974359,Colorado St,286,73.52185089974293,73,780,414,296,358,389,29.71014492753623,215,30
1162,40.23972602739726,80.29556650246306,72,218,40.310077519379846,235,584,46.76674364896074,Columbia,179,71.31474103585657,156,866,406,326,405,251,33.027522935779814,387,30
1163,35.8974358974359,76.17328519855596,44,163,42.857142857142854,154,429,47.53521126760563,Connecticut,121,75.625,198,1420,554,422,675,160,26.993865030674847,462,34
1164,36.88663282571912,72.82229965156795,133,458,38.492063492063494,436,1182,42.61744966442953,Coppin St,316,73.83177570093459,97,596,287,209,254,428,29.03930131004367,252,31
1165,40.65040650406504,68.96551724137932,180,573,31.57894736842105,600,1476,40.74074074074074,Cornell,268,66.50124069478908,6,54,29,20,22,403,31.413612565445025,19,27
1166,41.98473282442748,75.61436672967864,57,186,45.52715654952077,165,393,52.07017543859649,Creighton,69,72.63157894736842,285,1425,529,400,742,95,30.64516129032258,626,33
1167,41.19241192411924,72.17125382262996,128,357,43.91534391534392,456,1107,47.15025906735751,CS Bakersfield,213,65.33742331288343,83,579,327,236,273,326,35.85434173669468,189,31
1168,38.4070796460177,67.03703703703704,119,396,39.77900552486188,434,1130,50.33557046979866,CS Fullerton,252,64.94845360824742,72,596,270,181,300,388,30.050505050505052,181,31
1169,42.217898832684824,81.8574514038877,64,206,42.5414364640884,434,1028,48.581997533908755,CS Northridge,330,76.036866359447,77,811,463,379,394,434,31.067961165048544,181,33
1170,41.28440366972477,75.26501766784452,101,303,44.0251572327044,360,872,50.638977635782744,CS Sacramento,174,71.60493827160494,70,626,283,213,317,243,33.333333333333336,159,28
1171,39.68072976054732,70.6896551724138,83,244,43.57541899441341,348,877,49.70986460348163,Dartmouth,179,65.32846715328468,78,517,232,164,257,274,34.01639344262295,179,26
1172,40.65484311050478,75.05882352941177,88,295,44.38642297650131,298,733,52.56410256410256,Davidson,170,65.63706563706563,170,1014,425,319,533,259,29.83050847457627,383,31
1173,42.26618705035971,68.50533807829181,63,187,39.79328165374677,235,556,48.53291038858049,Dayton,126,67.02127659574468,154,1261,562,385,612,188,33.68983957219251,387,33
1174,40.96601073345259,71.2871287128713,66,211,35.88709677419355,229,559,45.98393574297189,Delaware,124,69.27374301675978,178,1494,707,504,687,179,31.27962085308057,496,34
1175,38.51224105461394,75.33333333333333,90,329,44.76190476190476,409,1062,50.44776119402985,Delaware St,262,67.17948717948718,47,335,150,113,169,390,27.35562310030395,105,28
1176,40.86021505376344,74.6376811594203,102,317,44.620253164556964,304,744,51.36612021857923,Denver,157,66.52542372881356,141,732,276,206,376,236,32.17665615141956,316,30
1177,39.21901528013582,71.77914110429448,125,410,41.1764705882353,462,1178,47.76119402985075,DePaul,297,66.0,70,670,326,234,320,450,30.48780487804878,170,33
1178,40.228873239436616,70.9090909090909,103,367,36.312849162011176,457,1136,42.404006677796325,Detroit,291,74.04580152671755,65,599,275,195,254,393,28.065395095367847,179,30
1179,40.39408866995074,73.61111111111111,113,307,42.96028880866426,328,812,49.09596662030598,Drake,206,69.36026936026936,119,719,288,212,353,297,36.807817589576544,277,30
1180,38.19691577698695,74.12935323383084,62,244,37.24696356275304,322,843,45.833333333333336,Drexel,176,65.91760299625469,92,864,402,298,396,267,25.40983606557377,247,30
1181,42.10526315789474,73.69255150554675,65,184,40.689655172413794,208,494,47.74590163934426,Duke,94,67.62589928057554,236,1464,631,465,699,139,35.32608695652174,580,34
1182,39.2675483214649,69.2090395480226,119,367,42.48927038626609,386,983,50.977653631284916,Duquesne,235,64.73829201101928,99,716,354,245,365,363,32.42506811989101,233,30
1183,40.3921568627451,74.55357142857143,88,306,39.39393939393939,412,1020,50.21551724137931,E Illinois,277,69.94949494949495,52,464,224,167,233,396,28.758169934640524,132,28
1184,42.971887550200805,75.69573283858998,63,203,41.63424124513619,214,498,50.92511013215859,E Kentucky,130,74.28571428571429,214,1135,539,408,578,175,31.03448275862069,514,31
1185,36.8944099378882,71.4859437751004,73,265,31.598513011152416,297,805,41.82795698924731,E Michigan,159,61.38996138996139,85,930,498,356,389,259,27.547169811320753,269,32
1186,40.0,68.92307692307692,107,356,46.54545454545455,380,950,51.33239831697055,E Washington,242,69.7406340057637,128,713,325,224,366,347,30.0561797752809,275,29
1187,39.724454649827784,74.01574803149606,127,380,42.465753424657535,346,871,48.059701492537314,East Carolina,184,70.22900763358778,124,670,381,282,322,262,33.421052631578945,292,29
1188,43.27956989247312,69.02654867256638,139,398,42.76315789473684,483,1116,52.17391304347826,Edwardsville,255,67.10526315789474,65,483,226,156,252,380,34.92462311557789,152,29
1189,41.40401146131805,70.75471698113208,95,270,37.2093023255814,289,698,48.27968923418424,Elon,182,71.65354330708661,128,901,318,225,435,254,35.18518518518518,344,29
1190,38.208616780045354,76.84210526315789,112,343,39.76945244956772,337,882,46.68737060041408,ETSU,234,70.69486404833837,138,966,475,365,451,331,32.6530612244898,347,32
1191,42.15384615384615,76.39257294429709,78,252,44.26229508196721,411,975,51.351351351351354,Evansville,262,66.66666666666667,54,592,377,288,304,393,30.952380952380953,122,31
1192,39.45993031358885,74.8792270531401,119,393,44.791666666666664,453,1148,46.07645875251509,F Dickinson,268,70.52631578947368,86,497,207,155,229,380,30.279898218829516,192,29
1193,38.92908827785818,67.06586826347305,165,538,45.08196721311475,538,1382,42.857142857142854,Fairfield,304,69.0909090909091,55,371,167,112,159,440,30.66914498141264,122,32
1194,39.917355371900825,67.02127659574468,130,426,38.81578947368421,483,1210,47.4537037037037,FL Atlantic,262,64.37346437346437,59,432,188,126,205,407,30.516431924882628,152,30
1195,42.33038348082596,71.1453744493392,62,219,34.24242424242424,287,678,48.84135472370767,FL Gulf Coast,132,63.768115942028984,113,1122,454,323,548,207,28.310502283105023,330,32
1196,44.89795918367347,66.26344086021506,8,23,36.885245901639344,44,98,46.285377358490564,Florida,21,61.76470588235294,225,1696,744,493,785,34,34.78260869565217,610,34
1197,37.44454303460515,67.91666666666667,107,352,35.10204081632653,422,1127,42.013422818791945,Florida A&M,251,63.54430379746835,86,745,240,163,313,395,30.397727272727273,245,30
1198,40.831295843520785,71.81208053691275,67,238,35.0,334,818,47.59124087591241,Florida Intl,220,63.40057636887608,70,685,298,214,326,347,28.15126050420168,200,28
1199,42.79346210995542,72.25806451612904,54,164,39.2226148409894,288,673,48.95104895104895,Florida St,196,72.32472324723247,111,1001,465,336,490,271,32.926829268292686,283,32
1200,37.03703703703704,74.27385892116183,152,518,33.830845771144276,490,1323,44.26494345718901,Fordham,297,72.79411764705883,68,619,241,179,274,408,29.343629343629345,201,31
1201,39.592274678111586,74.85380116959064,119,341,37.16012084592145,369,932,46.07843137254902,Fresno St,235,69.73293768545994,123,816,342,256,376,337,34.89736070381232,331,31
1202,41.47325933400605,67.5,85,295,40.625,411,991,50.0,Furman,270,68.70229007633588,52,370,160,108,185,393,28.8135593220339,128,27
1203,38.93805309734513,66.2480376766091,36,129,39.94638069705094,176,452,48.92638036809816,G Washington,114,62.295081967213115,149,1304,637,422,638,183,27.906976744186046,373,32
1204,39.41068139963168,69.04761904761905,116,393,38.46153846153846,428,1086,48.15384615384615,Ga Southern,250,64.26735218508998,95,650,252,174,313,389,29.516539440203562,247,31
1205,39.44134078212291,71.42857142857143,71,255,38.27751196172249,353,895,47.34939759036145,Gardner Webb,244,67.77777777777777,80,830,350,250,393,360,27.84313725490196,209,30
1206,43.179843614248476,70.07042253521126,106,306,36.434108527131784,497,1151,45.598591549295776,George Mason,290,71.42857142857143,47,568,284,199,259,406,34.64052287581699,129,31
1207,41.184387617765815,71.42857142857143,69,226,34.42028985507246,306,743,49.943630214205186,Georgetown,200,71.94244604316546,95,887,441,315,443,278,30.530973451327434,276,31
1208,41.554559043348284,67.24738675958189,56,173,36.654804270462634,278,669,45.50102249488753,Georgia,218,68.55345911949685,103,978,574,386,445,318,32.369942196531795,281,32
1209,44.18604651162791,78.8785046728972,51,154,39.737991266375545,209,473,48.034591194968556,Georgia St,112,72.72727272727273,182,1272,535,422,611,154,33.116883116883116,458,31
1210,39.43217665615142,71.8840579710145,90,297,32.93650793650794,375,951,46.986607142857146,Georgia Tech,187,64.26116838487972,83,896,345,248,421,291,30.303030303030305,252,33
1211,46.10591900311527,71.75324675324676,28,102,41.11570247933884,148,321,49.66032608695652,Gonzaga,75,66.96428571428571,199,1472,616,442,731,112,27.45098039215686,484,33
1212,38.98973954222573,74.81481481481481,144,462,43.10344827586207,494,1267,52.0,Grambling,300,65.359477124183,25,200,135,101,104,459,31.16883116883117,58,27
1213,39.242219215155615,74.21052631578948,85,274,38.21138211382114,290,739,45.6953642384106,Grand Canyon,239,74.45482866043614,94,604,380,282,276,321,31.021897810218977,246,26
1214,37.1866295264624,65.57659208261617,63,225,34.57627118644068,267,718,45.329400196656835,Hampton,195,65.21739130434783,102,1017,581,381,461,299,28.0,295,30
1215,0.0,0.0,0,0,0.0,0,0,0.0,Hardin-Simmons,0,0.0,0,0,0,0,0,0,0.0,0,0
1216,41.329856584093875,72.3529411764706,110,341,42.69972451790633,317,767,50.12106537530266,Hartford,189,67.74193548387096,155,826,340,246,414,279,32.25806451612903,363,33
1217,33.89121338912134,73.6923076923077,25,78,40.3954802259887,81,239,49.186676994577844,Harvard,51,63.75,143,1291,650,479,635,80,32.05128205128205,354,29
1218,42.87833827893175,72.88801571709234,65,208,34.642857142857146,289,674,48.929961089494164,Hawaii,154,72.30046948356808,97,1028,509,371,503,213,31.25,280,29
1219,43.56955380577428,75.10373443983403,69,215,43.722943722943725,332,762,49.3421052631579,High Point,178,72.06477732793522,101,760,241,181,375,247,32.093023255813954,231,28
1220,40.0,64.26426426426427,169,522,36.809815950920246,512,1280,46.8503937007874,Hofstra,317,67.01902748414376,60,508,333,214,238,473,32.37547892720306,163,33
1221,41.1764705882353,73.31887201735358,81,251,37.15170278637771,287,697,44.25228891149542,Holy Cross,160,71.42857142857143,120,983,461,338,435,224,32.27091633466136,323,32
1222,40.458015267175576,69.48717948717949,91,299,43.369175627240146,371,917,50.43668122270742,Houston,196,63.225806451612904,121,916,390,271,462,310,30.434782608695652,279,33
1223,40.383198231392775,69.74789915966386,124,377,40.476190476190474,548,1357,50.413223140495866,Houston Bap,345,67.3828125,17,242,119,83,122,512,32.89124668435013,42,29
1224,36.237471087124135,71.8232044198895,128,396,35.632183908045974,470,1297,40.97222222222222,Howard,403,67.0549084858569,31,288,181,130,118,601,32.323232323232325,87,31
1225,42.5531914893617,70.41884816753927,88,300,42.12328767123287,420,987,46.73123486682809,Idaho,291,67.67441860465117,123,826,382,269,386,430,29.333333333333332,292,33
1226,43.291404612159326,73.72262773722628,94,286,41.48148148148148,413,954,46.02510460251046,Idaho St,260,69.14893617021276,56,478,274,202,220,376,32.86713286713287,135,27
1227,39.92619926199262,80.0,138,428,34.72222222222222,541,1355,47.08520179372197,IL Chicago,353,69.48818897637796,25,223,110,88,105,508,32.242990654205606,72,29
1228,37.484116899618805,71.94805194805195,71,256,34.78260869565217,295,787,43.536121673003805,Illinois,151,75.12437810945273,128,1052,385,277,458,201,27.734375,368,33
1229,38.190364277320796,72.47191011235955,101,359,34.7953216374269,325,851,43.76528117359413,Illinois St,216,68.35443037974683,119,818,356,258,358,316,28.133704735376046,342,30
1230,41.45658263305322,69.85645933014354,48,124,35.8974358974359,148,357,49.60474308300395,Incarnate Word,104,70.74829931972789,56,506,209,146,251,147,38.70967741935484,156,15
1231,40.43927648578811,71.62698412698413,86,248,34.09090909090909,313,774,48.29369183040331,Indiana,215,75.43859649122807,90,967,504,361,467,285,34.67741935483871,264,32
1232,40.67796610169491,72.35772357723577,61,198,36.31578947368421,216,531,46.666666666666664,Indiana St,159,72.27272727272727,138,1095,492,356,511,220,30.80808080808081,380,31
1233,44.499178981937604,72.72727272727273,98,263,40.63047285464098,271,609,50.66876475216365,Iona,120,66.29834254143647,232,1271,539,392,644,181,37.26235741444867,571,32
1234,43.96200814111262,73.93364928909952,64,213,38.801261829652994,324,737,48.02354920100925,Iowa,179,71.6,123,1189,633,468,571,250,30.046948356807512,317,32
1235,40.21978021978022,69.7560975609756,54,188,37.09949409780776,183,455,49.12170639899624,Iowa St,100,68.02721088435374,220,1594,615,429,783,147,28.72340425531915,593,33
1236,43.65384615384615,66.92913385826772,72,202,39.90267639902677,227,520,49.60212201591512,IPFW,124,66.31016042780749,164,1131,508,340,561,187,35.64356435643565,411,31
1237,42.27812718378756,76.92307692307692,105,365,48.484848484848484,605,1431,46.666666666666664,IUPUI,315,72.91666666666667,16,135,78,60,63,432,28.767123287671232,33,29
1238,38.125568698817105,73.79032258064517,69,282,39.69465648854962,419,1099,48.026315789473685,Jackson St,315,71.5909090909091,52,608,248,183,292,440,24.46808510638298,131,31
1239,40.58106841611996,76.61870503597122,96,338,43.604651162790695,433,1067,49.62686567164179,Jacksonville,260,65.32663316582915,75,536,278,213,266,398,28.402366863905325,172,28
1240,39.85507246376812,73.62637362637362,114,381,36.434108527131784,440,1104,44.34180138568129,Jacksonville St,292,64.31718061674009,47,433,182,134,192,454,29.921259842519685,129,29
1241,39.22127255460589,67.95366795366796,93,368,31.35135135135135,413,1053,44.339622641509436,James Madison,338,68.83910386965377,58,530,259,176,235,491,25.27173913043478,185,31
1242,41.811175337186896,71.42857142857143,45,154,36.675461741424805,217,519,52.56312165263963,Kansas,155,70.13574660633485,139,1307,672,480,687,221,29.22077922077922,379,33
1243,42.12034383954155,67.24511930585683,60,206,35.84905660377358,294,698,44.53627180899908,Kansas St,170,63.43283582089552,133,1089,461,310,485,268,29.12621359223301,371,32
1244,40.89904200442152,70.10309278350516,145,445,45.45454545454545,555,1357,47.17948717948718,Kennesaw,319,64.1851106639839,25,195,97,68,92,497,32.58426966292135,55,29
1245,39.73655323819978,72.85318559556787,103,358,42.955326460481096,362,911,46.09665427509294,Kent,185,67.51824817518248,125,807,361,263,372,274,28.77094972067039,291,31
1246,40.714285714285715,69.46354883081156,51,141,31.202046035805626,228,560,46.970830216903515,Kentucky,191,65.18771331058021,122,1337,727,505,628,293,36.170212765957444,391,34
1247,38.9010989010989,70.9090909090909,79,266,35.25179856115108,354,910,43.937575030012006,La Salle,210,70.70707070707071,98,833,385,273,366,297,29.69924812030075,278,31
1248,44.949954504094634,80.72916666666667,143,377,43.50282485875706,494,1099,50.88062622309198,Lafayette,250,72.67441860465117,77,511,192,155,260,344,37.93103448275862,177,30
1249,43.11079545454545,78.4090909090909,86,275,27.5,607,1408,47.27272727272727,Lamar,413,73.75,11,220,88,69,104,560,31.272727272727273,40,30
1250,40.37145650048876,69.91150442477876,106,314,38.58921161825726,413,1023,47.0668485675307,Lehigh,169,71.91489361702128,93,733,339,237,345,235,33.75796178343949,241,32
1251,43.63166953528399,72.04968944099379,112,324,38.34586466165413,507,1162,47.893569844789354,Liberty,275,69.44444444444444,51,451,161,116,216,396,34.5679012345679,133,29
1252,38.59060402684564,72.53521126760563,143,446,40.59405940594059,345,894,48.686030428769016,Lipscomb,219,62.93103448275862,123,723,426,309,352,348,32.062780269058294,303,29
1253,39.43943943943944,71.80616740088105,94,336,37.00440528634361,394,999,48.89753566796368,Long Beach St,200,62.893081761006286,84,771,227,163,377,318,27.976190476190474,227,30
1254,41.418563922942205,74.38423645320196,139,433,39.898989898989896,473,1142,45.79256360078278,Long Island,297,70.37914691943128,79,511,203,151,234,422,32.10161662817552,198,29
1255,40.78374455732946,74.28571428571429,124,391,48.4375,562,1378,51.55555555555556,Longwood,310,72.7699530516432,31,225,70,52,116,426,31.713554987212277,64,28
1256,39.62703962703963,67.88218793828892,49,177,34.57627118644068,170,429,46.68351231838282,Louisiana Tech,94,62.25165562913907,204,1583,713,484,739,151,27.683615819209038,590,33
1257,40.19292604501608,65.41049798115748,33,120,38.996763754045304,125,311,48.63945578231292,Louisville,66,69.47368421052632,241,1764,743,486,858,95,27.5,618,34
1258,41.732979664014145,79.03225806451613,83,282,30.386740331491712,472,1131,46.056338028169016,Loy Marymount,264,73.33333333333333,55,710,310,245,327,360,29.43262411347518,181,31
1259,38.309859154929576,72.32472324723247,82,280,37.41935483870968,408,1065,46.37964774951077,Loyola MD,244,62.88659793814433,58,511,271,196,237,388,29.285714285714285,155,29
1260,42.128801431127016,75.22935779816514,124,398,46.56488549618321,471,1118,55.65819861431871,Loyola-Chicago,249,67.11590296495957,61,433,218,164,241,371,31.155778894472363,131,31
1261,41.891891891891895,68.53146853146853,80,262,36.68478260869565,341,814,46.14711033274956,LSU,157,64.08163265306122,135,1142,429,294,527,245,30.53435114503817,368,32
1262,36.88172043010753,73.45971563981043,114,379,36.51685393258427,343,930,43.88646288209607,MA Lowell,223,68.19571865443424,65,458,211,155,201,327,30.07915567282322,178,27
1263,43.61861861861862,70.07874015748031,134,423,38.0,581,1332,43.790849673202615,Maine,289,67.36596736596736,38,306,127,89,134,429,31.678486997635932,100,28
1264,40.32258064516129,67.33668341708542,39,143,39.90384615384615,175,434,46.59763313609467,Manhattan,125,61.881188118811885,166,1352,796,536,630,202,27.272727272727273,416,32
1265,38.60640301318267,74.82014388489209,98,337,42.38683127572016,410,1062,44.362017804154306,Marist,292,69.19431279620854,103,674,278,208,299,422,29.080118694362017,243,31
1266,40.45454545454545,70.86776859504133,68,241,35.98326359832636,356,880,48.26086956521739,Marquette,213,66.14906832298136,86,920,484,343,444,322,28.21576763485477,239,32
1267,40.549019607843135,68.32579185520362,120,427,31.52173913043478,517,1275,44.168260038240916,Marshall,320,59.04059040590406,58,523,221,151,231,542,28.10304449648712,184,31
1268,38.87005649717514,67.23646723646723,91,310,38.57142857142857,344,885,46.715328467153284,Maryland,224,68.71165644171779,135,959,351,236,448,326,29.35483870967742,350,32
1269,41.94915254237288,68.91891891891892,36,135,37.704918032786885,198,472,47.36472241742797,Massachusetts,109,65.66265060240964,138,1423,592,408,674,166,26.666666666666668,366,32
1270,35.447154471544714,70.68273092369478,133,471,35.75757575757576,436,1230,46.27450980392157,McNeese St,226,67.46268656716418,59,510,249,176,236,335,28.237791932059448,165,29
1271,38.038277511961724,75.73529411764706,137,436,35.632183908045974,477,1254,46.2962962962963,MD E Shore,364,71.51277013752456,31,270,136,103,125,509,31.422018348623855,87,28
1272,42.4408014571949,64.28571428571429,47,162,35.714285714285715,233,549,49.64871194379391,Memphis,126,68.10810810810811,120,1281,546,351,636,185,29.012345679012345,336,31
1273,40.86242299794661,74.16666666666667,52,170,41.717791411042946,199,487,48.83177570093458,Mercer,129,71.66666666666667,204,1284,480,356,627,180,30.58823529411765,489,31
1274,36.69064748201439,72.14076246334311,80,297,37.992831541218635,306,834,47.429906542056074,Miami FL,173,64.31226765799256,106,856,341,246,406,269,26.936026936026938,279,33
1275,40.42553191489362,75.0,72,292,38.58695652173913,380,940,48.776758409785934,Miami OH,203,76.02996254681648,71,654,288,216,319,267,24.65753424657534,184,30
1276,40.0,75.3012048192771,48,159,42.028985507246375,174,435,50.03728560775541,Michigan,110,79.13669064748201,232,1341,498,375,671,139,30.18867924528302,552,33
1277,41.43518518518518,70.12987012987013,58,174,41.06463878326996,179,432,49.17817225509533,Michigan St,76,65.51724137931035,216,1521,539,378,748,116,33.333333333333336,526,34
1278,42.10526315789474,74.49209932279909,84,256,37.0757180156658,296,703,46.61508704061895,Minnesota,156,71.23287671232876,142,1034,443,330,482,219,32.8125,383,32
1279,39.74799541809851,69.06187624750498,103,352,37.89731051344743,347,873,43.27433628318584,Mississippi,206,70.54794520547945,155,1130,501,346,489,292,29.261363636363637,409,33
1280,41.88790560471976,65.82278481012658,85,293,33.014354066985646,426,1017,47.299077733860344,Mississippi St,250,66.84491978609626,69,759,395,260,359,374,29.01023890784983,209,33
1281,41.016949152542374,73.70030581039755,64,204,35.73407202216067,242,590,47.72929652715939,Missouri,174,75.65217391304348,129,1123,654,482,536,230,31.372549019607842,361,33
1282,39.76342129208371,68.25396825396825,92,360,40.449438202247194,437,1099,50.091743119266056,Missouri KC,253,60.23809523809524,72,545,252,172,273,420,25.555555555555557,178,29
1283,41.85667752442997,72.44258872651356,78,232,37.80821917808219,257,614,43.840931134820565,Missouri St,137,65.86538461538461,138,1031,479,347,452,208,33.62068965517241,365,31
1284,39.69155844155844,68.30985915492958,97,333,41.23711340206186,489,1232,46.74267100977199,Monmouth NJ,285,61.29032258064516,80,614,284,194,287,465,29.12912912912913,194,32
1285,45.17087667161962,73.6842105263158,90,267,40.06849315068493,304,673,49.23928077455049,Montana,180,72.58064516129032,117,723,342,252,356,248,33.70786516853933,292,28
1286,40.59405940594059,74.25373134328358,86,288,39.583333333333336,369,909,45.77922077922078,Montana St,228,68.8821752265861,76,616,268,199,282,331,29.86111111111111,192,29
1287,41.276595744680854,72.22222222222223,72,247,30.944625407166125,291,705,46.82779456193354,Morehead St,219,68.4375,95,993,594,429,465,320,29.149797570850204,307,31
1288,38.75,63.25581395348837,70,295,29.04564315352697,372,960,47.08470847084708,Morgan St,203,58.67052023121387,70,909,430,272,428,346,23.728813559322035,241,31
1289,0.0,0.0,0,0,0.0,0,0,0.0,Morris Brown,0,0.0,0,0,0,0,0,0,0.0,0,0
1290,38.53940708604483,66.90647482014388,142,466,33.333333333333336,533,1383,46.06741573033708,MS Valley St,327,66.87116564417178,41,356,139,93,164,489,30.472103004291846,123,29
1291,39.85200845665962,76.39257294429709,144,448,40.11461318051576,377,946,48.41875681570338,Mt St Mary's,226,71.29337539432177,140,917,377,288,444,317,32.142857142857146,349,32
1292,37.80487804878049,67.34317343173431,39,160,39.18495297805643,186,492,47.422680412371136,MTSU,117,61.904761904761905,125,1164,542,365,552,189,24.375,319,31
1293,43.8423645320197,65.51724137931035,75,209,38.87147335423197,267,609,48.96788990825688,Murray St,187,64.93055555555556,124,872,435,285,427,288,35.88516746411483,319,27
1294,43.65821094793058,73.121387283237,58,204,45.60669456066945,327,749,52.798053527980535,N Colorado,157,65.41666666666667,109,822,346,253,434,240,28.431372549019606,239,29
1295,45.56962025316456,77.22567287784679,27,95,36.928104575163395,144,316,51.59071367153912,N Dakota St,92,68.65671641791045,113,1163,483,373,600,134,28.42105263157895,306,28
1296,36.919592298980746,69.57671957671958,73,280,29.743589743589745,326,883,40.46579330422125,N Illinois,279,67.0673076923077,58,687,378,263,278,416,26.071428571428573,195,31
1297,41.032370953630796,73.36244541484716,159,486,41.07142857142857,469,1143,49.473684210526315,N Kentucky,240,68.76790830945559,69,475,229,168,235,349,32.71604938271605,168,30
1298,36.88811188811189,69.5187165775401,141,463,42.27642276422764,422,1144,47.25536992840095,Navy,159,58.455882352941174,52,419,187,130,198,272,30.453563714902806,123,29
1299,36.37873754152824,72.22222222222223,113,410,35.2112676056338,438,1204,41.31578947368421,NC A&T,424,68.16720257234726,50,380,306,221,157,622,27.5609756097561,142,31
1300,38.867924528301884,72.1835883171071,20,83,34.343434343434346,103,265,46.70571010248902,NC Central,82,75.22935779816514,136,1366,719,519,638,109,24.096385542168676,396,31
1301,41.608876560332874,66.97459584295612,52,192,32.25806451612903,300,721,48.36867862969005,NC State,179,64.85507246376811,100,1226,433,290,593,276,27.083333333333332,310,34
1302,0.0,0.0,0,0,0.0,0,0,0.0,NE Illinois,0,0.0,0,0,0,0,0,0,0.0,0,0
1303,39.503386004514674,78.125,93,301,38.095238095238095,350,886,49.074074074074076,NE Omaha,227,75.66666666666667,96,756,352,275,371,300,30.897009966777407,252,27
1304,39.500734214390604,71.51515151515152,69,221,35.714285714285715,269,681,44.99473129610116,Nebraska,147,72.77227722772277,115,949,495,354,427,202,31.221719457013574,322,31
1305,40.52356020942408,71.19741100323624,116,347,34.146341463414636,387,955,46.47727272727273,Nevada,290,74.16879795396419,98,880,309,220,409,391,33.429394812680115,287,32
1306,35.51020408163265,75.38461538461539,151,490,40.76923076923077,435,1225,43.28358208955224,New Hampshire,286,68.58513189448442,53,268,65,49,116,417,30.816326530612244,130,29
1307,40.77669902912621,71.20786516853933,21,86,35.390946502057616,126,309,47.11409395973154,New Mexico,107,80.45112781954887,172,1490,712,507,702,133,24.41860465116279,486,33
1308,41.584158415841586,70.54161162483487,45,151,39.1566265060241,210,505,51.42636854279105,New Mexico St,143,62.17391304347826,130,1297,757,534,667,230,29.801324503311257,332,34
1309,37.93939393939394,71.48288973384031,72,238,37.69230769230769,313,825,49.148936170212764,New Orleans,279,68.38235294117646,49,470,263,188,231,408,30.252100840336134,130,24
1310,42.15873015873016,69.5852534562212,132,459,35.78947368421053,664,1575,45.98930481283423,Niagara,495,67.8082191780822,34,374,217,151,172,730,28.758169934640524,95,33
1311,41.46634615384615,68.3385579937304,88,318,34.008097165991906,345,832,47.314949201741655,Nicholls St,167,59.219858156028366,84,689,319,218,326,282,27.67295597484277,247,28
1312,39.77401129943503,72.85067873303167,107,316,39.08045977011494,352,885,45.29058116232465,NJIT,225,71.20253164556962,68,499,221,161,226,316,33.860759493670884,174,25
1313,43.51732991014121,70.20725388601036,83,225,31.836734693877553,339,779,46.6903073286052,Norfolk St,162,66.66666666666667,78,846,386,271,395,243,36.888888888888886,245,30
1314,41.77215189873418,65.42635658914729,34,129,37.03703703703704,231,553,48.12912692589875,North Carolina,112,53.588516746411486,100,1363,645,422,656,209,26.356589147286822,270,32
1315,41.67561761546724,72.33502538071066,89,298,34.11764705882353,388,931,48.95705521472393,North Dakota,228,65.32951289398281,87,815,394,285,399,349,29.86577181208054,255,31
1316,39.32461873638344,73.19277108433735,118,343,36.885245901639344,361,918,47.92503346720214,North Florida,230,67.05539358600583,90,747,332,243,358,343,34.40233236151604,244,30
1317,39.24050632911393,68.4065934065934,82,253,36.54822335025381,372,948,45.41884816753927,North Texas,234,68.22157434402332,72,764,364,249,347,343,32.41106719367589,197,30
1318,42.24364592462752,66.7844522968198,94,323,39.24050632911393,482,1141,45.73502722323049,Northeastern,296,63.11300639658849,62,551,283,189,252,469,29.102167182662537,158,32
1319,42.49726177437021,71.54150197628458,81,257,39.23444976076555,388,913,48.053691275167786,Northern Arizona,225,71.20253164556962,82,745,253,181,358,316,31.51750972762646,209,31
1320,40.35294117647059,70.82066869300913,106,352,41.62011173184357,343,850,49.743589743589745,Northern Iowa,220,73.8255033557047,149,780,329,233,388,298,30.113636363636363,358,30
1321,36.5625,71.12676056338029,125,435,33.6996336996337,351,960,43.671766342141865,Northwestern,215,68.91025641025641,92,719,284,202,314,312,28.735632183908045,273,33
1322,43.24917672886937,76.55860349127182,57,233,42.42424242424242,394,911,50.103305785123965,Northwestern LA,244,70.52023121387283,112,968,401,307,485,346,24.463519313304722,264,29
1323,43.005181347150256,74.41077441077441,118,356,39.145907473309606,415,965,48.346636259977195,Notre Dame,176,68.75,110,877,297,221,424,256,33.146067415730336,281,32
1324,40.08695652173913,72.48322147651007,159,465,40.856031128404666,461,1150,47.72370486656201,Oakland,272,72.34042553191489,105,637,298,216,304,376,34.193548387096776,257,31
1325,43.52750809061489,71.26696832579185,76,245,36.92307692307692,269,618,46.63341645885287,Ohio,133,71.89189189189189,168,1203,442,315,561,185,31.020408163265305,455,33
1326,41.889117043121146,69.16524701873935,43,159,34.52914798206278,204,487,45.964125560538115,Ohio St,132,68.04123711340206,154,1338,587,406,615,194,27.044025157232703,446,34
1327,0.0,0.0,0,0,0.0,0,0,0.0,Okla City,0,0.0,0,0,0,0,0,0,0.0,0,0
1328,41.56521739130435,74.65517241379311,59,195,40.60721062618596,239,575,46.50324441240087,Oklahoma,155,75.98039215686275,214,1387,580,433,645,204,30.256410256410255,527,32
1329,42.241379310344826,72.65500794912559,76,228,38.7409200968523,294,696,48.983050847457626,Oklahoma St,214,71.81208053691275,160,1180,629,457,578,298,33.333333333333336,413,33
1330,38.486486486486484,62.593516209476306,84,275,34.81781376518219,356,925,47.27272727272727,Old Dominion,180,59.800664451827245,86,825,401,251,390,301,30.545454545454547,247,33
1331,44.470588235294116,73.66946778711484,68,209,39.10891089108911,378,850,47.67580452920143,Oral Roberts,248,70.65527065527066,79,839,357,263,400,351,32.535885167464116,202,31
1332,41.63636363636363,75.40453074433657,62,191,42.11711711711712,229,550,48.94259818731118,Oregon,150,80.64516129032258,187,1324,618,466,648,186,32.460732984293195,444,32
1333,46.85138539042821,69.23076923076923,87,229,40.77669902912621,372,794,50.0,Oregon St,251,70.11173184357541,84,834,481,333,417,358,37.99126637554585,206,31
1334,38.64734299516908,78.18181818181819,89,285,42.73504273504273,320,828,49.08616187989556,Pacific,253,76.43504531722054,100,766,330,258,376,331,31.228070175438596,234,29
1335,42.870285188592455,74.8792270531401,100,332,38.46153846153846,466,1087,50.580046403712295,Penn,248,64.08268733850129,40,431,207,155,218,387,30.120481927710845,104,28
1336,40.80578512396694,75.50432276657061,93,321,34.86842105263158,395,968,46.10849056603774,Penn St,255,73.91304347826087,106,848,347,262,391,345,28.97196261682243,304,32
1337,42.79329608938548,73.35526315789474,98,297,40.25423728813559,383,895,48.058902275769746,Pepperdine,225,66.96428571428571,95,747,304,223,359,336,32.996632996633,236,30
1338,38.26879271070615,72.85491419656786,47,137,36.15819209039548,168,439,48.600143575017945,Pittsburgh,132,65.34653465346534,128,1393,641,467,677,202,34.306569343065696,354,34
1339,42.622950819672134,76.144578313253,99,269,42.592592592592595,390,915,48.66743916570104,Portland,200,69.68641114982579,92,863,415,316,420,287,36.80297397769517,216,31
1340,43.880208333333336,79.53890489913545,82,232,36.99633699633699,337,768,48.301886792452834,Portland St,177,65.07352941176471,101,795,347,276,384,272,35.3448275862069,273,29
1341,39.705882352941174,68.15068493150685,152,470,38.18181818181818,540,1360,44.696969696969695,Prairie View,296,62.447257383966246,63,528,292,199,236,474,32.340425531914896,165,33
1342,43.959243085880644,72.97297297297297,148,442,45.09803921568628,604,1374,49.282296650717704,Presbyterian,249,66.75603217158177,23,209,111,81,103,373,33.484162895927604,51,30
1343,43.92059553349876,73.84615384615384,58,180,37.64940239043825,177,403,45.212240868706814,Princeton,117,68.82352941176471,189,1013,390,288,458,170,32.22222222222222,502,27
1344,36.97996918335902,79.05759162303664,67,199,35.59322033898305,240,649,45.3198127925117,Providence,180,75.9493670886076,147,1282,573,453,581,237,33.66834170854271,413,34
1345,40.27504911591355,65.03856041131105,85,276,34.732824427480914,410,1018,45.37444933920705,Purdue,239,69.47674418604652,91,908,389,253,412,344,30.797101449275363,262,32
1346,37.53501400560224,71.07558139534883,50,186,40.76655052264808,268,714,45.43933054393305,Quinnipiac,175,72.61410788381743,117,1195,688,489,543,241,26.881720430107528,287,31
1347,41.28943758573388,72.97872340425532,54,205,40.32786885245902,301,729,50.350350350350354,Radford,150,63.29113924050633,123,999,470,343,503,237,26.341463414634145,305,30
1348,42.077649527806926,68.63753213367609,72,245,33.9622641509434,401,953,47.40634005763689,Rhode Island,232,62.032085561497325,72,694,389,267,329,374,29.387755102040817,212,31
1349,39.65087281795511,68.18181818181819,178,561,35.714285714285715,477,1203,45.833333333333336,Rice,211,62.79761904761905,40,264,132,90,121,336,31.729055258467024,112,28
1350,38.551099611901684,69.91341991341992,80,279,34.86486486486486,298,773,45.0199203187251,Richmond,164,61.65413533834587,129,1004,462,323,452,266,28.67383512544803,370,33
1351,40.43887147335423,73.58024691358025,110,325,46.69117647058823,387,957,47.65729585006694,Rider,271,72.65415549597856,127,747,405,298,356,373,33.84615384615385,272,31
1352,41.588156123822344,75.84650112866817,86,263,42.21635883905013,309,743,45.205479452054796,Robert Morris,177,67.30038022813689,160,1168,443,336,528,263,32.69961977186312,379,34
1353,40.049751243781095,73.40425531914893,125,381,33.1578947368421,483,1206,45.50989345509893,Rutgers,272,68.17042606516291,63,657,282,207,299,399,32.808398950131235,190,32
1354,37.416666666666664,70.41420118343196,97,368,32.78688524590164,449,1200,44.529262086513995,S Carolina St,232,63.387978142076506,40,393,169,119,175,366,26.358695652173914,122,28
1355,40.963855421686745,78.22966507177034,76,252,36.55913978494624,272,664,45.82338902147971,S Dakota St,187,74.2063492063492,102,838,418,327,384,252,30.158730158730158,279,28
1356,43.730886850152906,69.84126984126983,82,262,35.39325842696629,429,981,46.89349112426036,S Illinois,255,65.72164948453609,63,676,315,220,317,388,31.297709923664122,178,32
1357,40.33290653008963,68.90756302521008,168,528,38.666666666666664,630,1562,46.715328467153284,Sacred Heart,367,68.47014925373135,29,274,119,82,128,536,31.818181818181817,75,31
1358,39.66480446927374,68.07866868381241,57,177,40.59139784946237,213,537,48.07174887892376,Sam Houston St,134,62.91079812206573,151,1115,661,450,536,213,32.20338983050848,372,31
1359,45.10521500457457,74.78991596638656,94,308,37.22627737226277,493,1093,52.02312138728324,Samford,244,62.724935732647815,51,519,238,178,270,389,30.51948051948052,137,30
1360,42.15568862275449,71.14285714285714,115,318,41.0,352,835,46.20991253644315,San Diego,188,66.90391459074733,82,686,350,249,317,281,36.16352201257862,200,30
1361,35.37117903930131,67.05035971223022,16,56,34.748010610079575,81,229,43.615591397849464,San Diego St,46,60.526315789473685,131,1488,695,466,649,76,28.571428571428573,377,31
1362,43.07692307692308,65.04065040650407,79,242,40.46052631578947,280,650,50.10204081632653,San Francisco,151,62.396694214876035,123,980,492,320,491,242,32.64462809917355,304,30
1363,35.68111455108359,72.65625,185,604,42.25352112676056,461,1292,42.805755395683455,San Jose St,280,71.7948717948718,60,278,128,93,119,390,30.629139072847682,142,29
1364,43.265306122448976,72.1627408993576,69,196,40.92409240924093,212,490,48.082901554404145,Santa Barbara,98,68.53146853146853,124,965,467,337,464,143,35.204081632653065,303,28
1365,41.340782122905026,74.5583038869258,127,389,42.73504273504273,444,1074,43.353474320241695,Santa Clara,259,72.54901960784314,100,662,283,211,287,357,32.64781491002571,234,31
1366,38.66133866133866,69.58174904942966,83,294,35.294117647058826,387,1001,47.26930320150659,Savannah St,206,61.86186186186186,60,531,263,183,251,333,28.231292517006803,170,30
1367,43.63411619283065,66.23093681917211,103,298,29.61783439490446,353,809,46.11344537815126,SC Upstate,160,68.96551724137932,93,952,459,304,439,232,34.56375838926174,314,31
1368,41.987829614604465,67.8030303030303,130,362,37.80487804878049,414,986,46.78362573099415,SE Louisiana,223,69.6875,62,513,264,179,240,320,35.91160220994475,164,28
1369,46.28501827040195,70.27707808564232,90,274,38.32116788321168,380,821,52.44161358811041,SE Missouri St,205,68.33333333333333,105,942,397,279,494,300,32.846715328467155,274,30
1370,39.642184557438796,67.54385964912281,132,411,38.07339449541284,421,1062,46.67802385008518,Seattle,214,64.84848484848484,83,587,228,154,274,330,32.11678832116788,218,28
1371,44.048943270300335,72.21006564551422,119,348,37.359550561797754,396,899,46.770601336302896,Seton Hall,228,71.92429022082018,133,898,457,330,420,317,34.195402298850574,356,34
1372,38.793103448275865,71.976401179941,15,47,35.445205479452056,45,116,46.658566221142166,SF Austin,15,51.724137931034484,207,1646,678,488,768,29,31.914893617021278,584,31
1373,41.812865497076025,73.75,71,234,34.87179487179487,429,1026,42.46913580246913,Siena,257,69.83695652173913,68,810,400,295,344,368,30.34188034188034,195,32
1374,44.49064449064449,68.0,37,102,37.58620689655172,214,481,50.37720033528919,SMU,134,69.43005181347151,109,1193,550,374,601,193,36.27450980392157,290,32
1375,37.980339588918675,69.23076923076923,154,481,36.55913978494624,425,1119,42.79749478079332,South Alabama,279,69.75,68,479,182,126,205,400,32.016632016632016,186,28
1376,37.870370370370374,73.09782608695652,108,318,43.93939393939394,409,1080,46.05433376455369,South Carolina,329,68.6847599164927,87,773,368,269,356,479,33.9622641509434,198,34
1377,40.575079872204476,73.91304347826087,107,327,40.84507042253521,381,939,47.37945492662474,South Dakota,308,76.42679900744417,58,477,161,119,226,403,32.7217125382263,142,27
1378,40.93457943925234,66.56534954407294,57,234,28.169014084507044,438,1070,47.49620637329287,South Florida,282,65.88785046728972,40,659,329,219,313,428,24.358974358974358,142,32
1379,42.810457516339866,69.60110041265474,30,91,34.635416666666664,131,306,45.962732919254655,Southern Miss,76,73.07692307692308,133,1288,727,506,592,104,32.967032967032964,384,31
1380,38.820301783264746,67.41573033707866,75,251,39.41908713692946,283,729,48.29545454545455,Southern Univ,153,55.43478260869565,95,880,356,240,425,276,29.8804780876494,241,29
1381,39.80726464047443,76.47058823529412,125,382,25.0,537,1349,51.02040816326531,Southern Utah,349,67.63565891472868,1,49,34,26,25,516,32.72251308900523,4,28
1382,42.671394799054376,73.963133640553,67,222,34.78260869565217,361,846,47.82608695652174,St Bonaventure,233,68.52941176470588,88,1035,434,321,495,340,30.18018018018018,253,33
1383,40.875,68.80222841225627,77,244,31.412103746397694,327,800,44.56066945606695,St Francis NY,185,67.27272727272727,109,956,359,247,426,275,31.557377049180328,347,31
1384,38.17689530685921,68.83720930232558,144,477,36.018957345971565,423,1108,46.58040665434381,St Francis PA,198,61.111111111111114,76,541,215,148,252,324,30.18867924528302,211,31
1385,39.63011889035667,70.60041407867494,46,166,38.20224719101124,300,757,48.337825696316266,St John's,160,68.37606837606837,102,1113,483,341,538,234,27.710843373493976,267,32
1386,40.900195694716245,64.90299823633157,55,196,42.43792325056433,209,511,49.34640522875817,St Joseph's PA,115,61.82795698924731,188,1224,567,368,604,186,28.06122448979592,443,33
1387,40.61538461538461,70.6086956521739,30,113,33.40909090909091,132,325,45.36157779401022,St Louis,83,73.45132743362832,147,1369,575,406,621,113,26.548672566371682,440,31
1388,37.391304347826086,72.82608695652173,53,196,43.44473007712082,215,575,48.90710382513661,St Mary's CA,165,66.26506024096386,169,1098,552,402,537,249,27.040816326530614,389,32
1389,41.037204058624575,75.14285714285714,77,270,34.959349593495936,364,887,40.30054644808743,St Peter's,217,65.36144578313252,86,732,350,263,295,332,28.51851851851852,246,31
1390,41.492537313432834,69.7196261682243,59,193,40.84084084084084,278,670,49.37833037300177,Stanford,190,71.42857142857143,136,1126,535,373,556,266,30.569948186528496,333,33
1391,40.94794094794095,72.32704402515724,119,421,33.333333333333336,527,1287,45.747800586510266,Stetson,276,64.03712296983758,40,341,159,115,156,431,28.26603325415677,120,31
1392,44.52423698384201,71.67630057803468,51,151,36.5558912386707,248,557,45.840130505709624,Stony Brook,126,72.83236994219654,121,1226,519,372,562,173,33.77483443708609,331,32
1393,35.785953177257525,70.35775127768314,18,77,35.411471321695764,107,299,45.31784005468216,Syracuse,68,70.10309278350516,142,1463,587,413,663,97,23.376623376623378,401,32
1394,42.40766073871409,66.66666666666667,63,185,39.877300613496935,310,731,51.52625152625153,TAM C. Christi,208,67.31391585760518,65,819,378,252,422,309,34.054054054054056,163,30
1395,37.664618086040385,72.94685990338164,102,322,32.5,429,1139,46.65071770334928,TCU,360,73.31975560081466,39,418,207,151,195,491,31.677018633540374,120,30
1396,40.98124098124098,75.62189054726367,136,416,36.51685393258427,568,1386,47.44525547445255,Temple,282,68.28087167070218,65,548,201,152,260,413,32.69230769230769,178,31
1397,38.066465256797585,73.79454926624737,49,219,40.18691588785047,252,662,47.960108794197644,Tennessee,164,65.07936507936508,129,1103,477,352,529,252,22.374429223744293,321,32
1398,42.12827988338192,71.55963302752293,117,428,44.26229508196721,578,1372,45.27363184079602,Tennessee St,393,69.19014084507042,27,201,109,78,91,568,27.33644859813084,61,29
1399,40.380313199105146,68.66028708133972,84,290,36.97478991596638,361,894,49.93464052287582,Tennessee Tech,227,65.4178674351585,88,765,418,287,382,347,28.96551724137931,238,31
1400,38.68954758190328,65.8499234303216,52,182,34.51327433628319,248,641,45.2023988005997,Texas,145,68.07511737089202,117,1334,653,430,603,213,28.571428571428573,339,33
1401,36.47642679900744,65.11627906976744,69,270,37.86407766990291,294,806,48.56828193832599,Texas A&M,177,63.214285714285715,117,908,387,252,441,280,25.555555555555557,309,32
1402,40.802675585284284,70.11494252873563,96,355,45.05494505494506,488,1196,51.178451178451176,Texas St,273,65.94202898550725,41,297,87,61,152,414,27.04225352112676,91,29
1403,41.85068349106204,72.34726688102894,80,255,30.76923076923077,398,951,50.19556714471969,Texas Tech,259,73.1638418079096,60,767,311,225,385,354,31.372549019607842,195,32
1404,39.871611982881596,72.3076923076923,159,489,45.21739130434783,559,1402,50.85227272727273,TN Martin,349,71.95876288659794,52,352,130,94,179,485,32.515337423312886,115,29
1405,40.05102040816327,74.47108603667137,40,126,36.340852130325814,157,392,47.81732706514439,Toledo,82,66.12903225806451,145,1489,709,528,712,124,31.746031746031747,399,32
1406,40.48964218455744,72.97297297297297,46,176,40.285714285714285,215,531,46.850044365572316,Towson,153,61.94331983805668,141,1127,666,486,528,247,26.136363636363637,350,32
1407,38.769804287045666,71.484375,136,420,37.11340206185567,416,1073,45.45454545454545,Troy,272,62.8175519630485,72,495,256,183,225,433,32.38095238095238,194,29
1408,39.04382470119522,70.2439024390244,80,261,39.642857142857146,294,753,43.48355663824604,Tulane,260,68.24146981627297,111,821,410,288,357,381,30.65134099616858,280,32
1409,41.276595744680854,68.90034364261169,69,233,34.472934472934476,291,705,45.998240985048376,Tulsa,193,64.76510067114094,121,1137,582,401,523,298,29.613733905579398,351,33
1410,39.19222139117427,71.14427860696517,106,408,34.42622950819672,524,1337,47.03087885985748,UTRGV,272,63.55140186915888,42,421,201,143,198,428,25.980392156862745,122,31
1411,41.475826972010175,71.4859437751004,87,259,37.828947368421055,326,786,49.4204425711275,TX Southern,254,70.55555555555556,115,949,498,356,469,360,33.59073359073359,304,32
1412,39.23739237392374,66.42335766423358,56,227,34.81781376518219,319,813,43.0944963655244,UAB,211,64.52599388379205,86,963,411,273,415,327,24.669603524229075,247,29
1413,41.10032362459547,71.97452229299363,159,484,41.1764705882353,508,1236,49.30362116991643,UC Davis,296,67.7345537757437,63,359,157,113,177,437,32.85123966942149,153,29
1414,44.0625,65.6641604010025,69,196,36.10223642172524,282,640,47.931654676258994,UC Irvine,139,57.67634854771784,113,1112,399,262,533,241,35.204081632653065,313,32
1415,40.39621016365202,75.86206896551724,94,338,36.666666666666664,469,1161,48.25174825174825,UC Riverside,307,66.45021645021644,33,429,203,154,207,462,27.810650887573964,90,29
1416,39.59537572254335,63.13868613138686,107,368,38.32599118942731,411,1038,49.17293233082707,UCF,227,60.212201591511935,87,665,274,173,327,377,29.07608695652174,227,29
1417,39.66942148760331,75.52674230145867,50,161,42.38578680203046,192,484,51.95822454308094,UCLA,123,72.7810650887574,167,1532,617,466,796,169,31.055900621118013,394,34
1418,39.24418604651163,64.93738819320215,74,239,41.666666666666664,270,688,49.74226804123711,ULL,190,69.59706959706959,150,1164,559,363,579,273,30.96234309623431,360,31
1419,38.77995642701525,65.35087719298245,89,299,35.0,356,918,48.31683168316832,ULM,167,60.288808664259925,49,505,228,149,244,277,29.765886287625417,140,26
1420,38.56773080241587,71.02272727272727,117,397,33.75796178343949,447,1159,43.7219730941704,UMBC,305,64.61864406779661,53,446,176,125,195,472,29.47103274559194,157,29
1421,41.64785553047404,77.96610169491525,105,300,42.06008583690987,369,886,49.47643979057592,UNC Asheville,258,71.2707182320442,98,764,354,276,378,362,35.0,233,29
1422,40.702087286527515,71.83673469387755,79,279,42.42424242424242,429,1054,46.38157894736842,UNC Greensboro,256,66.84073107049609,70,608,245,176,282,383,28.315412186379927,165,29
1423,39.269406392694066,64.07185628742515,96,359,33.333333333333336,516,1314,42.92929292929293,UNC Wilmington,254,65.80310880829016,37,396,167,107,170,386,26.740947075208915,111,30
1424,38.87468030690537,65.66265060240964,70,242,35.714285714285715,304,782,47.195013357079254,UNLV,165,64.96062992125984,125,1123,498,327,530,254,28.925619834710744,350,33
1425,41.18616144975288,65.81818181818181,87,340,35.416666666666664,500,1214,49.81818181818182,USC,318,67.51592356687898,51,550,275,181,274,471,25.58823529411765,144,31
1426,42.288557213930346,69.55223880597015,132,386,34.7682119205298,425,1005,44.29160935350757,UT Arlington,287,72.1105527638191,105,727,335,233,322,398,34.196891191709845,302,30
1427,39.473684210526315,69.08212560386474,121,398,45.833333333333336,435,1102,51.186440677966104,UT San Antonio,361,70.37037037037037,44,295,207,143,151,513,30.402010050251256,96,27
1428,41.421143847487,74.32432432432432,56,197,37.53753753753754,239,577,50.87890625,Utah,138,73.01587301587301,125,1024,444,330,521,189,28.426395939086294,333,30
1429,41.07142857142857,75.6544502617801,84,246,47.03703703703704,322,784,48.42342342342342,Utah St,127,70.1657458563536,127,888,382,289,430,181,34.146341463414636,270,31
1430,40.316901408450704,76.72209026128266,67,219,35.51401869158879,229,568,44.48051948051948,Utah Valley,121,72.45508982035928,114,924,421,323,411,167,30.59360730593607,321,29
1431,42.9126213592233,68.4575389948007,40,145,35.55555555555556,221,515,48.499515972894486,UTEP,165,68.18181818181819,96,1033,577,395,501,242,27.586206896551722,270,31
1432,0.0,0.0,0,0,0.0,0,0,0.0,Utica,0,0.0,0,0,0,0,0,0,0.0,0,0
1433,36.74242424242424,68.0,48,168,36.75675675675676,194,528,43.543356207111664,VA Commonwealth,105,65.21739130434783,204,1603,600,408,698,161,28.571428571428573,555,34
1434,42.13917525773196,74.05660377358491,97,284,35.95505617977528,327,776,48.58681022880215,Valparaiso,204,72.08480565371025,96,743,424,314,361,283,34.15492957746479,267,30
1435,40.7185628742515,64.3979057591623,89,307,34.93150684931507,340,835,45.74049803407602,Vanderbilt,187,67.7536231884058,102,763,382,246,349,276,28.990228013029316,292,31
1436,42.144177449168204,76.35270541082164,54,172,43.7037037037037,228,541,48.99193548387097,Vermont,136,63.84976525821596,118,992,499,381,486,213,31.3953488372093,270,30
1437,40.27777777777778,71.21001390820584,35,101,36.285714285714285,87,216,46.70468948035488,Villanova,64,71.91011235955057,254,1578,719,512,737,89,34.65346534653465,700,32
1438,36.928104575163395,64.95726495726495,19,79,38.70967741935484,113,306,47.02172389628591,Virginia,107,71.81208053691275,168,1427,585,380,671,149,24.050632911392405,434,34
1439,37.82108060230292,71.22641509433963,139,418,42.69662921348315,427,1129,46.666666666666664,Virginia Tech,254,61.50121065375303,76,510,212,151,238,413,33.25358851674641,178,31
1440,38.49009900990099,68.43501326259947,91,340,35.294117647058826,311,808,46.32282712511939,VMI,168,70.2928870292887,138,1047,377,258,485,239,26.764705882352942,391,27
1441,39.178690344062154,74.06417112299465,99,322,39.333333333333336,353,901,45.32908704883227,W Carolina,209,68.75,118,942,374,277,427,304,30.74534161490683,300,31
1442,41.78154825026511,76.02739726027397,101,307,38.46153846153846,394,943,50.2906976744186,W Illinois,230,64.78873239436619,30,344,146,111,173,355,32.899022801302934,78,27
1443,37.19247467438495,68.27133479212254,101,302,33.51063829787234,257,691,43.516699410609036,WKU,154,59.45945945945946,126,1018,457,312,443,259,33.443708609271525,376,31
1444,40.30172413793103,73.34410339256866,49,184,36.141304347826086,187,464,49.32493249324933,W Michigan,131,66.83673469387755,133,1111,619,454,548,196,26.630434782608695,368,31
1445,0.0,0.0,0,0,0.0,0,0,0.0,W Salem St,0,0.0,0,0,0,0,0,0,0.0,0,0
1446,0.0,0.0,0,0,0.0,0,0,0.0,W Texas A&M,0,0.0,0,0,0,0,0,0,0.0,0,0
1447,38.962765957446805,73.12348668280872,52,195,38.25503355704698,293,752,44.08914728682171,Wagner,178,74.16666666666667,114,1032,413,302,455,240,26.666666666666668,298,30
1448,41.584158415841586,65.57377049180327,77,247,34.63035019455253,336,808,48.06866952789699,Wake Forest,246,64.22976501305483,89,932,488,320,448,383,31.17408906882591,257,33
1449,41.12458654906285,77.31481481481481,87,267,35.08771929824562,373,907,47.9253112033195,Washington,193,73.38403041825094,100,964,432,334,462,263,32.58426966292135,285,32
1450,38.02423112767941,62.5531914893617,162,485,30.927835051546392,408,1073,43.63636363636363,Washington St,237,67.90830945558739,60,495,235,147,216,349,33.402061855670105,194,30
1451,42.3758865248227,74.8283752860412,59,196,45.110410094637224,239,564,50.92478421701603,Weber St,180,72.0,143,811,437,327,413,250,30.102040816326532,317,28
1452,37.93859649122807,73.92344497607655,102,310,43.22766570605187,346,912,49.209486166007906,West Virginia,232,70.51671732522796,150,1012,418,309,498,329,32.903225806451616,347,32
1453,39.825581395348834,72.77882797731569,24,91,37.13235294117647,137,344,48.65568083261058,WI Green Bay,79,70.53571428571429,101,1153,529,385,561,112,26.373626373626372,272,27
1454,38.20224719101124,74.6641074856046,76,290,37.5886524822695,272,712,46.15384615384615,WI Milwaukee,195,70.65217391304348,159,1040,521,389,480,276,26.20689655172414,423,33
1455,0.0,72.86729857819905,0,0,34.715821812596005,0,0,45.714285714285715,Wichita St,0,0.0,226,1785,844,615,816,0,0.0,651,33
1456,41.15853658536585,71.80094786729858,91,281,45.736434108527135,270,656,51.9916142557652,William & Mary,143,63.839285714285715,177,954,422,303,496,224,32.38434163701068,387,31
1457,39.082058414464534,72.81553398058253,101,280,42.04204204204204,281,719,47.14131607335491,Winthrop,184,69.96197718631178,140,927,412,300,437,263,36.07142857142857,333,30
1458,42.06349206349206,75.2012882447665,43,140,39.010989010989015,159,378,46.81784930504755,Wisconsin,106,71.14093959731544,213,1367,621,467,640,149,30.714285714285715,546,33
1459,38.69969040247678,64.04833836858006,57,194,40.520446096654275,250,646,47.613882863340564,Wofford,141,70.5,109,922,331,212,439,200,29.38144329896907,269,29
1460,44.15760869565217,76.23318385650224,88,258,38.028169014084504,325,736,45.61611374407583,Wright St,171,68.95161290322581,108,844,446,340,385,248,34.10852713178294,284,32
1461,43.16860465116279,73.33333333333333,76,242,39.83050847457627,297,688,51.146131805157594,Wyoming,153,68.91891891891892,94,698,420,308,357,222,31.40495867768595,236,30
1462,43.446244477172314,69.64980544747081,63,217,40.520446096654275,295,679,49.37275985663082,Xavier,161,67.08333333333333,109,1116,514,358,551,240,29.032258064516128,269,33
1463,37.704918032786885,71.10091743119266,49,213,36.8421052631579,253,671,44.36519258202568,Yale,213,67.61904761904762,77,701,436,310,311,315,23.004694835680752,209,27
1464,44.12665985699694,71.69117647058823,127,378,36.328125,432,979,47.35202492211838,Youngstown St,280,74.46808510638297,93,642,272,195,304,376,33.597883597883595,256,29
