Id,Pred
2016_1112_1114,0.7199265778111359
2016_1112_1122,0.9330681285884126
2016_1112_1124,0.5728039003362488
2016_1112_1138,0.9096043882679536
2016_1112_1139,0.6133337110907779
2016_1112_1143,0.5643948536024368
2016_1112_1151,0.8016836565001397
2016_1112_1153,0.6212021438258895
2016_1112_1160,0.7032718920299008
2016_1112_1163,0.6033532727364768
2016_1112_1167,0.8507208405767238
2016_1112_1173,0.6748365663415488
2016_1112_1181,0.5131209822733148
2016_1112_1192,0.8714548813680811
2016_1112_1195,0.8714548813680811
2016_1112_1201,0.78530456744557
2016_1112_1211,0.5655051810024361
2016_1112_1214,0.8988022612474511
2016_1112_1218,0.7460444844207362
2016_1112_1221,0.9405384756900697
2016_1112_1231,0.4865055585709495
2016_1112_1233,0.7598939209896308
2016_1112_1234,0.5232276881942548
2016_1112_1235,0.5282986300568977
2016_1112_1242,0.322927036573211
2016_1112_1246,0.4509932601064024
2016_1112_1268,0.5444678320838721
2016_1112_1274,0.4910010078584015
2016_1112_1276,0.6622020411916114
2016_1112_1277,0.3607375986861363
2016_1112_1292,0.8189070527311592
2016_1112_1314,0.365763266687539
2016_1112_1320,0.7622271994201315
2016_1112_1323,0.6300599838971556
2016_1112_1328,0.4264674230610217
2016_1112_1332,0.4966250683417202
2016_1112_1333,0.7256116539330761
2016_1112_1338,0.6345337702719153
2016_1112_1344,0.6638735705230246
2016_1112_1345,0.4583147212491869
2016_1112_1355,0.7774852131469099
2016_1112_1371,0.5836924422310786
2016_1112_1372,0.6906806711098378
2016_1112_1380,0.9405384756900697
2016_1112_1386,0.6906782491437622
2016_1112_1392,0.7788236701140099
2016_1112_1393,0.650881815013582
2016_1112_1396,0.7751613638328733
2016_1112_1400,0.611452248919071
2016_1112_1401,0.5131209822733148
2016_1112_1403,0.6674711283797615
2016_1112_1409,0.6622020411916114
2016_1112_1421,0.8767540973580281
2016_1112_1423,0.7797869755058343
2016_1112_1425,0.6674711283797615
2016_1112_1428,0.5769128358607699
2016_1112_1433,0.6423234882165878
2016_1112_1435,0.5537470304404084
2016_1112_1437,0.3632350212171862
2016_1112_1438,0.3660604783705021
2016_1112_1451,0.8353850226374718
2016_1112_1452,0.4192067780950395
2016_1112_1453,0.8595312658421491
2016_1112_1455,0.5537470304404084
2016_1112_1458,0.6209977949967511
2016_1112_1462,0.5030374366473219
2016_1112_1463,0.7076746690637477
2016_1114_1122,0.820151910270413
2016_1114_1124,0.329784100666657
2016_1114_1138,0.7020822882056834
2016_1114_1139,0.3586827973429536
2016_1114_1143,0.3235463585332665
2016_1114_1151,0.6522937230144501
2016_1114_1153,0.36874320490942336
2016_1114_1160,0.4496657869081362
2016_1114_1163,0.3537307380693105
2016_1114_1167,0.6624811149168729
2016_1114_1173,0.4334064501173873
2016_1114_1181,0.2883729789682876
2016_1114_1192,0.8077492242377103
2016_1114_1195,0.8077492242377103
2016_1114_1201,0.6184291990557498
2016_1114_1211,0.3105413546532521
2016_1114_1214,0.8666993223211134
2016_1114_1218,0.5013499944380345
2016_1114_1221,0.8352619481950689
2016_1114_1231,0.2447380545801132
2016_1114_1233,0.5783383892595204
2016_1114_1234,0.2949475349414108
2016_1114_1235,0.24964905770705426
2016_1114_1242,0.18676007654882534
2016_1114_1246,0.21929848237470173
2016_1114_1268,0.3093193288901622
2016_1114_1274,0.27544348074784264
2016_1114_1276,0.41667343775307897
2016_1114_1277,0.16253006061802688
2016_1114_1292,0.6894586453467484
2016_1114_1314,0.16545809430995084
2016_1114_1320,0.5229227225224011
2016_1114_1323,0.3774153015046944
2016_1114_1328,0.2377589564156863
2016_1114_1332,0.2779798361442942
2016_1114_1333,0.475732372883131
2016_1114_1338,0.3826133181179937
2016_1114_1344,0.4188427049520221
2016_1114_1345,0.19106485506695114
2016_1114_1355,0.5443514518824193
2016_1114_1371,0.3279763237049935
2016_1114_1372,0.455532167916128
2016_1114_1380,0.8352619481950689
2016_1114_1386,0.435806497662389
2016_1114_1392,0.605473583085894
2016_1114_1393,0.402325942568562
2016_1114_1396,0.5410180916957636
2016_1114_1400,0.3604435688854081
2016_1114_1401,0.2883729789682876
2016_1114_1403,0.4235570036940073
2016_1114_1409,0.41667343775307897
2016_1114_1421,0.7101789711223303
2016_1114_1423,0.5476780814065313
2016_1114_1425,0.4235570036940073
2016_1114_1428,0.3213601580032573
2016_1114_1433,0.3875925952720898
2016_1114_1435,0.3113896907550084
2016_1114_1437,0.21349560466919207
2016_1114_1438,0.11390981527046685
2016_1114_1451,0.7261662979290444
2016_1114_1452,0.19817941561204733
2016_1114_1453,0.6783311159501317
2016_1114_1455,0.3113896907550084
2016_1114_1458,0.3671319548697956
2016_1114_1462,0.25735682214237543
2016_1114_1463,0.4546498303888762
2016_1122_1124,0.08183084057710256
2016_1122_1138,0.28595940089731897
2016_1122_1139,0.1348618771804292
2016_1122_1143,0.07991775234744403
2016_1122_1151,0.2522530892721927
2016_1122_1153,0.09415613260178106
2016_1122_1160,0.08571172892196001
2016_1122_1163,0.054935686600495186
2016_1122_1167,0.24549488992277385
2016_1122_1173,0.15720782306050896
2016_1122_1181,0.06937081803382576
2016_1122_1192,0.4079882177220231
2016_1122_1195,0.4079882177220231
2016_1122_1201,0.232386686000983
2016_1122_1211,0.12140164938250285
2016_1122_1214,0.5239314556314654
2016_1122_1218,0.1441994536291593
2016_1122_1221,0.5433543841702209
2016_1122_1231,0.10333132055149408
2016_1122_1233,0.20794936691971988
2016_1122_1234,0.07131484468339089
2016_1122_1235,0.11239927203120703
2016_1122_1242,0.006368515506815386
2016_1122_1246,0.0962387929448072
2016_1122_1268,0.07560594261831942
2016_1122_1274,0.06557805726800581
2016_1122_1276,0.15198433499464706
2016_1122_1277,0.07963912715429132
2016_1122_1292,0.2779798361442942
2016_1122_1314,0.0805344806446624
2016_1122_1320,0.1542165031880125
2016_1122_1323,0.14025400655544806
2016_1122_1328,0.054702310498974456
2016_1122_1332,0.06631912517693808
2016_1122_1333,0.13316120604876058
2016_1122_1338,0.1417710266563873
2016_1122_1344,0.15265304473714347
2016_1122_1345,0.09766453096573713
2016_1122_1355,0.1649375713570944
2016_1122_1371,0.12622613046438658
2016_1122_1372,0.16436917996591138
2016_1122_1380,0.5433543841702209
2016_1122_1386,0.11746913960550512
2016_1122_1392,0.2255075749269757
2016_1122_1393,0.14761967395665576
2016_1122_1396,0.16321430491381195
2016_1122_1400,0.0914698239081633
2016_1122_1401,0.06937081803382576
2016_1122_1403,0.1541147568635346
2016_1122_1409,0.15198433499464706
2016_1122_1421,0.295549111132698
2016_1122_1423,0.16667904402603462
2016_1122_1425,0.1541147568635346
2016_1122_1428,0.12439020660916197
2016_1122_1433,0.10039978526001797
2016_1122_1435,0.07622922348163952
2016_1122_1437,0.04779679035964923
2016_1122_1438,0.08058747837494606
2016_1122_1451,0.308803779920771
2016_1122_1452,0.09022202989657037
2016_1122_1453,0.26053083496242435
2016_1122_1455,0.07622922348163952
2016_1122_1458,0.13728027807389964
2016_1122_1462,0.10680956284339203
2016_1122_1463,0.12467026647914572
2016_1124_1138,0.8433354548033659
2016_1124_1139,0.5503342130918638
2016_1124_1143,0.4913761404350469
2016_1124_1151,0.7679915125133471
2016_1124_1153,0.5507657637122669
2016_1124_1160,0.6413172026570464
2016_1124_1163,0.5318175778703123
2016_1124_1167,0.8166102886006581
2016_1124_1173,0.618250207262276
2016_1124_1181,0.43203788834726603
2016_1124_1192,0.8521658826395568
2016_1124_1195,0.8521658826395568
2016_1124_1201,0.7481630146977359
2016_1124_1211,0.5
2016_1124_1214,0.8844003530757791
2016_1124_1218,0.6906782491437625
2016_1124_1221,0.9273579562202098
2016_1124_1231,0.4214683254179703
2016_1124_1233,0.7175809240298252
2016_1124_1234,0.44997409758514906
2016_1124_1235,0.4623215094608876
2016_1124_1242,0.2656238245471525
2016_1124_1246,0.3879016730782574
2016_1124_1268,0.4711677071407441
2016_1124_1274,0.4199289141753538
2016_1124_1276,0.6040092161885925
2016_1124_1277,0.3067497618903776
2016_1124_1292,0.7888793877774063
2016_1124_1314,0.3111301815548684
2016_1124_1320,0.7097120249527964
2016_1124_1323,0.5684507215539429
2016_1124_1328,0.3576765117834122
2016_1124_1332,0.4088197272712024
2016_1124_1333,0.6669212661370443
2016_1124_1338,0.5733415609667205
2016_1124_1344,0.6058848694035137
2016_1124_1345,0.3947397625505265
2016_1124_1355,0.7278247456553089
2016_1124_1371,0.5188847563028567
2016_1124_1372,0.6363123091086006
2016_1124_1380,0.9273579562202098
2016_1124_1386,0.6270596289489416
2016_1124_1392,0.7403378403771153
2016_1124_1393,0.5913749011251926
2016_1124_1396,0.7250560963221474
2016_1124_1400,0.540382404762058
2016_1124_1401,0.4400125642904753
2016_1124_1403,0.6099304890293826
2016_1124_1409,0.6040092161885925
2016_1124_1421,0.8486701466267401
2016_1124_1423,0.7595467308560857
2016_1124_1425,0.6099304890293826
2016_1124_1428,0.5118087756535872
2016_1124_1433,0.5735325769389783
2016_1124_1435,0.4741557440562303
2016_1124_1437,0.3148372964429413
2016_1124_1438,0.31138969075500844
2016_1124_1451,0.8088413015006042
2016_1124_1452,0.35868315704511944
2016_1124_1453,0.8274429482920242
2016_1124_1455,0.4741557440562303
2016_1124_1458,0.5586021695497055
2016_1124_1462,0.43744824171288577
2016_1124_1463,0.6654647149705533
2016_1138_1139,0.2159035510456201
2016_1138_1143,0.1529267278686025
2016_1138_1151,0.42049839462727534
2016_1138_1153,0.18071517534849751
2016_1138_1160,0.2358153203974305
2016_1138_1163,0.1712932094148677
2016_1138_1167,0.4440638189222957
2016_1138_1173,0.2566695315847
2016_1138_1181,0.13232751786448754
2016_1138_1192,0.6133337110907779
2016_1138_1195,0.6133337110907779
2016_1138_1201,0.3888298290648209
2016_1138_1211,0.1917550433828188
2016_1138_1214,0.7099369095161467
2016_1138_1218,0.2760577586241968
2016_1138_1221,0.7457842184727701
2016_1138_1231,0.16026128637171874
2016_1138_1233,0.34768654917997843
2016_1138_1234,0.13612181663417555
2016_1138_1235,0.17591029186743667
2016_1138_1242,0.07591692142161978
2016_1138_1246,0.14826418440975184
2016_1138_1268,0.1445022445233617
2016_1138_1274,0.07433457386104858
2016_1138_1276,0.247107700027964
2016_1138_1277,0.12106564238654892
2016_1138_1292,0.4589819083042364
2016_1138_1314,0.12250145543625846
2016_1138_1320,0.2943736910325812
2016_1138_1323,0.2256902571402347
2016_1138_1328,0.1037889278761381
2016_1138_1332,0.12637551773278305
2016_1138_1333,0.2555205431210526
2016_1138_1338,0.22845197058590336
2016_1138_1344,0.248331543531392
2016_1138_1345,0.15065800481557956
2016_1138_1355,0.31360556088717706
2016_1138_1371,0.20035537631578396
2016_1138_1372,0.26977063054608297
2016_1138_1380,0.7457842184727701
2016_1138_1386,0.2257743810748425
2016_1138_1392,0.3774814538767784
2016_1138_1393,0.2391248241051912
2016_1138_1396,0.3105413546532516
2016_1138_1400,0.17548065977022306
2016_1138_1401,0.13232751786448754
2016_1138_1403,0.2510071191364944
2016_1138_1409,0.247107700027964
2016_1138_1421,0.5123716322509497
2016_1138_1423,0.31669135347025923
2016_1138_1425,0.2510071191364944
2016_1138_1428,0.1970744882585389
2016_1138_1433,0.19285606578267625
2016_1138_1435,0.10836368006499277
2016_1138_1437,0.05590932363812351
2016_1138_1438,0.12258655248222627
2016_1138_1451,0.5013499944380341
2016_1138_1452,0.13826271249647526
2016_1138_1453,0.4655727761966789
2016_1138_1455,0.10836368006499277
2016_1138_1458,0.22028672128414395
2016_1138_1462,0.1662241381982097
2016_1138_1463,0.23949745673709344
2016_1139_1143,0.4420573452403953
2016_1139_1151,0.7646717940512957
2016_1139_1153,0.4952752384527298
2016_1139_1160,0.5801476470958804
2016_1139_1163,0.4780863278154871
2016_1139_1167,0.7561220323597304
2016_1139_1173,0.5786212014320283
2016_1139_1181,0.3975578269447414
2016_1139_1192,0.8724298563298565
2016_1139_1195,0.8724298563298565
2016_1139_1201,0.7392031749960949
2016_1139_1211,0.4440638189222957
2016_1139_1214,0.9455449104123406
2016_1139_1218,0.6282596374266347
2016_1139_1221,0.8756964070178103
2016_1139_1231,0.3603636069807482
2016_1139_1233,0.7003087946599552
2016_1139_1234,0.4060807413364869
2016_1139_1235,0.4033947521101546
2016_1139_1242,0.2556101309281528
2016_1139_1246,0.3257606748565891
2016_1139_1268,0.4243842635381414
2016_1139_1274,0.3805270277258383
2016_1139_1276,0.5618254459835971
2016_1139_1277,0.2444862311508256
2016_1139_1292,0.7916216828217282
2016_1139_1314,0.2487981963978563
2016_1139_1320,0.6471377280546072
2016_1139_1323,0.5206094196234743
2016_1139_1328,0.3289645198907432
2016_1139_1332,0.3838957873984322
2016_1139_1333,0.6049477012884341
2016_1139_1338,0.5262179014123023
2016_1139_1344,0.5640280728543879
2016_1139_1345,0.33275829309621685
2016_1139_1355,0.6652611579065872
2016_1139_1371,0.4648276158491301
2016_1139_1372,0.6001631320522962
2016_1139_1380,0.8756964070178103
2016_1139_1386,0.5664879197658037
2016_1139_1392,0.7292004979090376
2016_1139_1393,0.5470635496180647
2016_1139_1396,0.6624811149168726
2016_1139_1400,0.4858314343341053
2016_1139_1401,0.3975578269447414
2016_1139_1403,0.5779247161082277
2016_1139_1409,0.5618254459835971
2016_1139_1421,0.7897196927955528
2016_1139_1423,0.6680216586385777
2016_1139_1425,0.5687887597392796
2016_1139_1428,0.4570168942250021
2016_1139_1433,0.5161903973941566
2016_1139_1435,0.4269837561314868
2016_1139_1437,0.2944553861907915
2016_1139_1438,0.17946151940732702
2016_1139_1451,0.8173783763040913
2016_1139_1452,0.2961381628569597
2016_1139_1453,0.7674239397901494
2016_1139_1455,0.4269837561314868
2016_1139_1458,0.5093735354918604
2016_1139_1462,0.3770700748999121
2016_1139_1463,0.5849778502761027
2016_1143_1151,0.7722884368294543
2016_1143_1153,0.5592516137520005
2016_1143_1160,0.6489892446052099
2016_1143_1163,0.540382404762058
2016_1143_1167,0.8209839060497843
2016_1143_1173,0.6252455226576678
2016_1143_1181,0.4484946741770426
2016_1143_1192,0.8546084883703862
2016_1143_1195,0.8546084883703862
2016_1143_1201,0.7528922999720359
2016_1143_1211,0.5077614428272821
2016_1143_1214,0.8862087283431356
2016_1143_1218,0.7229456284220476
2016_1143_1221,0.9290493584916172
2016_1143_1231,0.4289378996606357
2016_1143_1233,0.722945332244505
2016_1143_1234,0.4585026389766183
2016_1143_1235,0.4700235796944701
2016_1143_1242,0.2300032304406463
2016_1143_1246,0.3950522987115659
2016_1143_1268,0.4770676049876345
2016_1143_1274,0.4282899026040048
2016_1143_1276,0.6111701709351791
2016_1143_1277,0.312690292957976
2016_1143_1292,0.7927107270340075
2016_1143_1314,0.3171503511160698
2016_1143_1320,0.7163283673131013
2016_1143_1323,0.5759401786578549
2016_1143_1328,0.3654331810824429
2016_1143_1332,0.432308402653064
2016_1143_1333,0.6742393251434109
2016_1143_1338,0.5807932219049605
2016_1143_1344,0.6130250971314828
2016_1143_1345,0.4019644986165197
2016_1143_1355,0.7634534908401356
2016_1143_1371,0.5266197546780489
2016_1143_1372,0.6430707621969937
2016_1143_1380,0.9290493584916172
2016_1143_1386,0.6349060432565998
2016_1143_1392,0.7452338424489584
2016_1143_1393,0.5986667115444686
2016_1143_1396,0.7313898041934465
2016_1143_1400,0.5489155586981406
2016_1143_1401,0.4484946741770426
2016_1143_1403,0.6170248791135015
2016_1143_1409,0.6111701709351791
2016_1143_1421,0.8522790813068921
2016_1143_1423,0.7367989544306713
2016_1143_1425,0.6170248791135015
2016_1143_1428,0.5195580655114502
2016_1143_1433,0.5818808540915488
2016_1143_1435,0.482759118175944
2016_1143_1437,0.32198627588787954
2016_1143_1438,0.3174145321743116
2016_1143_1451,0.8122251406897378
2016_1143_1452,0.3654662297280849
2016_1143_1453,0.8315611191910375
2016_1143_1455,0.482759118175944
2016_1143_1458,0.5661604382393879
2016_1143_1462,0.44502940588830064
2016_1143_1463,0.6539387400658092
2016_1151_1153,0.259447111231752
2016_1151_1160,0.3208672641347636
2016_1151_1163,0.2487410372651238
2016_1151_1167,0.5299764203055299
2016_1151_1173,0.29203360566001196
2016_1151_1181,0.20386619175287285
2016_1151_1192,0.7026810543421464
2016_1151_1195,0.7026810543421464
2016_1151_1201,0.4625934076042911
2016_1151_1211,0.20131440467566092
2016_1151_1214,0.7920563924083638
2016_1151_1218,0.3642798340379195
2016_1151_1221,0.7706184587943199
2016_1151_1231,0.11996524418747345
2016_1151_1233,0.4119881944002712
2016_1151_1234,0.2082803916864303
2016_1151_1235,0.1790160939502157
2016_1151_1242,0.1364034996604597
2016_1151_1246,0.10325246084012517
2016_1151_1268,0.21799404879074802
2016_1151_1274,0.19522997629907066
2016_1151_1276,0.2788583632560937
2016_1151_1277,0.1043291082234886
2016_1151_1292,0.5437255983767143
2016_1151_1314,0.05768514459342133
2016_1151_1320,0.3835887400860234
2016_1151_1323,0.2490538928091504
2016_1151_1328,0.17027149609236608
2016_1151_1332,0.19691994409337488
2016_1151_1333,0.34228939965437005
2016_1151_1338,0.2529167389339383
2016_1151_1344,0.2805496611535795
2016_1151_1345,0.14389730954762298
2016_1151_1355,0.4035449421382173
2016_1151_1371,0.2134392709799144
2016_1151_1372,0.309931117373649
2016_1151_1380,0.7706184587943199
2016_1151_1386,0.3098356948739999
2016_1151_1392,0.4420609112861056
2016_1151_1393,0.2677929828670078
2016_1151_1396,0.4003875186488137
2016_1151_1400,0.2535060947007944
2016_1151_1401,0.20386619175287285
2016_1151_1403,0.2842422150137213
2016_1151_1409,0.2788583632560937
2016_1151_1421,0.5900995736307244
2016_1151_1423,0.4067160359129494
2016_1151_1425,0.2842422150137214
2016_1151_1428,0.20881388322952754
2016_1151_1433,0.2731591035798385
2016_1151_1435,0.2194014622639706
2016_1151_1437,0.15422792999734555
2016_1151_1438,0.10629802408793293
2016_1151_1451,0.5898082510184289
2016_1151_1452,0.12703776891839347
2016_1151_1453,0.5493387205132452
2016_1151_1455,0.2194014622639706
2016_1151_1458,0.2414820757197669
2016_1151_1462,0.16545809430995062
2016_1151_1463,0.3248934214075358
2016_1153_1160,0.5941066303653113
2016_1153_1163,0.4808874241831966
2016_1153_1167,0.7885546820106791
2016_1153_1173,0.5752911834087048
2016_1153_1181,0.3910043085963781
2016_1153_1192,0.8366093434647202
2016_1153_1195,0.8366093434647202
2016_1153_1201,0.7180516941149626
2016_1153_1211,0.4543170613716907
2016_1153_1214,0.8729769638895002
2016_1153_1218,0.647329852079721
2016_1153_1221,0.9500572170881744
2016_1153_1231,0.378697727883469
2016_1153_1233,0.6836409776172306
2016_1153_1234,0.4005473386492219
2016_1153_1235,0.4175949054654553
2016_1153_1242,0.2309846607439903
2016_1153_1246,0.347400785451373
2016_1153_1268,0.4210161568786477
2016_1153_1274,0.3719117421032816
2016_1153_1276,0.5602494128074909
2016_1153_1277,0.2738422799446687
2016_1153_1292,0.7643689078938203
2016_1153_1314,0.2777482376707934
2016_1153_1320,0.6682018022943901
2016_1153_1323,0.5232590028225786
2016_1153_1328,0.3139131713649599
2016_1153_1332,0.3358150695976668
2016_1153_1333,0.6215480290029348
2016_1153_1338,0.5282986300568981
2016_1153_1344,0.5622231279035839
2016_1153_1345,0.35373073806931066
2016_1153_1355,0.6882355632067103
2016_1153_1371,0.4730443864820536
2016_1153_1372,0.5945540183255169
2016_1153_1380,0.9500572170881744
2016_1153_1386,0.5894602674814711
2016_1153_1392,0.7092094902690635
2016_1153_1393,0.5470133172929812
2016_1153_1396,0.6851627035570587
2016_1153_1400,0.4895020574085769
2016_1153_1401,0.3910043085963781
2016_1153_1403,0.5664879197658037
2016_1153_1409,0.5602494128074909
2016_1153_1421,0.8254381982015269
2016_1153_1423,0.6912867437425594
2016_1153_1425,0.5664879197658037
2016_1153_1428,0.4660016888610709
2016_1153_1433,0.5232276881942552
2016_1153_1435,0.4239204259221443
2016_1153_1437,0.2749439036778527
2016_1153_1438,0.2779798361442942
2016_1153_1451,0.7871863089799839
2016_1153_1452,0.3206004597712664
2016_1153_1453,0.8009891830241622
2016_1153_1455,0.4239204259221443
2016_1153_1458,0.5131573478295738
2016_1153_1462,0.3938030354866661
2016_1153_1463,0.5994526613507781
2016_1160_1163,0.3730557837136363
2016_1160_1167,0.7250560963221477
2016_1160_1173,0.4902146188694684
2016_1160_1181,0.30719584184944354
2016_1160_1192,0.8013716586421342
2016_1160_1195,0.8013716586421342
2016_1160_1201,0.6514550320282835
2016_1160_1211,0.3729439886640053
2016_1160_1214,0.8475702718923799
2016_1160_1218,0.5574105500448411
2016_1160_1221,0.8912430822987852
2016_1160_1231,0.307005798101432
2016_1160_1233,0.6102406378798342
2016_1160_1234,0.3154544562612398
2016_1160_1235,0.3403183279142121
2016_1160_1242,0.10192649525878317
2016_1160_1246,0.28100922526812633
2016_1160_1268,0.3333993787463161
2016_1160_1274,0.2908689520999804
2016_1160_1276,0.4747240842370035
2016_1160_1277,0.22207030646561232
2016_1160_1292,0.7089666056803101
2016_1160_1314,0.22514274494788933
2016_1160_1320,0.5807953409243478
2016_1160_1323,0.43777687209641614
2016_1160_1328,0.2427298325449881
2016_1160_1332,0.29408039560617383
2016_1160_1333,0.5292056097583556
2016_1160_1338,0.4427172073289374
2016_1160_1344,0.4767409971774214
2016_1160_1345,0.28621478376215714
2016_1160_1355,0.6037070196058778
2016_1160_1371,0.3900695109706175
2016_1160_1372,0.5104599119348523
2016_1160_1380,0.8912430822987852
2016_1160_1386,0.4842569412606214
2016_1160_1392,0.6407307580321965
2016_1160_1393,0.4613190031413238
2016_1160_1396,0.6001631320522961
2016_1160_1400,0.3959393776971021
2016_1160_1401,0.30719584184944354
2016_1160_1403,0.4811152436971433
2016_1160_1409,0.4747240842370035
2016_1160_1421,0.772107188442769
2016_1160_1423,0.6072364906922245
2016_1160_1425,0.4811152436971433
2016_1160_1428,0.3835887400860234
2016_1160_1433,0.4282899026040049
2016_1160_1435,0.3359718590798376
2016_1160_1437,0.2114453179893212
2016_1160_1438,0.2253250709105068
2016_1160_1451,0.7379591683235285
2016_1160_1452,0.2592322615480909
2016_1160_1453,0.7407956788548729
2016_1160_1455,0.3359718590798376
2016_1160_1458,0.4279603502912861
2016_1160_1462,0.3198012547471661
2016_1160_1463,0.5056246836198515
2016_1163_1167,0.7995261948484633
2016_1163_1173,0.5916934072376325
2016_1163_1181,0.4091154055628525
2016_1163_1192,0.8426761112089824
2016_1163_1195,0.8426761112089824
2016_1163_1201,0.7297802082312901
2016_1163_1211,0.4713657230537429
2016_1163_1214,0.8774134475177738
2016_1163_1218,0.6640281409201629
2016_1163_1221,0.9207367618082272
2016_1163_1231,0.394427373064809
2016_1163_1233,0.6968132323601932
2016_1163_1234,0.4188427049520221
2016_1163_1235,0.43416714149745816
2016_1163_1242,0.1730734221227802
2016_1163_1246,0.36221042466004416
2016_1163_1268,0.4396447846871161
2016_1163_1274,0.389599650898066
2016_1163_1276,0.5769128358607704
2016_1163_1277,0.28573744560424497
2016_1163_1292,0.7739438432720294
2016_1163_1314,0.2898210288776699
2016_1163_1320,0.6842366413863198
2016_1163_1323,0.5403506549868627
2016_1163_1328,0.3298835476447657
2016_1163_1332,0.3934682303668324
2016_1163_1333,0.6389627928761501
2016_1163_1338,0.5453501696111243
2016_1163_1344,0.5788551000517669
2016_1163_1345,0.3687432049094233
2016_1163_1355,0.7035669762095429
2016_1163_1371,0.4902146188694684
2016_1163_1372,0.6105506346984317
2016_1163_1380,0.9207367618082272
2016_1163_1386,0.5973179239888522
2016_1163_1392,0.7213241423071145
2016_1163_1393,0.5638653427535122
2016_1163_1396,0.7006061055208033
2016_1163_1400,0.5086238595649532
2016_1163_1401,0.4091154055628525
2016_1163_1403,0.5830490092194667
2016_1163_1409,0.5769128358607704
2016_1163_1421,0.8345419056900494
2016_1163_1423,0.7065055230617712
2016_1163_1425,0.5830490092194667
2016_1163_1428,0.4831358528204098
2016_1163_1433,0.5422403585607667
2016_1163_1435,0.44258944995515936
2016_1163_1437,0.28941819850461625
2016_1163_1438,0.2900630904838533
2016_1163_1451,0.7956491282726778
2016_1163_1452,0.33446191035369155
2016_1163_1453,0.8113425214714789
2016_1163_1455,0.44258944995515936
2016_1163_1458,0.5303118425639133
2016_1163_1462,0.4099004263692756
2016_1163_1463,0.6173866818820068
2016_1167_1173,0.29079050973093645
2016_1167_1181,0.15486551082982414
2016_1167_1192,0.6577106003456296
2016_1167_1195,0.6577106003456296
2016_1167_1201,0.4367912611588837
2016_1167_1211,0.2159035510456201
2016_1167_1214,0.7439667005808321
2016_1167_1218,0.32042256872049896
2016_1167_1221,0.7822935192378004
2016_1167_1231,0.17943555885625728
2016_1167_1233,0.3925561354206659
2016_1167_1234,0.15931902254727806
2016_1167_1235,0.19753903617619686
2016_1167_1242,0.08858824571751568
2016_1167_1246,0.1656028664610063
2016_1167_1268,0.16914799273305126
2016_1167_1274,0.1461792127551249
2016_1167_1276,0.27983998325849346
2016_1167_1277,0.13447985047168975
2016_1167_1292,0.5094480928105101
2016_1167_1314,0.13611278683187944
2016_1167_1320,0.3408300219027773
2016_1167_1323,0.25518775056533605
2016_1167_1328,0.060539656624069675
2016_1167_1332,0.14787599607931834
2016_1167_1333,0.27141547881529626
2016_1167_1338,0.2583748480963599
2016_1167_1344,0.28124368806367106
2016_1167_1345,0.1683588258789276
2016_1167_1355,0.3620489670158954
2016_1167_1371,0.22587311769304164
2016_1167_1372,0.30572766459796674
2016_1167_1380,0.7822935192378004
2016_1167_1386,0.2634693267941661
2016_1167_1392,0.4247088165912951
2016_1167_1393,0.2706697629026205
2016_1167_1396,0.3586827973429532
2016_1167_1400,0.2053532820938333
2016_1167_1401,0.1348434389117703
2016_1167_1403,0.28431036080858674
2016_1167_1409,0.27983998325849346
2016_1167_1421,0.5680574171484407
2016_1167_1423,0.3654331810824424
2016_1167_1425,0.28431036080858674
2016_1167_1428,0.22207030646561202
2016_1167_1433,0.19233222818723691
2016_1167_1435,0.1705751470248985
2016_1167_1437,0.1056374721182769
2016_1167_1438,0.13620960556691786
2016_1167_1451,0.5516604703629568
2016_1167_1452,0.1541147568635346
2016_1167_1453,0.5217317307822814
2016_1167_1455,0.1705751470248985
2016_1167_1458,0.24894607448776476
2016_1167_1462,0.186327298584962
2016_1167_1463,0.279139677127649
2016_1173_1181,0.3347388420934127
2016_1173_1192,0.8406809774527217
2016_1173_1195,0.8406809774527217
2016_1173_1201,0.6777003482122859
2016_1173_1211,0.3684941366322558
2016_1173_1214,0.8894178146668472
2016_1173_1218,0.561236681786796
2016_1173_1221,0.8555504518882713
2016_1173_1231,0.29349447693822883
2016_1173_1233,0.6325277622562482
2016_1173_1234,0.34228939965437005
2016_1173_1235,0.3314785756099459
2016_1173_1242,0.21503976101505368
2016_1173_1246,0.26373783713808296
2016_1173_1268,0.35868315704511944
2016_1173_1274,0.3198012547471661
2016_1173_1276,0.4827591181759434
2016_1173_1277,0.1326875940729133
2016_1173_1292,0.7705416075465794
2016_1173_1314,0.19963655773710687
2016_1173_1320,0.5820829575817074
2016_1173_1323,0.44148455512874185
2016_1173_1328,0.2756730385142968
2016_1173_1332,0.3227405231218363
2016_1173_1333,0.5360065039215942
2016_1173_1338,0.44701646430000064
2016_1173_1344,0.4850059964822262
2016_1173_1345,0.26970301806604546
2016_1173_1355,0.6024421730552586
2016_1173_1371,0.3878472492678804
2016_1173_1372,0.5224797766919906
2016_1173_1380,0.8555504518882713
2016_1173_1386,0.4956126909205904
2016_1173_1392,0.6659587200284631
2016_1173_1393,0.4635210026100642
2016_1173_1396,0.5992973646226708
2016_1173_1400,0.4156646096735768
2016_1173_1401,0.3347388420934127
2016_1173_1403,0.4898768447881482
2016_1173_1409,0.4827591181759434
2016_1173_1421,0.7502318383536157
2016_1173_1423,0.605572626935191
2016_1173_1425,0.4898768447881481
2016_1173_1428,0.372614198369661
2016_1173_1433,0.44502940588830064
2016_1173_1435,0.3610318072591464
2016_1173_1437,0.2469044012662168
2016_1173_1438,0.19984555578606897
2016_1173_1451,0.7721071884427688
2016_1173_1452,0.2387569613460161
2016_1173_1453,0.722945332244505
2016_1173_1455,0.3610318072591464
2016_1173_1458,0.4304802969905521
2016_1173_1462,0.30810563471771524
2016_1173_1463,0.5148426024997725
2016_1181_1192,0.8682502167482401
2016_1181_1195,0.8682502167482401
2016_1181_1201,0.7791800366839408
2016_1181_1211,0.553978403127534
2016_1181_1214,0.896389661751575
2016_1181_1218,0.7367989544306714
2016_1181_1221,0.9383795125796472
2016_1181_1231,0.4747240842370035
2016_1181_1233,0.7528922999720357
2016_1181_1234,0.5101231552118514
2016_1181_1235,0.5165272850227414
2016_1181_1242,0.31207074970332394
2016_1181_1246,0.4394214068661044
2016_1181_1268,0.5314445773602445
2016_1181_1274,0.4793905803765257
2016_1181_1276,0.6523134508200211
2016_1181_1277,0.35055449893121016
2016_1181_1292,0.813960513500467
2016_1181_1314,0.3554726322453434
2016_1181_1320,0.7534928094785995
2016_1181_1323,0.6194729722741616
2016_1181_1328,0.41378776543147744
2016_1181_1332,0.4802107258906749
2016_1181_1333,0.7157577849862783
2016_1181_1338,0.6240351894766918
2016_1181_1344,0.6540252059710394
2016_1181_1345,0.4466834643865698
2016_1181_1355,0.7692545154664577
2016_1181_1371,0.5723652878075022
2016_1181_1372,0.6815267215807916
2016_1181_1380,0.9383795125796472
2016_1181_1386,0.6798895369674738
2016_1181_1392,0.7724730885885454
2016_1181_1393,0.6407307580321965
2016_1181_1396,0.7668526651199625
2016_1181_1400,0.5990972171028243
2016_1181_1401,0.5
2016_1181_1403,0.6577106003456296
2016_1181_1409,0.6523134508200211
2016_1181_1421,0.872162807727987
2016_1181_1423,0.8045981626832762
2016_1181_1425,0.6577106003456296
2016_1181_1428,0.5655051810024361
2016_1181_1433,0.6304823961057593
2016_1181_1435,0.5344272238033211
2016_1181_1437,0.3671319548697956
2016_1181_1438,0.3557635887354842
2016_1181_1451,0.8310066771119435
2016_1181_1452,0.4079882177220231
2016_1181_1453,0.8542800984746557
2016_1181_1455,0.5344272238033211
2016_1181_1458,0.6102406378798342
2016_1181_1462,0.4912265270662322
2016_1181_1463,0.7226115053067812
2016_1192_1195,0.355
2016_1192_1201,0.26888305801257856
2016_1192_1211,0.10909676155256297
2016_1192_1214,0.6270596289489416
2016_1192_1218,0.22459683395107408
2016_1192_1221,0.6279589846019982
2016_1192_1231,0.08544771358702663
2016_1192_1233,0.23338875430252964
2016_1192_1234,0.13428933944511068
2016_1192_1235,0.09712533312183533
2016_1192_1242,0.09142784918751964
2016_1192_1246,0.0766214709452282
2016_1192_1268,0.13985289912504392
2016_1192_1274,0.12675672154555914
2016_1192_1276,0.1518071338846496
2016_1192_1277,0.057205327905822626
2016_1192_1292,0.3333993787463161
2016_1192_1314,0.0130994374585075
2016_1192_1320,0.23659550861070303
2016_1192_1323,0.13512751558624858
2016_1192_1328,0.11209266369864436
2016_1192_1332,0.12773655223748948
2016_1192_1333,0.2112891705975252
2016_1192_1338,0.13726734931931794
2016_1192_1344,0.11548756194648102
2016_1192_1345,0.07837233033942825
2016_1192_1355,0.2493567301947183
2016_1192_1371,0.1156465275055077
2016_1192_1372,0.16968177747030702
2016_1192_1380,0.6279589846019982
2016_1192_1386,0.19220384498644094
2016_1192_1392,0.25893970560757684
2016_1192_1393,0.14556712456399454
2016_1192_1396,0.2473111915036504
2016_1192_1400,0.16002373980223986
2016_1192_1401,0.13174978325175993
2016_1192_1403,0.15486551082982414
2016_1192_1409,0.1518071338846496
2016_1192_1421,0.3969305765819915
2016_1192_1423,0.2514216622033135
2016_1192_1425,0.11762408583807192
2016_1192_1428,0.11314390111766535
2016_1192_1433,0.17117356222385338
2016_1192_1435,0.14065655225796697
2016_1192_1437,0.10243041852945088
2016_1192_1438,0.05826288489767621
2016_1192_1451,0.37534643233343656
2016_1192_1452,0.06937081803382572
2016_1192_1453,0.35897610944134906
2016_1192_1455,0.14065655225796697
2016_1192_1458,0.1309499362171932
2016_1192_1462,0.08987776172925976
2016_1192_1463,0.2009880506107934
2016_1195_1201,0.26888305801257856
2016_1195_1211,0.10909676155256297
2016_1195_1214,0.6270596289489416
2016_1195_1218,0.22459683395107408
2016_1195_1221,0.6292581193225737
2016_1195_1231,0.08544771358702663
2016_1195_1233,0.23338875430252964
2016_1195_1234,0.13428933944511068
2016_1195_1235,0.09712533312183533
2016_1195_1242,0.09142784918751964
2016_1195_1246,0.0766214709452282
2016_1195_1268,0.13985289912504392
2016_1195_1274,0.12675672154555914
2016_1195_1276,0.14
2016_1195_1277,0.057205327905822626
2016_1195_1292,0.3333993787463161
2016_1195_1314,0.0130994374585075
2016_1195_1320,0.23659550861070303
2016_1195_1323,0.13512751558624858
2016_1195_1328,0.11209266369864436
2016_1195_1332,0.12773655223748948
2016_1195_1333,0.2112891705975252
2016_1195_1338,0.13726734931931794
2016_1195_1344,0.11548756194648102
2016_1195_1345,0.07837233033942825
2016_1195_1355,0.2493567301947183
2016_1195_1371,0.1156465275055077
2016_1195_1372,0.16968177747030702
2016_1195_1380,0.6292581193225737
2016_1195_1386,0.19220384498644094
2016_1195_1392,0.25893970560757684
2016_1195_1393,0.14556712456399454
2016_1195_1396,0.2473111915036504
2016_1195_1400,0.16002373980223986
2016_1195_1401,0.13174978325175993
2016_1195_1403,0.15486551082982414
2016_1195_1409,0.16906608435266746
2016_1195_1421,0.3969305765819915
2016_1195_1423,0.2514216622033135
2016_1195_1425,0.11762408583807192
2016_1195_1428,0.11314390111766535
2016_1195_1433,0.17117356222385338
2016_1195_1435,0.14677630593750182
2016_1195_1437,0.10243041852945088
2016_1195_1438,0.05826288489767621
2016_1195_1451,0.37534643233343656
2016_1195_1452,0.06937081803382572
2016_1195_1453,0.35897610944134906
2016_1195_1455,0.14065655225796697
2016_1195_1458,0.1309499362171932
2016_1195_1462,0.08987776172925976
2016_1195_1463,0.2009880506107934
2016_1201_1211,0.1900558700245976
2016_1201_1214,0.8127222330147358
2016_1201_1218,0.39473976255052656
2016_1201_1221,0.7883732140542691
2016_1201_1231,0.17456180179847314
2016_1201_1233,0.448494674177042
2016_1201_1234,0.2256902571402348
2016_1201_1235,0.1988026540790884
2016_1201_1242,0.14655331989972764
2016_1201_1246,0.15617181713269446
2016_1201_1268,0.2364022533087273
2016_1201_1274,0.2112891705975252
2016_1201_1276,0.30810563471771524
2016_1201_1277,0.07905767672414132
2016_1201_1292,0.5804332710262241
2016_1201_1314,0.11783721354631373
2016_1201_1320,0.4150221497238973
2016_1201_1323,0.2757789525131805
2016_1201_1328,0.1837571834459504
2016_1201_1332,0.2131543121859262
2016_1201_1333,0.3714398793282371
2016_1201_1338,0.27998498480735035
2016_1201_1344,0.309931117373649
2016_1201_1345,0.15982175680750466
2016_1201_1355,0.435806497662389
2016_1201_1371,0.2045812393472215
2016_1201_1372,0.34148116907187864
2016_1201_1380,0.7883732140542691
2016_1201_1386,0.3366828285330017
2016_1201_1392,0.4861297463363414
2016_1201_1393,0.2961381628569597
2016_1201_1396,0.4325302293785143
2016_1201_1400,0.2754434807478423
2016_1201_1401,0.2208199633160593
2016_1201_1403,0.3139131713649592
2016_1201_1409,0.30810563471771524
2016_1201_1421,0.621302272116531
2016_1201_1423,0.4390923170536067
2016_1201_1425,0.3139131713649592
2016_1201_1428,0.18462618902122366
2016_1201_1433,0.2969243610101452
2016_1201_1435,0.2379535182510483
2016_1201_1437,0.16609964635768906
2016_1201_1438,0.11796016973003255
2016_1201_1451,0.6249977955764916
2016_1201_1452,0.14105895924156153
2016_1201_1453,0.5820829575817074
2016_1201_1455,0.2379535182510483
2016_1201_1458,0.2675210364993543
2016_1201_1462,0.18377494037303446
2016_1201_1463,0.3528622719453928
2016_1211_1214,0.923927093326356
2016_1211_1218,0.6713082776495091
2016_1211_1221,0.8879073363013557
2016_1211_1231,0.4127076509226426
2016_1211_1233,0.7423799364785562
2016_1211_1234,0.4549826681763237
2016_1211_1235,0.4581311091858994
2016_1211_1242,0.2895791729926764
2016_1211_1246,0.37534643233343656
2016_1211_1268,0.4740520850871562
2016_1211_1274,0.42796035029128615
2016_1211_1276,0.6156459655469139
2016_1211_1277,0.2575034121974267
2016_1211_1292,0.8219210370149471
2016_1211_1314,0.28970789870510805
2016_1211_1320,0.6883505962204441
2016_1211_1323,0.5760795740778557
2016_1211_1328,0.3720410153980018
2016_1211_1332,0.43154927844605706
2016_1211_1333,0.6500205865096887
2016_1211_1338,0.5815191329268647
2016_1211_1344,0.6177343477477046
2016_1211_1345,0.3829611436224656
2016_1211_1355,0.7045594931529637
2016_1211_1371,0.5237803670605853
2016_1211_1372,0.6516343629839202
2016_1211_1380,0.8879073363013557
2016_1211_1386,0.6142586201909046
2016_1211_1392,0.7678160969752456
2016_1211_1393,0.6015823903859111
2016_1211_1396,0.7020822882056831
2016_1211_1400,0.5363410131995094
2016_1211_1401,0.446021596872466
2016_1211_1403,0.6222393067020758
2016_1211_1409,0.6156459655469139
2016_1211_1421,0.8130953808898499
2016_1211_1423,0.7070161208879093
2016_1211_1425,0.6222393067020758
2016_1211_1428,0.5157446000733582
2016_1211_1433,0.5661604382393879
2016_1211_1435,0.4767409971774214
2016_1211_1437,0.3336322890836605
2016_1211_1438,0.2899978242462832
2016_1211_1451,0.8439920777561895
2016_1211_1452,0.3427858372130281
2016_1211_1453,0.7938596431361289
2016_1211_1455,0.4767409971774214
2016_1211_1458,0.5651281330772044
2016_1211_1462,0.4304802969905521
2016_1211_1463,0.6315555680272579
2016_1214_1218,0.17091520821787928
2016_1214_1221,0.5151795868461715
2016_1214_1231,0.059765123538569886
2016_1214_1233,0.16201876631495926
2016_1214_1234,0.10551643606034604
2016_1214_1235,0.06782727241528462
2016_1214_1242,0.07265015585090888
2016_1214_1246,0.053656442516145215
2016_1214_1268,0.10967474340481
2016_1214_1274,0.09984778259451202
2016_1214_1276,0.1054182352984976
2016_1214_1277,0.0401650881311062
2016_1214_1292,0.2348419926690798
2016_1214_1314,0.04086065130807137
2016_1214_1320,0.1794355588562575
2016_1214_1323,0.09396156584658133
2016_1214_1328,0.0886803585801682
2016_1214_1332,0.1005877186359845
2016_1214_1333,0.16145577767637306
2016_1214_1338,0.09543104964226767
2016_1214_1344,0.10607736547022427
2016_1214_1345,0.05486934741128868
2016_1214_1355,0.188503985196778
2016_1214_1371,0.08057786475324002
2016_1214_1372,0.11771438989241025
2016_1214_1380,0.5151795868461715
2016_1214_1386,0.1478341173604431
2016_1214_1392,0.18014706051826124
2016_1214_1393,0.10113121849380936
2016_1214_1396,0.18704930354880786
2016_1214_1400,0.12456365345888812
2016_1214_1401,0.10361033824842504
2016_1214_1403,0.0713276263627014
2016_1214_1409,0.1054182352984976
2016_1214_1421,0.29816656372220657
2016_1214_1423,0.1899730248051693
2016_1214_1425,0.10752018349993464
2016_1214_1428,0.07885698746699621
2016_1214_1433,0.13268339145103408
2016_1214_1435,0.1102734606946158
2016_1214_1437,0.08122633622312944
2016_1214_1438,0.0065742422953491975
2016_1214_1451,0.2672493191288651
2016_1214_1452,0.04862727420869062
2016_1214_1453,0.2686512674339279
2016_1214_1455,0.1102734606946158
2016_1214_1458,0.09109260759344497
2016_1214_1462,0.0628260957340534
2016_1214_1463,0.15411475686353493
2016_1218_1221,0.8722964039226265
2016_1218_1231,0.2699951099506199
2016_1218_1233,0.5609076829463928
2016_1218_1234,0.2705250378667041
2016_1218_1235,0.2994139080389544
2016_1218_1242,0.09877044156074156
2016_1218_1246,0.24731119150365036
2016_1218_1268,0.2594141806418363
2016_1218_1274,0.2487981963978563
2016_1218_1276,0.4237354904279156
2016_1218_1277,0.19645722482987404
2016_1218_1292,0.6691203570601082
2016_1218_1314,0.19909749376521324
2016_1218_1320,0.5239754608501714
2016_1218_1323,0.38852029029664936
2016_1218_1328,0.20686057439052244
2016_1218_1332,0.2516234123154817
2016_1218_1333,0.4715410670399903
2016_1218_1338,0.3931792887021239
2016_1218_1344,0.4256831366357901
2016_1218_1345,0.25183698530226395
2016_1218_1355,0.5541666233892432
2016_1218_1371,0.3442698477770161
2016_1218_1372,0.4586482833239732
2016_1218_1380,0.8722964039226265
2016_1218_1386,0.4271960996637506
2016_1218_1392,0.5936016780512934
2016_1218_1393,0.4108582793840861
2016_1218_1396,0.5440967478594515
2016_1218_1400,0.3434393541557145
2016_1218_1401,0.2632010455693286
2016_1218_1403,0.4299163925033447
2016_1218_1409,0.4237354904279156
2016_1218_1421,0.7330221692309833
2016_1218_1423,0.5515053258229574
2016_1218_1425,0.4299163925033447
2016_1218_1428,0.3383566876863038
2016_1218_1433,0.3736269733293723
2016_1218_1435,0.2888394744448868
2016_1218_1437,0.1799580792692117
2016_1218_1438,0.1992541866921672
2016_1218_1451,0.7020822882056832
2016_1218_1452,0.22845197058590336
2016_1218_1453,0.6973234911619721
2016_1218_1455,0.2888394744448868
2016_1218_1458,0.37930684498890055
2016_1218_1462,0.28124368806367106
2016_1218_1463,0.4481250066289932
2016_1221_1231,0.09559842410185747
2016_1221_1233,0.18982547031638708
2016_1221_1234,0.06334095731690259
2016_1221_1235,0.10389021759284932
2016_1221_1242,0.03580122424875731
2016_1221_1246,0.08909258137744057
2016_1221_1268,0.06713741474136659
2016_1221_1274,0.058262884897676274
2016_1221_1276,0.1411969045235999
2016_1221_1277,0.07380142210612406
2016_1221_1292,0.25246143434418
2016_1221_1314,0.07462829678271833
2016_1221_1320,0.13655023893846566
2016_1221_1323,0.1291783353543885
2016_1221_1328,0.04862727420869062
2016_1221_1332,0.013413358968578648
2016_1221_1333,0.11796016973003255
2016_1221_1338,0.1305481517008006
2016_1221_1344,0.14035450786855075
2016_1221_1345,0.09040178800744457
2016_1221_1355,0.1460259454624584
2016_1221_1371,0.11647654308699518
2016_1221_1372,0.1508780396998528
2016_1221_1380,0.45
2016_1221_1386,0.06818487546091777
2016_1221_1392,0.20548738678513045
2016_1221_1393,0.1358228426249355
2016_1221_1396,0.1445022445233617
2016_1221_1400,0.08116009508154409
2016_1221_1401,0.06162048742035275
2016_1221_1403,0.14166925526158824
2016_1221_1409,0.13975284617546035
2016_1221_1421,0.26293299346565696
2016_1221_1423,0.1475660066545722
2016_1221_1425,0.14166925526158824
2016_1221_1428,0.11480925219672213
2016_1221_1433,0.08904656980100145
2016_1221_1435,0.06892237399627987
2016_1221_1437,0.04250302019939478
2016_1221_1438,0.07467723425867723
2016_1221_1451,0.2803070658171156
2016_1221_1452,0.08356007487858508
2016_1221_1453,0.23122406093372605
2016_1221_1455,0.06768871841525402
2016_1221_1458,0.1264910871451903
2016_1221_1462,0.09878245368728099
2016_1221_1463,0.11046718136919886
2016_1231_1233,0.7982640359298387
2016_1231_1234,0.5343331428078266
2016_1231_1235,0.5463222556545622
2016_1231_1242,0.3522842171496606
2016_1231_1246,0.4550827756798297
2016_1231_1268,0.5533165356134302
2016_1231_1274,0.5067493048572098
2016_1231_1276,0.6928041581505564
2016_1231_1277,0.3583471848603712
2016_1231_1292,0.8609958067331975
2016_1231_1314,0.3375824972994058
2016_1231_1320,0.7439667005808324
2016_1231_1323,0.6578668918226567
2016_1231_1328,0.4470145187865803
2016_1231_1332,0.5104599119348523
2016_1231_1333,0.7123482696187906
2016_1231_1338,0.6627370436359636
2016_1231_1344,0.6946178283260878
2016_1231_1345,0.4685554226397555
2016_1231_1355,0.7571212810609433
2016_1231_1371,0.6072364906922245
2016_1231_1372,0.7236632070783302
2016_1231_1380,0.9044015758981424
2016_1231_1386,0.6820564989486488
2016_1231_1392,0.8548066095910023
2016_1231_1393,0.680513111154659
2016_1231_1396,0.7551180121832235
2016_1231_1400,0.612716328237674
2016_1231_1401,0.5252759157629965
2016_1231_1403,0.6985202700207152
2016_1231_1409,0.6928041581505564
2016_1231_1421,0.8436015973093711
2016_1231_1423,0.7591055239416085
2016_1231_1425,0.6985202700207152
2016_1231_1428,0.5998079664758857
2016_1231_1433,0.6398502819141424
2016_1231_1435,0.5559620414685913
2016_1231_1437,0.4038614424454608
2016_1231_1438,0.3644160410956808
2016_1231_1451,0.8781616731561541
2016_1231_1452,0.4246475986687381
2016_1231_1453,0.8283082334079301
2016_1231_1455,0.5559620414685913
2016_1231_1458,0.6479941777138559
2016_1231_1462,0.5183639801071234
2016_1231_1463,0.6968132323601932
2016_1233_1234,0.25266997494560073
2016_1233_1235,0.19669250143818728
2016_1233_1242,0.16217791821797556
2016_1233_1246,0.1805256084074759
2016_1233_1268,0.2648831570317515
2016_1233_1274,0.2362091841374582
2016_1233_1276,0.3520058222861441
2016_1233_1277,0.13371999323467976
2016_1233_1292,0.6291153491456905
2016_1233_1314,0.13612181663417555
2016_1233_1320,0.4603170274350977
2016_1233_1323,0.3163818073839578
2016_1233_1328,0.20467478971560632
2016_1233_1332,0.2383432035331525
2016_1233_1333,0.4143801811356504
2016_1233_1338,0.32104741638704715
2016_1233_1344,0.3540010634171069
2016_1233_1345,0.1486315957312363
2016_1233_1355,0.4817886692379173
2016_1233_1371,0.27272715596567665
2016_1233_1372,0.38819742343840025
2016_1233_1380,0.8101745296836129
2016_1233_1386,0.3768743015980571
2016_1233_1392,0.5377787691140887
2016_1233_1393,0.3388813518190277
2016_1233_1396,0.4784227460319013
2016_1233_1400,0.3090614522536373
2016_1233_1401,0.24710770002796434
2016_1233_1403,0.3583471848603712
2016_1233_1409,0.3520058222861441
2016_1233_1421,0.6616433123136962
2016_1233_1423,0.4851573975002274
2016_1233_1425,0.3583471848603712
2016_1233_1428,0.2669778307690167
2016_1233_1433,0.3330801878761691
2016_1233_1435,0.2666491349355301
2016_1233_1437,0.18446656504973194
2016_1233_1438,0.0849349323435391
2016_1233_1451,0.6707530210432358
2016_1233_1452,0.16304297351819708
2016_1233_1453,0.6252455226576678
2016_1233_1455,0.2666491349355301
2016_1233_1458,0.3071958418494436
2016_1233_1462,0.2123293569559368
2016_1233_1463,0.394427373064809
2016_1234_1235,0.5074240747949063
2016_1234_1242,0.3038768220560979
2016_1234_1246,0.4305692393937105
2016_1234_1268,0.5213576588128679
2016_1234_1274,0.4672557391126389
2016_1234_1276,0.6445273677546566
2016_1234_1277,0.34285428767226045
2016_1234_1292,0.8100269751948309
2016_1234_1314,0.3476865491799789
2016_1234_1320,0.7465643301246232
2016_1234_1323,0.6111701709351791
2016_1234_1328,0.4041079709418878
2016_1234_1332,0.4734084922592863
2016_1234_1333,0.707966394339988
2016_1234_1338,0.6157970072238388
2016_1234_1344,0.6462692619306895
2016_1234_1345,0.43777687209641614
2016_1234_1355,0.7627179238717245
2016_1234_1371,0.5635370881039867
2016_1234_1372,0.6742959429861706
2016_1234_1380,0.9366590426830974
2016_1234_1386,0.6713887629120157
2016_1234_1392,0.7674239397901494
2016_1234_1393,0.6327489326266086
2016_1234_1396,0.7921934798991661
2016_1234_1400,0.5894492147047432
2016_1234_1401,0.4898768447881486
2016_1234_1403,0.6500205865096889
2016_1234_1409,0.6445273677546566
2016_1234_1421,0.9057657287852554
2016_1234_1423,0.7651580073309205
2016_1234_1425,0.6500205865096889
2016_1234_1428,0.5566225869990308
2016_1234_1433,0.6212021438258901
2016_1234_1435,0.5243492937246959
2016_1234_1437,0.32160089554183835
2016_1234_1438,0.3479725009656546
2016_1234_1451,0.8275271685248196
2016_1234_1452,0.399443012024906
2016_1234_1453,0.8500928789381602
2016_1234_1455,0.5243492937246959
2016_1234_1458,0.6018143484799091
2016_1234_1462,0.4821254243445582
2016_1234_1463,0.6891532005368821
2016_1235_1242,0.3179435010513513
2016_1235_1246,0.4148689846310546
2016_1235_1268,0.5118087756535876
2016_1235_1274,0.4649973517998605
2016_1235_1276,0.6536101243594472
2016_1235_1277,0.31824229419070904
2016_1235_1292,0.8416816760708277
2016_1235_1314,0.3235552640887356
2016_1235_1320,0.7161636915572736
2016_1235_1323,0.6159944258164912
2016_1235_1328,0.4067160359129498
2016_1235_1332,0.4686821713459518
2016_1235_1333,0.6809961363626393
2016_1235_1338,0.62120214382589
2016_1235_1344,0.6555788975724556
2016_1235_1345,0.4125922113533622
2016_1235_1355,0.730901593838543
2016_1235_1371,0.5625600215489952
2016_1235_1372,0.6873159746875916
2016_1235_1380,0.8961097824071507
2016_1235_1386,0.6477157828503394
2016_1235_1392,0.7933553919371594
2016_1235_1393,0.640309265091375
2016_1235_1396,0.7286537607027614
2016_1235_1400,0.5733415609667205
2016_1235_1401,0.4834727149772586
2016_1235_1403,0.659820331340891
2016_1235_1409,0.6536101243594472
2016_1235_1421,0.8284379719073942
2016_1235_1423,0.7331292123812119
2016_1235_1425,0.659820331340891
2016_1235_1428,0.5548295405251028
2016_1235_1433,0.6021283323684459
2016_1235_1435,0.5145055952671331
2016_1235_1437,0.3657632666875395
2016_1235_1438,0.2902195206415892
2016_1235_1451,0.8612868354735812
2016_1235_1452,0.3805297306656826
2016_1235_1453,0.8112033604784026
2016_1235_1455,0.5145055952671331
2016_1235_1458,0.605473583085894
2016_1235_1462,0.4719144693888576
2016_1235_1463,0.663873570523025
2016_1242_1246,0.6161042126015678
2016_1242_1268,0.7525233965103815
2016_1242_1274,0.6707530210432358
2016_1242_1276,0.7768511301442916
2016_1242_1277,0.5232590028225786
2016_1242_1292,0.8743894798724097
2016_1242_1314,0.5289698799225205
2016_1242_1320,0.8592364694630851
2016_1242_1323,0.7557209976951643
2016_1242_1328,0.611101768198298
2016_1242_1332,0.6742393251434109
2016_1242_1333,0.8369570264818029
2016_1242_1338,0.7587101916445935
2016_1242_1344,0.7779296935343877
2016_1242_1345,0.6228222045622429
2016_1242_1355,0.919437450538376
2016_1242_1371,0.72363706486865
2016_1242_1372,0.7950006524387523
2016_1242_1380,0.9641987757512428
2016_1242_1386,0.8150646180250756
2016_1242_1392,0.8494518604099984
2016_1242_1393,0.7694969944436034
2016_1242_1396,0.8669781157261598
2016_1242_1400,0.7622271994201315
2016_1242_1401,0.6879292502966761
2016_1242_1403,0.7802449548966599
2016_1242_1409,0.7768511301442916
2016_1242_1421,0.9266096217953363
2016_1242_1423,0.8697333171364845
2016_1242_1425,0.7802449548966599
2016_1242_1428,0.7187563119363287
2016_1242_1433,0.7834240974271862
2016_1242_1435,0.7151862958298869
2016_1242_1437,0.5632942318548793
2016_1242_1438,0.5293054384787979
2016_1242_1451,0.8848753600944952
2016_1242_1452,0.5856198188643497
2016_1242_1453,0.9165530205302836
2016_1242_1455,0.7151862958298869
2016_1242_1458,0.7496132347539236
2016_1242_1462,0.6616433123136958
2016_1242_1463,0.8258044067615121
2016_1246_1268,0.5878627933464293
2016_1246_1274,0.5423522122187433
2016_1246_1276,0.7236632070783302
2016_1246_1277,0.3948794387833081
2016_1246_1292,0.8755899662771108
2016_1246_1314,0.3813418875368606
2016_1246_1320,0.7653286841872032
2016_1246_1323,0.6912867437425594
2016_1246_1328,0.4824622069878335
2016_1246_1332,0.5460156383897697
2016_1246_1333,0.7366515312730473
2016_1246_1338,0.6958225483190115
2016_1246_1344,0.7253339893124893
2016_1246_1345,0.5082490019271222
2016_1246_1355,0.7772113550238178
2016_1246_1371,0.6436626183554595
2016_1246_1372,0.7519675241349866
2016_1246_1380,0.9109074186225594
2016_1246_1386,0.7089666056803097
2016_1246_1392,0.8746993492554764
2016_1246_1393,0.7123152661258232
2016_1246_1396,0.7754031660489259
2016_1246_1400,0.6445273677546566
2016_1246_1401,0.5605785931338956
2016_1246_1403,0.7289258049102425
2016_1246_1409,0.7236632070783302
2016_1246_1421,0.8552373187936143
2016_1246_1423,0.7790019406852402
2016_1246_1425,0.7289258049102425
2016_1246_1428,0.6365994949458755
2016_1246_1433,0.6699423100851781
2016_1246_1435,0.5904186001911882
2016_1246_1437,0.4381055952780939
2016_1246_1438,0.4012583658412122
2016_1246_1451,0.890903238447437
2016_1246_1452,0.4637102689984322
2016_1246_1453,0.8413921681161396
2016_1246_1455,0.5904186001911882
2016_1246_1458,0.682068321425711
2016_1246_1462,0.5577789331692771
2016_1246_1463,0.7224831565216642
2016_1268_1274,0.4481250066289933
2016_1268_1276,0.6276581624658365
2016_1268_1277,0.3270591037744316
2016_1268_1292,0.8013716586421342
2016_1268_1314,0.331703371303429
2016_1268_1320,0.7313898041934465
2016_1268_1323,0.5932839640870502
2016_1268_1328,0.3840055741835088
2016_1268_1332,0.4521954344884955
2016_1268_1333,0.6909826055046399
2016_1268_1338,0.5980355013834803
2016_1268_1344,0.6294605502656468
2016_1268_1345,0.4192067780950395
2016_1268_1355,0.7791746876878989
2016_1268_1371,0.5446844257519444
2016_1268_1372,0.6585564967750543
2016_1268_1380,0.9328625852586334
2016_1268_1386,0.6529523108567519
2016_1268_1392,0.7563222633432932
2016_1268_1393,0.6154896440893746
2016_1268_1396,0.7457842184727701
2016_1268_1400,0.5687887597392797
2016_1268_1401,0.4685554226397555
2016_1268_1403,0.6333445750837976
2016_1268_1409,0.6276581624658365
2016_1268_1421,0.8604118735673852
2016_1268_1423,0.7509461071908492
2016_1268_1425,0.6333445750837976
2016_1268_1428,0.5376784905391121
2016_1268_1433,0.6012277872445244
2016_1268_1435,0.5029999520011263
2016_1268_1437,0.3392056317128871
2016_1268_1438,0.33197834136142235
2016_1268_1451,0.8198762187752482
2016_1268_1452,0.381749792737724
2016_1268_1453,0.8408482016823537
2016_1268_1455,0.5029999520011263
2016_1268_1458,0.5836924422310786
2016_1268_1462,0.4629901351805994
2016_1268_1463,0.6713887629120157
2016_1274_1276,0.6677464918235503
2016_1274_1277,0.366655424916202
2016_1274_1292,0.8216586482037089
2016_1274_1314,0.3717403625733653
2016_1274_1320,0.7670938598854901
2016_1274_1323,0.6360163256285745
2016_1274_1328,0.4337726602979651
2016_1274_1332,0.5041248752242858
2016_1274_1333,0.7311169419874215
2016_1274_1338,0.6404374455992682
2016_1274_1344,0.6693945388265501
2016_1274_1345,0.46499735179986
2016_1274_1355,0.7820667476365859
2016_1274_1371,0.5900995736307245
2016_1274_1372,0.6957993343798505
2016_1274_1380,0.9417371151023236
2016_1274_1386,0.6967237758583609
2016_1274_1392,0.7823560810568865
2016_1274_1393,0.6565800601976426
2016_1274_1396,0.7973272812350509
2016_1274_1400,0.6184291990557492
2016_1274_1401,0.5206094196234743
2016_1274_1403,0.6729408962255681
2016_1274_1409,0.6677464918235503
2016_1274_1421,0.8996429989537131
2016_1274_1423,0.7843246304808642
2016_1274_1425,0.6729408962255681
2016_1274_1428,0.583370786137438
2016_1274_1433,0.6489892446052099
2016_1274_1435,0.5657527718873563
2016_1274_1437,0.3710821603862284
2016_1274_1438,0.3720410153980018
2016_1274_1451,0.8378220817820244
2016_1274_1452,0.4256831366357901
2016_1274_1453,0.8624447272835307
2016_1274_1455,0.5657527718873563
2016_1274_1458,0.6270560113359948
2016_1274_1462,0.5097853811305315
2016_1274_1463,0.7134663926043326
2016_1276_1277,0.20578287308861493
2016_1276_1292,0.7524768642810713
2016_1276_1314,0.20946884024927992
2016_1276_1320,0.5967714214585507
2016_1276_1323,0.452977407631501
2016_1276_1328,0.2864537610489733
2016_1276_1332,0.3352932917267701
2016_1276_1333,0.5513290217084756
2016_1276_1338,0.4640826647336342
2016_1276_1344,0.5022499797502674
2016_1276_1345,0.28253319051190234
2016_1276_1355,0.6167181488534814
2016_1276_1371,0.4041079709418878
2016_1276_1372,0.5449172243201703
2016_1276_1380,0.8588030954764001
2016_1276_1386,0.5111343781608833
2016_1276_1392,0.680513111154659
2016_1276_1393,0.4850059964822268
2016_1276_1396,0.6136421697979951
2016_1276_1400,0.4305692393937105
2016_1276_1401,0.3476865491799789
2016_1276_1403,0.5071243570538537
2016_1276_1409,0.71
2016_1276_1421,0.7595001000602368
2016_1276_1423,0.6197782607885748
2016_1276_1425,0.5071243570538536
2016_1276_1428,0.3966467272635229
2016_1276_1433,0.4603170274350977
2016_1276_1435,0.4265149242104903
2016_1276_1437,0.2564572568111944
2016_1276_1438,0.20968758851148084
2016_1276_1451,0.7827464061648671
2016_1276_1452,0.20549695617617814
2016_1276_1453,0.7333508650644702
2016_1276_1455,0.3747544773423327
2016_1276_1458,0.4473859011673218
2016_1276_1462,0.2993225394632866
2016_1276_1463,0.5303118425639133
2016_1277_1292,0.9621499306660656
2016_1277_1314,0.5063745394550521
2016_1277_1320,0.8130953808898499
2016_1277_1323,0.7690153392560097
2016_1277_1328,0.5778844801110036
2016_1277_1332,0.6366081161619357
2016_1277_1333,0.7913879300374753
2016_1277_1338,0.7725795090880527
2016_1277_1344,0.7955033518299326
2016_1277_1345,0.6128526370869448
2016_1277_1355,0.8220667842166685
2016_1277_1371,0.7598489296036635
2016_1277_1372,0.8158390389932706
2016_1277_1380,0.926198577893876
2016_1277_1386,0.7702453634382753
2016_1277_1392,0.8796782922474867
2016_1277_1393,0.8474528440601056
2016_1277_1396,0.820701683673705
2016_1277_1400,0.7196929341828844
2016_1277_1401,0.6494455010687898
2016_1277_1403,0.7982640359298387
2016_1277_1409,0.7942171269113851
2016_1277_1421,0.8816642505636689
2016_1277_1423,0.8234186721445881
2016_1277_1425,0.7982640359298387
2016_1277_1428,0.7534440900043717
2016_1277_1433,0.7399071471177665
2016_1277_1435,0.6751065785924641
2016_1277_1437,0.5339983111389291
2016_1277_1438,0.5067494533149458
2016_1277_1451,0.918839904918456
2016_1277_1452,0.5702502430033392
2016_1277_1453,0.8709123576368307
2016_1277_1455,0.6751065785924641
2016_1277_1458,0.7617355711800144
2016_1277_1462,0.6578668918226567
2016_1277_1463,0.7805985377360294
2016_1292_1314,0.0940587970195026
2016_1292_1320,0.3488314828213181
2016_1292_1323,0.2206716145906249
2016_1292_1328,0.15605312949047592
2016_1292_1332,0.179848089729587
2016_1292_1333,0.3106117748536741
2016_1292_1338,0.2241391566619071
2016_1292_1344,0.2490538928091504
2016_1292_1345,0.1273036696183446
2016_1292_1355,0.3675491489418571
2016_1292_1371,0.1888553852526571
2016_1292_1372,0.2757789525131805
2016_1292_1380,0.7475385656558199
2016_1292_1386,0.28100922526812605
2016_1292_1392,0.4062508490085103
2016_1292_1393,0.2053838105505472
2016_1292_1396,0.36457616964962936
2016_1292_1400,0.2303156406773065
2016_1292_1401,0.18603948649953292
2016_1292_1403,0.2523987225531705
2016_1292_1409,0.2475231357189287
2016_1292_1421,0.5519918411154252
2016_1292_1423,0.3705394497343528
2016_1292_1425,0.2523987225531705
2016_1292_1428,0.16563779664439682
2016_1292_1433,0.2479228233419199
2016_1292_1435,0.19988250652706224
2016_1292_1437,0.14166925526158824
2016_1292_1438,0.09415613260178113
2016_1292_1451,0.5470635496180641
2016_1292_1452,0.1124392135802077
2016_1292_1453,0.510122654345209
2016_1292_1455,0.19988250652706224
2016_1292_1458,0.21388475311377486
2016_1292_1462,0.1463326438085275
2016_1292_1463,0.2947013576695504
2016_1314_1320,0.8106163239163381
2016_1314_1323,0.7649150133030744
2016_1314_1328,0.5723652878075021
2016_1314_1332,0.6315555680272579
2016_1314_1333,0.7885421048791761
2016_1314_1338,0.7685363148199098
2016_1314_1344,0.8659947653298621
2016_1314_1345,0.6068842040984089
2016_1314_1355,0.81973817130034
2016_1314_1371,0.7261662979290444
2016_1314_1372,0.8125257341642953
2016_1314_1380,0.9253717032172816
2016_1314_1386,0.7670446407937481
2016_1314_1392,0.9279118662035928
2016_1314_1393,0.7816125476427621
2016_1314_1396,0.8183502637844993
2016_1314_1400,0.7156896391914129
2016_1314_1401,0.6445273677546566
2016_1314_1403,0.7946467179061665
2016_1314_1409,0.7905311597507201
2016_1314_1421,0.8802672613305966
2016_1314_1423,0.8211126100917086
2016_1314_1425,0.8689834011458037
2016_1314_1428,0.7202970120479177
2016_1314_1433,0.7362140512579624
2016_1314_1435,0.6704892908329945
2016_1314_1437,0.5282986300568981
2016_1314_1438,0.5003749999062502
2016_1314_1451,0.9174077016169616
2016_1314_1452,0.5640280728543879
2016_1314_1453,0.869359894796083
2016_1314_1455,0.6704892908329945
2016_1314_1458,0.7575201727882281
2016_1314_1462,0.6522937230144497
2016_1314_1463,0.7775708757656605
2016_1320_1323,0.3690421500490052
2016_1320_1328,0.15786243954276769
2016_1320_1332,0.2355716504928931
2016_1320_1333,0.447755415451278
2016_1320_1338,0.3735468137985343
2016_1320_1344,0.4051288033756032
2016_1320_1345,0.23892913739420216
2016_1320_1355,0.5239754608501714
2016_1320_1371,0.3265164875998965
2016_1320_1372,0.43744824171288577
2016_1320_1380,0.8634497610615344
2016_1320_1386,0.4041079709418873
2016_1320_1392,0.5730162438685131
2016_1320_1393,0.39069026345629343
2016_1320_1396,0.5202352535156127
2016_1320_1400,0.3000251410979655
2016_1320_1401,0.20118342272157094
2016_1320_1403,0.4092625027825128
2016_1320_1409,0.4032285785414493
2016_1320_1421,0.7151862958298869
2016_1320_1423,0.5277120863634895
2016_1320_1425,0.4092625027825128
2016_1320_1428,0.32086726413476363
2016_1320_1433,0.3520058222861441
2016_1320_1435,0.2707995020909624
2016_1320_1437,0.16826206625724782
2016_1320_1438,0.18953079611095847
2016_1320_1451,0.6857422687213051
2016_1320_1452,0.21694571911331675
2016_1320_1453,0.7006774605367134
2016_1320_1455,0.2707995020909624
2016_1320_1458,0.3601497180858576
2016_1320_1462,0.2666491349355298
2016_1320_1463,0.4246475986687381
2016_1323_1328,0.314257731278695
2016_1323_1332,0.3672510673733918
2016_1323_1333,0.5875427445086836
2016_1323_1338,0.5056246836198515
2016_1323_1344,0.5437255983767143
2016_1323_1345,0.3154544562612399
2016_1323_1355,0.6497331369720758
2016_1323_1371,0.44443261769974496
2016_1323_1372,0.591099810231071
2016_1323_1380,0.8708216646456115
2016_1323_1386,0.5483425568906977
2016_1323_1392,0.7137536089742529
2016_1323_1393,0.5265915077407142
2016_1323_1396,0.6468484236684717
2016_1323_1400,0.4673415303265164
2016_1323_1401,0.3805270277258383
2016_1323_1403,0.5485452990951738
2016_1323_1409,0.5470225923684989
2016_1323_1421,0.7802449548966601
2016_1323_1423,0.652599214548627
2016_1323_1425,0.5485452990951738
2016_1323_1428,0.4367057681451208
2016_1323_1433,0.4976375298082808
2016_1323_1435,0.4092625027825133
2016_1323_1437,0.2812436880636713
2016_1323_1438,0.2353282059487046
2016_1323_1451,0.8065368034881888
2016_1323_1452,0.2395990435603557
2016_1323_1453,0.7567221532067769
2016_1323_1455,0.4092625027825133
2016_1323_1458,0.4887525304149849
2016_1323_1462,0.33980064919727315
2016_1323_1463,0.5671425864022348
2016_1328_1332,0.5702502430033392
2016_1328_1333,0.8371521580513419
2016_1328_1338,0.6896471225366011
2016_1328_1344,0.7149770209289374
2016_1328_1345,0.5249398576934371
2016_1328_1355,0.8190950621791961
2016_1328_1371,0.6445273677546566
2016_1328_1372,0.7377417286516186
2016_1328_1380,0.9513727257913094
2016_1328_1386,0.7465643301246229
2016_1328_1392,0.810910130596414
2016_1328_1393,0.7038184919747874
2016_1328_1396,0.817186650288039
2016_1328_1400,0.7003262873612206
2016_1328_1401,0.59763553310565
2016_1328_1403,0.7180516941149622
2016_1328_1409,0.7135462389510268
2016_1328_1421,0.8997042562384873
2016_1328_1423,0.8209839060497841
2016_1328_1425,0.7180516941149622
2016_1328_1428,0.6383792401987212
2016_1328_1433,0.7547127546899449
2016_1328_1435,0.6187763837470792
2016_1328_1437,0.4503441391146066
2016_1328_1438,0.4279603502912861
2016_1328_1451,0.8576164184207207
2016_1328_1452,0.4848204131538285
2016_1328_1453,0.9224151247532004
2016_1328_1455,0.6187763837470792
2016_1328_1458,0.6777956978938331
2016_1328_1462,0.5691041829778318
2016_1328_1463,0.7609964331307685
2016_1332_1333,0.728100353507446
2016_1332_1338,0.6371992000327912
2016_1332_1344,0.6663677109163395
2016_1332_1345,0.4613190031413234
2016_1332_1355,0.7795577904598177
2016_1332_1371,0.5865818434432677
2016_1332_1372,0.692994201898568
2016_1332_1380,0.9865866410314214
2016_1332_1386,0.7517560616281554
2016_1332_1392,0.780421833012492
2016_1332_1393,0.6534553755685144
2016_1332_1396,0.7772538236870217
2016_1332_1400,0.6145996398381877
2016_1332_1401,0.5164920196646571
2016_1332_1403,0.6699423100851777
2016_1332_1409,0.6647067082732299
2016_1332_1421,0.8779069901918435
2016_1332_1423,0.8303330222019218
2016_1332_1425,0.6699423100851777
2016_1332_1428,0.5798246843916024
2016_1332_1433,0.6453323513302976
2016_1332_1435,0.5507657637122669
2016_1332_1437,0.38226565225229536
2016_1332_1438,0.3687432049094233
2016_1332_1451,0.8364874348705995
2016_1332_1452,0.4221155198889964
2016_1332_1453,0.8608500581367233
2016_1332_1455,0.5507657637122669
2016_1332_1458,0.6237321911429909
2016_1332_1462,0.5060744932260579
2016_1332_1463,0.7495235325780851
2016_1333_1338,0.4172728881170433
2016_1333_1344,0.4506612794867548
2016_1333_1345,0.26820493676819623
2016_1333_1355,0.5757160422592644
2016_1333_1371,0.3663578645295429
2016_1333_1372,0.4841465151894418
2016_1333_1380,0.8820398302699675
2016_1333_1386,0.4551611494841176
2016_1333_1392,0.6173314503884606
2016_1333_1393,0.43547843359510463
2016_1333_1396,0.572074802797071
2016_1333_1400,0.368835118570393
2016_1333_1401,0.270244615501793
2016_1333_1403,0.4549826681763236
2016_1333_1409,0.4486709782915244
2016_1333_1421,0.7529852926217504
2016_1333_1423,0.5793463713992117
2016_1333_1425,0.4549826681763236
2016_1333_1428,0.3601497180858576
2016_1333_1433,0.3869970359911528
2016_1333_1435,0.31145834068269873
2016_1333_1437,0.19488701420198476
2016_1333_1438,0.21162678594573106
2016_1333_1451,0.7203932510128467
2016_1333_1452,0.2430781876748029
2016_1333_1453,0.7194503388464205
2016_1333_1455,0.31145834068269873
2016_1333_1458,0.4029123520237211
2016_1333_1462,0.2996639937228733
2016_1333_1463,0.4763984078447187
2016_1338_1344,0.5381508897223733
2016_1338_1345,0.3108467994631179
2016_1338_1355,0.6453991399740111
2016_1338_1371,0.4389094907841965
2016_1338_1372,0.5749886517756427
2016_1338_1380,0.8694518482991994
2016_1338_1386,0.5433521283595977
2016_1338_1392,0.7094216489739773
2016_1338_1393,0.5209835549079505
2016_1338_1396,0.6424868467985034
2016_1338_1400,0.4623215094608876
2016_1338_1401,0.37596481052330827
2016_1338_1403,0.5429831057749973
2016_1338_1409,0.5359173352663658
2016_1338_1421,0.7775708757656605
2016_1338_1423,0.6482930976745778
2016_1338_1425,0.5429831057749973
2016_1338_1428,0.4312112402607198
2016_1338_1433,0.4925759252050938
2016_1338_1435,0.40449485171249894
2016_1338_1437,0.2777482376707935
2016_1338_1438,0.2317035335599175
2016_1338_1451,0.8388792780464582
2016_1338_1452,0.2615740767648981
2016_1338_1453,0.7537043398700947
2016_1338_1455,0.40449485171249894
2016_1338_1458,0.4808851912269768
2016_1338_1462,0.31583160520225817
2016_1338_1463,0.5622231279035839
2016_1344_1345,0.2808323405418143
2016_1344_1355,0.6148744457895889
2016_1344_1371,0.4019699461059365
2016_1344_1372,0.537406592395709
2016_1344_1380,0.8596454921314493
2016_1344_1386,0.509110789904949
2016_1344_1392,0.6786398419967427
2016_1344_1393,0.482759118175944
2016_1344_1396,0.6117890951397117
2016_1344_1400,0.4286119444596516
2016_1344_1401,0.3459747940289605
2016_1344_1403,0.5048747940440121
2016_1344_1409,0.4977500202497326
2016_1344_1421,0.7583141021849026
2016_1344_1423,0.6179441147659116
2016_1344_1425,0.5055247541335388
2016_1344_1428,0.394526416914106
2016_1344_1433,0.4583147212491875
2016_1344_1435,0.3729439886640053
2016_1344_1437,0.2551877505653364
2016_1344_1438,0.20837831717827215
2016_1344_1451,0.7813851190449531
2016_1344_1452,0.2487981963978563
2016_1344_1453,0.7320179257124118
2016_1344_1455,0.3729439886640053
2016_1344_1458,0.4451704594748972
2016_1344_1462,0.32042256872049896
2016_1344_1463,0.5282986300568981
2016_1345_1355,0.7732098994660579
2016_1345_1371,0.6362611616857523
2016_1345_1372,0.7463045216301758
2016_1345_1380,0.9095982119925554
2016_1345_1386,0.7035710800581005
2016_1345_1392,0.8338453188330521
2016_1345_1393,0.7059196043938266
2016_1345_1396,0.7713624767646383
2016_1345_1400,0.6380844966925394
2016_1345_1401,0.5533165356134302
2016_1345_1403,0.7228247354627395
2016_1345_1409,0.7174668094880976
2016_1345_1421,0.8529147210472863
2016_1345_1423,0.7750394031039947
2016_1345_1425,0.7228247354627395
2016_1345_1428,0.6291153491456899
2016_1345_1433,0.663873570523025
2016_1345_1435,0.5833707861374384
2016_1345_1437,0.43089581702216817
2016_1345_1438,0.3724849681868936
2016_1345_1451,0.88837717991236
2016_1345_1452,0.455532167916128
2016_1345_1453,0.8387840253159031
2016_1345_1455,0.5833707861374384
2016_1345_1458,0.6751857587701873
2016_1345_1462,0.5496558608853934
2016_1345_1463,0.7173452314268207
2016_1355_1371,0.3095774097805111
2016_1355_1372,0.4166292138625616
2016_1355_1380,0.8539740545375416
2016_1355_1386,0.3815708009442502
2016_1355_1392,0.5519918411154252
2016_1355_1393,0.3711395659295753
2016_1355_1396,0.4962500937465624
2016_1355_1400,0.3032762241416388
2016_1355_1401,0.2307454845335423
2016_1355_1403,0.3891395208412923
2016_1355_1409,0.3832818511465186
2016_1355_1421,0.6964235871654502
2016_1355_1423,0.5037499062534372
2016_1355_1425,0.3891395208412923
2016_1355_1428,0.30420066562014925
2016_1355_1433,0.3311591587279088
2016_1355_1435,0.2536954783698242
2016_1355_1437,0.15732395649745226
2016_1355_1438,0.1804000108611672
2016_1355_1451,0.6685714018702233
2016_1355_1452,0.2061403568638711
2016_1355_1453,0.6572141627869719
2016_1355_1455,0.2536954783698242
2016_1355_1458,0.3417252770704704
2016_1355_1462,0.2528787111795172
2016_1355_1463,0.4016140870536584
2016_1371_1372,0.6328680451302043
2016_1371_1380,0.8835234569130048
2016_1371_1386,0.5967714214585502
2016_1371_1392,0.7539994151832294
2016_1371_1393,0.5815191329268647
2016_1371_1396,0.6878305589291637
2016_1371_1400,0.5175377930121665
2016_1371_1401,0.4276347121924978
2016_1371_1403,0.6026453481442727
2016_1371_1409,0.5958920290581122
2016_1371_1421,0.8047700237009294
2016_1371_1423,0.692994201898568
2016_1371_1425,0.6026453481442726
2016_1371_1428,0.4905511667052831
2016_1371_1433,0.5476780814065313
2016_1371_1435,0.4579812225713002
2016_1371_1437,0.3184732784192083
2016_1371_1438,0.27411090985028164
2016_1371_1451,0.8345419056900493
2016_1371_1452,0.32481424122981273
2016_1371_1453,0.7844424746727046
2016_1371_1455,0.4579812225713002
2016_1371_1458,0.5444678320838721
2016_1371_1462,0.4101917489815704
2016_1371_1463,0.6145666112464412
2016_1372_1380,0.8491219603001472
2016_1372_1386,0.4753962386921578
2016_1372_1392,0.6463319477673399
2016_1372_1393,0.44553950143527343
2016_1372_1396,0.5801476470958804
2016_1372_1400,0.3966171676065233
2016_1372_1401,0.3184732784192083
2016_1372_1403,0.4674365638354699
2016_1372_1409,0.4550827756798297
2016_1372_1421,0.7375240891547634
2016_1372_1423,0.5865818434432677
2016_1372_1425,0.4674365638354699
2016_1372_1428,0.3600270797807301
2016_1372_1433,0.4253582535666977
2016_1372_1435,0.34370305199204154
2016_1372_1437,0.23505467055404106
2016_1372_1438,0.1876709653786092
2016_1372_1451,0.7575201727882281
2016_1372_1452,0.1765042286134234
2016_1372_1453,0.7087235153250517
2016_1372_1455,0.34370305199204154
2016_1372_1458,0.4087568810935392
2016_1372_1462,0.2635881688444903
2016_1372_1463,0.4946003559328677
2016_1380_1386,0.06818487546091777
2016_1380_1392,0.20548738678513045
2016_1380_1393,0.1358228426249355
2016_1380_1396,0.1445022445233617
2016_1380_1400,0.08116009508154409
2016_1380_1401,0.06162048742035275
2016_1380_1403,0.14166925526158824
2016_1380_1409,0.13975284617546035
2016_1380_1421,0.26293299346565696
2016_1380_1423,0.1475660066545722
2016_1380_1425,0.14166925526158824
2016_1380_1428,0.11480925219672213
2016_1380_1433,0.08904656980100145
2016_1380_1435,0.06892237399627987
2016_1380_1437,0.04250302019939478
2016_1380_1438,0.07467723425867723
2016_1380_1451,0.2803070658171156
2016_1380_1452,0.08356007487858508
2016_1380_1453,0.23122406093372605
2016_1380_1455,0.06768871841525402
2016_1380_1458,0.1264910871451903
2016_1380_1462,0.09878245368728099
2016_1380_1463,0.11046718136919886
2016_1386_1392,0.6528847900373053
2016_1386_1393,0.4753962386921583
2016_1386_1396,0.6149485721742989
2016_1386_1400,0.4109099484457929
2016_1386_1401,0.3201104630325262
2016_1386_1403,0.4952752384527298
2016_1386_1409,0.4888656218391168
2016_1386_1421,0.7818397571391741
2016_1386_1423,0.6218937500833104
2016_1386_1425,0.4952752384527298
2016_1386_1428,0.3966171676065233
2016_1386_1433,0.4436951022421889
2016_1386_1435,0.3496866649508565
2016_1386_1437,0.22090123974373774
2016_1386_1438,0.23314528426318004
2016_1386_1451,0.7469123568514122
2016_1386_1452,0.26842800112738585
2016_1386_1453,0.7517125120371848
2016_1386_1455,0.3496866649508565
2016_1386_1458,0.4417275442012541
2016_1386_1462,0.33115402196680543
2016_1386_1463,0.5213576588128679
2016_1392_1393,0.30719584184944354
2016_1392_1396,0.4446988401851413
2016_1392_1400,0.284073231995926
2016_1392_1401,0.22752691141145465
2016_1392_1403,0.3254449877736689
2016_1392_1409,0.31948688884534104
2016_1392_1421,0.6324508510581428
2016_1392_1423,0.4513253148072914
2016_1392_1425,0.3254449877736688
2016_1392_1428,0.2407361439417524
2016_1392_1433,0.3062383036522158
2016_1392_1435,0.2452849352048489
2016_1392_1437,0.17078621775195452
2016_1392_1438,0.12260402602590872
2016_1392_1451,0.6376134183615839
2016_1392_1452,0.14663999783174575
2016_1392_1453,0.5939192586635131
2016_1392_1455,0.2452849352048489
2016_1392_1458,0.2777353858068188
2016_1392_1462,0.19104570277371247
2016_1392_1463,0.3636876908913994
2016_1393_1396,0.6258496892429875
2016_1393_1400,0.4437076435170985
2016_1393_1401,0.3592692419678035
2016_1393_1403,0.5221057702604804
2016_1393_1409,0.5149940035177732
2016_1393_1421,0.7672343820999985
2016_1393_1423,0.6318541685043486
2016_1393_1425,0.5221057702604804
2016_1393_1428,0.40498984864421184
2016_1393_1433,0.4737161450267037
2016_1393_1435,0.3869749028685172
2016_1393_1437,0.2651032007305057
2016_1393_1438,0.2186148809550469
2016_1393_1451,0.7916216828217278
2016_1393_1452,0.2607968250039051
2016_1393_1453,0.7420526687268272
2016_1393_1455,0.3869749028685172
2016_1393_1458,0.4622212308859113
2016_1393_1462,0.33500565708518315
2016_1393_1463,0.5436853026984902
2016_1396_1400,0.3062880196188115
2016_1396_1401,0.23314733488003744
2016_1396_1403,0.3922447821860593
2016_1396_1409,0.3863578302020049
2016_1396_1421,0.7249447240528282
2016_1396_1423,0.5074992501099828
2016_1396_1425,0.3922447821860593
2016_1396_1428,0.3067497618903776
2016_1396_1433,0.3343625358650664
2016_1396_1435,0.25630614629721804
2016_1396_1437,0.09489586421173346
2016_1396_1438,0.18178927358179608
2016_1396_1451,0.6713082776495091
2016_1396_1452,0.207784099215896
2016_1396_1453,0.6604698886871228
2016_1396_1455,0.25630614629721804
2016_1396_1458,0.3445535310318269
2016_1396_1462,0.25497685568862005
2016_1396_1463,0.40517880920706
2016_1400_1401,0.3813418875368606
2016_1400_1403,0.5756157364618586
2016_1400_1409,0.5694307606062895
2016_1400_1421,0.8304963368787711
2016_1400_1423,0.6997135068434226
2016_1400_1425,0.5756157364618586
2016_1400_1428,0.4753962386921578
2016_1400_1433,0.5336818585826903
2016_1400_1435,0.4341389668260165
2016_1400_1437,0.28281746059418394
2016_1400_1438,0.2845476949078173
2016_1400_1451,0.7918852023083153
2016_1400_1452,0.3281467220494857
2016_1400_1453,0.8423527458075766
2016_1400_1455,0.4341389668260165
2016_1400_1458,0.5225864069743963
2016_1400_1462,0.4025962629526705
2016_1400_1463,0.6093470822704796
2016_1401_1403,0.6577106003456296
2016_1401_1409,0.6523134508200211
2016_1401_1421,0.872162807727987
2016_1401_1423,0.7716339760835491
2016_1401_1425,0.6577106003456296
2016_1401_1428,0.5655051810024361
2016_1401_1433,0.6391155681728146
2016_1401_1435,0.5344272238033211
2016_1401_1437,0.3671319548697956
2016_1401_1438,0.3557635887354842
2016_1401_1451,0.8310066771119435
2016_1401_1452,0.4079882177220231
2016_1401_1453,0.9059556765049622
2016_1401_1455,0.5344272238033211
2016_1401_1458,0.6102406378798342
2016_1401_1462,0.4912265270662322
2016_1401_1463,0.6973234911619721
2016_1403_1409,0.4928756429461463
2016_1403_1421,0.7557209976951645
2016_1403_1423,0.6139504729365628
2016_1403_1425,0.5
2016_1403_1428,0.3899505884812728
2016_1403_1433,0.4539843616102307
2016_1403_1435,0.3690421500490057
2016_1403_1437,0.25246143434417995
2016_1403_1438,0.13124446943852353
2016_1403_1451,0.7784085632048505
2016_1403_1452,0.2454948899227738
2016_1403_1453,0.7291049476544115
2016_1403_1455,0.3690421500490057
2016_1403_1458,0.4403804316478426
2016_1403_1462,0.3163818073839578
2016_1403_1463,0.5239314556314658
2016_1409_1421,0.7595001000602368
2016_1409_1423,0.6197782607885748
2016_1409_1425,0.5071243570538536
2016_1409_1428,0.3966467272635229
2016_1409_1433,0.4603170274350977
2016_1409_1435,0.3747544773423327
2016_1409_1437,0.2564572568111944
2016_1409_1438,0.20968758851148084
2016_1409_1451,0.7827464061648671
2016_1409_1452,0.20549695617617814
2016_1409_1453,0.7333508650644702
2016_1409_1455,0.3747544773423327
2016_1409_1458,0.4473859011673218
2016_1409_1462,0.2993225394632866
2016_1409_1463,0.5303118425639133
2016_1421_1423,0.3065904078424466
2016_1421_1425,0.24427900230483546
2016_1421_1428,0.1920540971934721
2016_1421_1433,0.18629827805235252
2016_1421_1435,0.14076353053691493
2016_1421_1437,0.034317845489605814
2016_1421_1438,0.1198155275886832
2016_1421_1451,0.4902146188694679
2016_1421_1452,0.13505339449463927
2016_1421_1453,0.4533070628702228
2016_1421_1455,0.14076353053691493
2016_1421_1458,0.21452352219449566
2016_1421_1462,0.16217791821797534
2016_1421_1463,0.2314636851800901
2016_1423_1425,0.3860495270634372
2016_1423_1428,0.3016720777897812
2016_1423_1433,0.3279763237049935
2016_1423_1435,0.2511076813833041
2016_1423_1437,0.15568065320749636
2016_1423_1438,0.1790242320030152
2016_1423_1451,0.665814825818374
2016_1423_1452,0.20451275081712075
2016_1423_1453,0.6539387400658092
2016_1423_1455,0.2511076813833041
2016_1423_1458,0.3389161908037608
2016_1423_1462,0.25080013985127425
2016_1423_1463,0.3845919476101649
2016_1425_1428,0.3899505884812728
2016_1425_1433,0.4539843616102307
2016_1425_1435,0.3690421500490057
2016_1425_1437,0.25246143434417995
2016_1425_1438,0.20556797131901616
2016_1425_1451,0.7784085632048504
2016_1425_1452,0.2454948899227738
2016_1425_1453,0.7291049476544115
2016_1425_1455,0.3690421500490057
2016_1425_1458,0.4403804316478426
2016_1425_1462,0.3163818073839578
2016_1425_1463,0.5239314556314658
2016_1428_1433,0.5546399457828803
2016_1428_1435,0.4649973517998605
2016_1428_1437,0.3240845836012657
2016_1428_1438,0.2799849848073508
2016_1428_1451,0.8381513061721363
2016_1428_1452,0.3314785756099463
2016_1428_1453,0.7880349328870726
2016_1428_1455,0.4649973517998605
2016_1428_1458,0.5522445845487219
2016_1428_1462,0.4177575419266354
2016_1428_1463,0.6209977949967517
2016_1433_1435,0.4016140870536584
2016_1433_1437,0.2581472332803958
2016_1433_1438,0.2640049892990912
2016_1433_1451,0.7763094700256951
2016_1433_1452,0.3044546529250021
2016_1433_1453,0.7876706430440632
2016_1433_1455,0.4016140870536584
2016_1433_1458,0.4922385571727179
2016_1433_1462,0.37475447734233225
2016_1433_1463,0.5771695100704939
2016_1435_1437,0.31537447529881657
2016_1435_1438,0.3297841006666571
2016_1435_1451,0.8187680592682872
2016_1435_1452,0.37930684498890055
2016_1435_1453,0.839505447900978
2016_1435_1455,0.47
2016_1435_1458,0.5811158331839845
2016_1435_1462,0.4603170274350974
2016_1435_1463,0.6688408412720912
2016_1437_1438,0.4720370602383324
2016_1437_1451,0.8704581110331634
2016_1437_1452,0.529640952108537
2016_1437_1453,0.9005325713814274
2016_1437_1455,0.6846255247011834
2016_1437_1458,0.7116270210317124
2016_1437_1462,0.6114797097033501
2016_1437_1463,0.7918391446136821
2016_1438_1451,0.9173226432017404
2016_1438_1452,0.5636611987704558
2016_1438_1453,0.8692678616986196
2016_1438_1455,0.6702158993333429
2016_1438_1458,0.7572701674550119
2016_1438_1462,0.6519641393875842
2016_1438_1463,0.7773912033392238
2016_1451_1452,0.07874036127086792
2016_1451_1453,0.4676766168803417
2016_1451_1455,0.1812319407317128
2016_1451_1458,0.15151635264435748
2016_1451_1462,0.0664787916076921
2016_1451_1463,0.2653234452895148
2016_1452_1453,0.8522731534182724
2016_1452_1455,0.6206931550110995
2016_1452_1458,0.7248820220966808
2016_1452_1462,0.605347645556986
2016_1452_1463,0.7439667005808324
2016_1453_1455,0.16049455209902194
2016_1453_1458,0.2373703937170536
2016_1453_1462,0.17820517408316072
2016_1453_1463,0.26320104556932866
2016_1455_1458,0.5811158331839845
2016_1455_1462,0.4603170274350974
2016_1455_1463,0.6688408412720912
2016_1458_1462,0.33457091808887
2016_1458_1463,0.5769128358607705
2016_1462_1463,0.6841675173225527
