,WblkAvg,LblkAvg,WorAvg,LfgaAvg,WtoAvg,LpfAvg,LtoAvg,LscoreAvg,LfgmAvg,WftmAvg,LstlAvg,WfgmAvg,Wfga3Avg,WftaAvg,WpfAvg,Lfgm3Avg,LftaAvg,WfgaAvg,LdrAvg,WstlAvg,WscoreAvg,WdrAvg,LorAvg,LftmAvg,Lfga3Avg,Team_Name,GameCount,Wfgm3Avg,WastAvg,LastAvg
1101,0.0,0.0,0.0,0.0,0.0,0.0,0.0,0.0,0.0,0.0,0.0,0.0,0.0,0.0,0.0,0.0,0.0,0.0,0.0,0.0,0.0,0.0,0.0,0.0,0.0,Abilene Chr,0,0.0,0.0,0.0
1102,0.0,0.0,0.0,0.0,0.0,0.0,0.0,0.0,0.0,0.0,0.0,0.0,0.0,0.0,0.0,0.0,0.0,0.0,0.0,0.0,0.0,0.0,0.0,0.0,0.0,Air Force,0,0.0,0.0,0.0
1103,0.0,0.0,0.0,0.0,0.0,0.0,0.0,0.0,0.0,0.0,0.0,0.0,0.0,0.0,0.0,0.0,0.0,0.0,0.0,0.0,0.0,0.0,0.0,0.0,0.0,Akron,0,0.0,0.0,0.0
1104,0.0,6.0,0.0,52.0,0.0,21.0,8.0,62.0,22.0,0.0,2.0,0.0,0.0,0.0,0.0,5.0,16.0,0.0,20.0,0.0,0.0,0.0,9.0,13.0,12.0,Alabama,1,0.0,0.0,13.0
1105,0.0,0.0,0.0,0.0,0.0,0.0,0.0,0.0,0.0,0.0,0.0,0.0,0.0,0.0,0.0,0.0,0.0,0.0,0.0,0.0,0.0,0.0,0.0,0.0,0.0,Alabama A&M,0,0.0,0.0,0.0
1106,0.0,0.0,0.0,0.0,0.0,0.0,0.0,0.0,0.0,0.0,0.0,0.0,0.0,0.0,0.0,0.0,0.0,0.0,0.0,0.0,0.0,0.0,0.0,0.0,0.0,Alabama St,0,0.0,0.0,0.0
1107,0.0,0.0,0.0,0.0,0.0,0.0,0.0,0.0,0.0,0.0,0.0,0.0,0.0,0.0,0.0,0.0,0.0,0.0,0.0,0.0,0.0,0.0,0.0,0.0,0.0,Albany NY,0,0.0,0.0,0.0
1108,0.0,0.0,0.0,0.0,0.0,0.0,0.0,0.0,0.0,0.0,0.0,0.0,0.0,0.0,0.0,0.0,0.0,0.0,0.0,0.0,0.0,0.0,0.0,0.0,0.0,Alcorn St,0,0.0,0.0,0.0
1109,0.0,0.0,0.0,0.0,0.0,0.0,0.0,0.0,0.0,0.0,0.0,0.0,0.0,0.0,0.0,0.0,0.0,0.0,0.0,0.0,0.0,0.0,0.0,0.0,0.0,Alliant Intl,0,0.0,0.0,0.0
1110,0.0,0.0,0.0,0.0,0.0,0.0,0.0,0.0,0.0,0.0,0.0,0.0,0.0,0.0,0.0,0.0,0.0,0.0,0.0,0.0,0.0,0.0,0.0,0.0,0.0,American Univ,0,0.0,0.0,0.0
1111,0.0,0.0,0.0,0.0,0.0,0.0,0.0,0.0,0.0,0.0,0.0,0.0,0.0,0.0,0.0,0.0,0.0,0.0,0.0,0.0,0.0,0.0,0.0,0.0,0.0,Appalachian St,0,0.0,0.0,0.0
1112,4.0,0.5,10.75,13.75,8.75,4.25,4.75,18.75,5.75,10.25,2.0,25.25,15.25,13.5,11.25,2.5,5.75,54.0,6.5,7.25,66.0,23.75,2.75,4.75,5.5,Arizona,4,5.25,14.75,4.0
1113,2.0,2.5,5.0,34.5,4.5,10.5,5.5,38.0,14.0,8.0,3.5,15.5,7.0,11.0,9.5,2.0,11.5,29.5,7.0,3.5,42.0,13.5,8.5,8.0,7.5,Arizona St,2,3.0,9.0,5.5
1114,0.0,0.0,0.0,0.0,0.0,0.0,0.0,0.0,0.0,0.0,0.0,0.0,0.0,0.0,0.0,0.0,0.0,0.0,0.0,0.0,0.0,0.0,0.0,0.0,0.0,Ark Little Rock,0,0.0,0.0,0.0
1115,0.0,0.0,0.0,0.0,0.0,0.0,0.0,0.0,0.0,0.0,0.0,0.0,0.0,0.0,0.0,0.0,0.0,0.0,0.0,0.0,0.0,0.0,0.0,0.0,0.0,Ark Pine Bluff,0,0.0,0.0,0.0
1116,0.0,0.0,0.0,0.0,0.0,0.0,0.0,0.0,0.0,0.0,0.0,0.0,0.0,0.0,0.0,0.0,0.0,0.0,0.0,0.0,0.0,0.0,0.0,0.0,0.0,Arkansas,0,0.0,0.0,0.0
1117,0.0,0.0,0.0,0.0,0.0,0.0,0.0,0.0,0.0,0.0,0.0,0.0,0.0,0.0,0.0,0.0,0.0,0.0,0.0,0.0,0.0,0.0,0.0,0.0,0.0,Arkansas St,0,0.0,0.0,0.0
1118,0.0,0.0,0.0,0.0,0.0,0.0,0.0,0.0,0.0,0.0,0.0,0.0,0.0,0.0,0.0,0.0,0.0,0.0,0.0,0.0,0.0,0.0,0.0,0.0,0.0,Armstrong St,0,0.0,0.0,0.0
1119,0.0,0.0,0.0,0.0,0.0,0.0,0.0,0.0,0.0,0.0,0.0,0.0,0.0,0.0,0.0,0.0,0.0,0.0,0.0,0.0,0.0,0.0,0.0,0.0,0.0,Army,0,0.0,0.0,0.0
1120,3.6666666666666665,1.6666666666666667,8.666666666666666,21.0,9.666666666666666,6.333333333333333,5.666666666666667,26.0,9.0,8.0,1.6666666666666667,16.333333333333332,12.333333333333334,11.0,11.333333333333334,3.3333333333333335,5.666666666666667,37.666666666666664,8.666666666666666,4.333333333333333,44.333333333333336,15.0,4.666666666666667,4.666666666666667,7.333333333333333,Auburn,3,3.6666666666666665,7.333333333333333,5.0
1121,0.0,0.0,0.0,0.0,0.0,0.0,0.0,0.0,0.0,0.0,0.0,0.0,0.0,0.0,0.0,0.0,0.0,0.0,0.0,0.0,0.0,0.0,0.0,0.0,0.0,Augusta,0,0.0,0.0,0.0
1122,0.0,3.0,0.0,54.0,0.0,18.0,18.0,64.0,24.0,0.0,5.0,0.0,0.0,0.0,0.0,2.0,22.0,0.0,21.0,0.0,0.0,0.0,8.0,14.0,21.0,Austin Peay,1,0.0,0.0,11.0
1123,0.0,0.0,0.0,0.0,0.0,0.0,0.0,0.0,0.0,0.0,0.0,0.0,0.0,0.0,0.0,0.0,0.0,0.0,0.0,0.0,0.0,0.0,0.0,0.0,0.0,Ball St,0,0.0,0.0,0.0
1124,0.0,0.0,0.0,0.0,0.0,0.0,0.0,0.0,0.0,0.0,0.0,0.0,0.0,0.0,0.0,0.0,0.0,0.0,0.0,0.0,0.0,0.0,0.0,0.0,0.0,Baylor,0,0.0,0.0,0.0
1125,0.0,0.0,0.0,0.0,0.0,0.0,0.0,0.0,0.0,0.0,0.0,0.0,0.0,0.0,0.0,0.0,0.0,0.0,0.0,0.0,0.0,0.0,0.0,0.0,0.0,Belmont,0,0.0,0.0,0.0
1126,0.0,0.0,0.0,0.0,0.0,0.0,0.0,0.0,0.0,0.0,0.0,0.0,0.0,0.0,0.0,0.0,0.0,0.0,0.0,0.0,0.0,0.0,0.0,0.0,0.0,Bethune-Cookman,0,0.0,0.0,0.0
1127,0.0,0.0,0.0,0.0,0.0,0.0,0.0,0.0,0.0,0.0,0.0,0.0,0.0,0.0,0.0,0.0,0.0,0.0,0.0,0.0,0.0,0.0,0.0,0.0,0.0,Binghamton,0,0.0,0.0,0.0
1128,0.0,0.0,0.0,0.0,0.0,0.0,0.0,0.0,0.0,0.0,0.0,0.0,0.0,0.0,0.0,0.0,0.0,0.0,0.0,0.0,0.0,0.0,0.0,0.0,0.0,Birmingham So,0,0.0,0.0,0.0
1129,0.0,0.0,0.0,0.0,0.0,0.0,0.0,0.0,0.0,0.0,0.0,0.0,0.0,0.0,0.0,0.0,0.0,0.0,0.0,0.0,0.0,0.0,0.0,0.0,0.0,Boise St,0,0.0,0.0,0.0
1130,0.0,0.0,0.0,0.0,0.0,0.0,0.0,0.0,0.0,0.0,0.0,0.0,0.0,0.0,0.0,0.0,0.0,0.0,0.0,0.0,0.0,0.0,0.0,0.0,0.0,Boston College,0,0.0,0.0,0.0
1131,0.0,0.0,0.0,0.0,0.0,0.0,0.0,0.0,0.0,0.0,0.0,0.0,0.0,0.0,0.0,0.0,0.0,0.0,0.0,0.0,0.0,0.0,0.0,0.0,0.0,Boston Univ,0,0.0,0.0,0.0
1132,0.0,0.0,0.0,0.0,0.0,0.0,0.0,0.0,0.0,0.0,0.0,0.0,0.0,0.0,0.0,0.0,0.0,0.0,0.0,0.0,0.0,0.0,0.0,0.0,0.0,Bowling Green,0,0.0,0.0,0.0
1133,0.0,0.0,0.0,0.0,0.0,0.0,0.0,0.0,0.0,0.0,0.0,0.0,0.0,0.0,0.0,0.0,0.0,0.0,0.0,0.0,0.0,0.0,0.0,0.0,0.0,Bradley,0,0.0,0.0,0.0
1134,0.0,0.0,0.0,0.0,0.0,0.0,0.0,0.0,0.0,0.0,0.0,0.0,0.0,0.0,0.0,0.0,0.0,0.0,0.0,0.0,0.0,0.0,0.0,0.0,0.0,Brooklyn,0,0.0,0.0,0.0
1135,0.0,0.0,0.0,0.0,0.0,0.0,0.0,0.0,0.0,0.0,0.0,0.0,0.0,0.0,0.0,0.0,0.0,0.0,0.0,0.0,0.0,0.0,0.0,0.0,0.0,Brown,0,0.0,0.0,0.0
1136,0.0,0.0,0.0,0.0,0.0,0.0,0.0,0.0,0.0,0.0,0.0,0.0,0.0,0.0,0.0,0.0,0.0,0.0,0.0,0.0,0.0,0.0,0.0,0.0,0.0,Bryant,0,0.0,0.0,0.0
1137,0.0,0.0,0.0,0.0,0.0,0.0,0.0,0.0,0.0,0.0,0.0,0.0,0.0,0.0,0.0,0.0,0.0,0.0,0.0,0.0,0.0,0.0,0.0,0.0,0.0,Bucknell,0,0.0,0.0,0.0
1138,0.0,0.0,0.0,0.0,0.0,0.0,0.0,0.0,0.0,0.0,0.0,0.0,0.0,0.0,0.0,0.0,0.0,0.0,0.0,0.0,0.0,0.0,0.0,0.0,0.0,Buffalo,0,0.0,0.0,0.0
1139,0.6666666666666666,0.6666666666666666,5.666666666666667,14.333333333333334,6.666666666666667,6.0,4.333333333333333,18.0,6.333333333333333,5.666666666666667,2.3333333333333335,15.0,13.333333333333334,9.0,8.666666666666666,1.3333333333333333,5.666666666666667,33.0,4.666666666666667,3.0,42.0,12.333333333333334,2.3333333333333335,4.0,4.333333333333333,Butler,3,6.333333333333333,8.666666666666666,3.3333333333333335
1140,0.0,4.0,0.0,64.0,0.0,22.0,11.0,53.0,20.0,0.0,8.0,0.0,0.0,0.0,0.0,2.0,13.0,0.0,26.0,0.0,0.0,0.0,15.0,11.0,17.0,BYU,1,0.0,0.0,11.0
1141,0.5,1.0,5.5,28.5,9.0,7.0,10.5,30.0,10.5,9.0,2.0,14.5,3.5,12.5,9.5,4.0,7.0,26.5,9.5,6.5,39.5,10.0,7.0,5.0,8.5,C Michigan,2,1.5,7.5,4.0
1142,0.0,0.0,0.0,0.0,0.0,0.0,0.0,0.0,0.0,0.0,0.0,0.0,0.0,0.0,0.0,0.0,0.0,0.0,0.0,0.0,0.0,0.0,0.0,0.0,0.0,Cal Poly SLO,0,0.0,0.0,0.0
1143,1.0,2.0,9.0,26.0,6.5,11.5,4.5,32.5,13.5,7.5,2.5,13.5,10.0,11.5,7.0,2.5,6.0,32.0,9.0,4.0,38.0,10.0,3.0,3.0,8.0,California,2,3.5,8.5,3.0
1144,0.0,0.0,0.0,0.0,0.0,0.0,0.0,0.0,0.0,0.0,0.0,0.0,0.0,0.0,0.0,0.0,0.0,0.0,0.0,0.0,0.0,0.0,0.0,0.0,0.0,Campbell,0,0.0,0.0,0.0
1145,0.0,0.0,0.0,0.0,0.0,0.0,0.0,0.0,0.0,0.0,0.0,0.0,0.0,0.0,0.0,0.0,0.0,0.0,0.0,0.0,0.0,0.0,0.0,0.0,0.0,Canisius,0,0.0,0.0,0.0
1146,0.0,0.0,0.0,0.0,0.0,0.0,0.0,0.0,0.0,0.0,0.0,0.0,0.0,0.0,0.0,0.0,0.0,0.0,0.0,0.0,0.0,0.0,0.0,0.0,0.0,Cent Arkansas,0,0.0,0.0,0.0
1147,0.0,0.0,0.0,0.0,0.0,0.0,0.0,0.0,0.0,0.0,0.0,0.0,0.0,0.0,0.0,0.0,0.0,0.0,0.0,0.0,0.0,0.0,0.0,0.0,0.0,Centenary,0,0.0,0.0,0.0
1148,0.0,0.0,0.0,0.0,0.0,0.0,0.0,0.0,0.0,0.0,0.0,0.0,0.0,0.0,0.0,0.0,0.0,0.0,0.0,0.0,0.0,0.0,0.0,0.0,0.0,Central Conn,0,0.0,0.0,0.0
1149,0.0,0.0,0.0,0.0,0.0,0.0,0.0,0.0,0.0,0.0,0.0,0.0,0.0,0.0,0.0,0.0,0.0,0.0,0.0,0.0,0.0,0.0,0.0,0.0,0.0,Charleston So,0,0.0,0.0,0.0
1150,0.0,0.0,0.0,0.0,0.0,0.0,0.0,0.0,0.0,0.0,0.0,0.0,0.0,0.0,0.0,0.0,0.0,0.0,0.0,0.0,0.0,0.0,0.0,0.0,0.0,Charlotte,0,0.0,0.0,0.0
1151,0.0,0.0,0.0,0.0,0.0,0.0,0.0,0.0,0.0,0.0,0.0,0.0,0.0,0.0,0.0,0.0,0.0,0.0,0.0,0.0,0.0,0.0,0.0,0.0,0.0,Chattanooga,0,0.0,0.0,0.0
1152,0.0,0.0,0.0,0.0,0.0,0.0,0.0,0.0,0.0,0.0,0.0,0.0,0.0,0.0,0.0,0.0,0.0,0.0,0.0,0.0,0.0,0.0,0.0,0.0,0.0,Chicago St,0,0.0,0.0,0.0
1153,0.0,6.0,0.0,66.0,0.0,24.0,10.0,69.0,26.0,0.0,7.0,0.0,0.0,0.0,0.0,10.0,10.0,0.0,22.0,0.0,0.0,0.0,13.0,7.0,27.0,Cincinnati,1,0.0,0.0,13.0
1154,0.0,0.0,0.0,0.0,0.0,0.0,0.0,0.0,0.0,0.0,0.0,0.0,0.0,0.0,0.0,0.0,0.0,0.0,0.0,0.0,0.0,0.0,0.0,0.0,0.0,Citadel,0,0.0,0.0,0.0
1155,0.0,0.0,0.0,0.0,0.0,0.0,0.0,0.0,0.0,0.0,0.0,0.0,0.0,0.0,0.0,0.0,0.0,0.0,0.0,0.0,0.0,0.0,0.0,0.0,0.0,Clemson,0,0.0,0.0,0.0
1156,0.0,0.0,0.0,0.0,0.0,0.0,0.0,0.0,0.0,0.0,0.0,0.0,0.0,0.0,0.0,0.0,0.0,0.0,0.0,0.0,0.0,0.0,0.0,0.0,0.0,Cleveland St,0,0.0,0.0,0.0
1157,0.0,0.0,0.0,0.0,0.0,0.0,0.0,0.0,0.0,0.0,0.0,0.0,0.0,0.0,0.0,0.0,0.0,0.0,0.0,0.0,0.0,0.0,0.0,0.0,0.0,Coastal Car,0,0.0,0.0,0.0
1158,0.0,0.0,0.0,0.0,0.0,0.0,0.0,0.0,0.0,0.0,0.0,0.0,0.0,0.0,0.0,0.0,0.0,0.0,0.0,0.0,0.0,0.0,0.0,0.0,0.0,Col Charleston,0,0.0,0.0,0.0
1159,0.0,0.0,0.0,0.0,0.0,0.0,0.0,0.0,0.0,0.0,0.0,0.0,0.0,0.0,0.0,0.0,0.0,0.0,0.0,0.0,0.0,0.0,0.0,0.0,0.0,Colgate,0,0.0,0.0,0.0
1160,0.0,8.0,0.0,60.0,0.0,19.0,13.0,64.0,26.0,0.0,6.0,0.0,0.0,0.0,0.0,5.0,17.0,0.0,23.0,0.0,0.0,0.0,12.0,7.0,14.0,Colorado,1,0.0,0.0,9.0
1161,0.0,4.0,0.0,54.0,0.0,19.0,19.0,57.0,18.0,0.0,5.0,0.0,0.0,0.0,0.0,3.0,22.0,0.0,24.0,0.0,0.0,0.0,11.0,18.0,11.0,Colorado St,1,0.0,0.0,8.0
1162,0.0,0.0,0.0,0.0,0.0,0.0,0.0,0.0,0.0,0.0,0.0,0.0,0.0,0.0,0.0,0.0,0.0,0.0,0.0,0.0,0.0,0.0,0.0,0.0,0.0,Columbia,0,0.0,0.0,0.0
1163,3.0,2.6666666666666665,9.666666666666666,23.666666666666668,7.666666666666667,7.0,3.6666666666666665,26.0,10.0,12.333333333333334,2.3333333333333335,16.0,8.0,16.0,9.666666666666666,1.3333333333333333,8.333333333333334,40.0,9.0,2.3333333333333335,47.666666666666664,18.333333333333332,4.666666666666667,4.666666666666667,4.333333333333333,Connecticut,3,3.3333333333333335,6.666666666666667,4.333333333333333
1164,0.0,0.0,0.0,0.0,0.0,0.0,0.0,0.0,0.0,0.0,0.0,0.0,0.0,0.0,0.0,0.0,0.0,0.0,0.0,0.0,0.0,0.0,0.0,0.0,0.0,Coppin St,0,0.0,0.0,0.0
1165,0.0,0.0,0.0,0.0,0.0,0.0,0.0,0.0,0.0,0.0,0.0,0.0,0.0,0.0,0.0,0.0,0.0,0.0,0.0,0.0,0.0,0.0,0.0,0.0,0.0,Cornell,0,0.0,0.0,0.0
1166,0.0,6.0,0.0,60.0,0.0,21.0,21.0,73.0,27.0,0.0,6.0,0.0,0.0,0.0,0.0,7.0,17.0,0.0,17.0,0.0,0.0,0.0,14.0,12.0,17.0,Creighton,1,0.0,0.0,20.0
1167,0.0,0.0,0.0,0.0,0.0,0.0,0.0,0.0,0.0,0.0,0.0,0.0,0.0,0.0,0.0,0.0,0.0,0.0,0.0,0.0,0.0,0.0,0.0,0.0,0.0,CS Bakersfield,0,0.0,0.0,0.0
1168,0.0,0.0,0.0,0.0,0.0,0.0,0.0,0.0,0.0,0.0,0.0,0.0,0.0,0.0,0.0,0.0,0.0,0.0,0.0,0.0,0.0,0.0,0.0,0.0,0.0,CS Fullerton,0,0.0,0.0,0.0
1169,0.0,0.0,0.0,0.0,0.0,0.0,0.0,0.0,0.0,0.0,0.0,0.0,0.0,0.0,0.0,0.0,0.0,0.0,0.0,0.0,0.0,0.0,0.0,0.0,0.0,CS Northridge,0,0.0,0.0,0.0
1170,0.0,0.0,0.0,0.0,0.0,0.0,0.0,0.0,0.0,0.0,0.0,0.0,0.0,0.0,0.0,0.0,0.0,0.0,0.0,0.0,0.0,0.0,0.0,0.0,0.0,CS Sacramento,0,0.0,0.0,0.0
1171,0.0,0.0,0.0,0.0,0.0,0.0,0.0,0.0,0.0,0.0,0.0,0.0,0.0,0.0,0.0,0.0,0.0,0.0,0.0,0.0,0.0,0.0,0.0,0.0,0.0,Dartmouth,0,0.0,0.0,0.0
1172,0.0,0.0,0.0,0.0,0.0,0.0,0.0,0.0,0.0,0.0,0.0,0.0,0.0,0.0,0.0,0.0,0.0,0.0,0.0,0.0,0.0,0.0,0.0,0.0,0.0,Davidson,0,0.0,0.0,0.0
1173,0.0,3.0,0.0,66.0,0.0,19.0,11.0,71.0,28.0,0.0,3.0,0.0,0.0,0.0,0.0,9.0,9.0,0.0,16.0,0.0,0.0,0.0,12.0,6.0,28.0,Dayton,1,0.0,0.0,11.0
1174,0.0,0.0,0.0,0.0,0.0,0.0,0.0,0.0,0.0,0.0,0.0,0.0,0.0,0.0,0.0,0.0,0.0,0.0,0.0,0.0,0.0,0.0,0.0,0.0,0.0,Delaware,0,0.0,0.0,0.0
1175,0.0,0.0,0.0,0.0,0.0,0.0,0.0,0.0,0.0,0.0,0.0,0.0,0.0,0.0,0.0,0.0,0.0,0.0,0.0,0.0,0.0,0.0,0.0,0.0,0.0,Delaware St,0,0.0,0.0,0.0
1176,0.0,0.0,0.0,0.0,0.0,0.0,0.0,0.0,0.0,0.0,0.0,0.0,0.0,0.0,0.0,0.0,0.0,0.0,0.0,0.0,0.0,0.0,0.0,0.0,0.0,Denver,0,0.0,0.0,0.0
1177,0.0,0.0,0.0,0.0,0.0,0.0,0.0,0.0,0.0,0.0,0.0,0.0,0.0,0.0,0.0,0.0,0.0,0.0,0.0,0.0,0.0,0.0,0.0,0.0,0.0,DePaul,0,0.0,0.0,0.0
1178,0.0,0.0,0.0,0.0,0.0,0.0,0.0,0.0,0.0,0.0,0.0,0.0,0.0,0.0,0.0,0.0,0.0,0.0,0.0,0.0,0.0,0.0,0.0,0.0,0.0,Detroit,0,0.0,0.0,0.0
1179,0.0,0.0,0.0,0.0,0.0,0.0,0.0,0.0,0.0,0.0,0.0,0.0,0.0,0.0,0.0,0.0,0.0,0.0,0.0,0.0,0.0,0.0,0.0,0.0,0.0,Drake,0,0.0,0.0,0.0
1180,0.0,0.0,0.0,0.0,0.0,0.0,0.0,0.0,0.0,0.0,0.0,0.0,0.0,0.0,0.0,0.0,0.0,0.0,0.0,0.0,0.0,0.0,0.0,0.0,0.0,Drexel,0,0.0,0.0,0.0
1181,5.666666666666667,2.3333333333333335,5.666666666666667,21.666666666666668,9.0,6.0,4.666666666666667,21.666666666666668,8.333333333333334,12.333333333333334,2.0,17.0,9.333333333333334,15.666666666666666,13.666666666666666,3.3333333333333335,2.6666666666666665,35.333333333333336,7.333333333333333,8.333333333333334,51.0,16.666666666666668,3.6666666666666665,1.6666666666666667,8.666666666666666,Duke,3,4.666666666666667,6.0,3.6666666666666665
1182,0.0,0.0,0.0,0.0,0.0,0.0,0.0,0.0,0.0,0.0,0.0,0.0,0.0,0.0,0.0,0.0,0.0,0.0,0.0,0.0,0.0,0.0,0.0,0.0,0.0,Duquesne,0,0.0,0.0,0.0
1183,0.0,0.0,0.0,0.0,0.0,0.0,0.0,0.0,0.0,0.0,0.0,0.0,0.0,0.0,0.0,0.0,0.0,0.0,0.0,0.0,0.0,0.0,0.0,0.0,0.0,E Illinois,0,0.0,0.0,0.0
1184,0.0,0.0,0.0,0.0,0.0,0.0,0.0,0.0,0.0,0.0,0.0,0.0,0.0,0.0,0.0,0.0,0.0,0.0,0.0,0.0,0.0,0.0,0.0,0.0,0.0,E Kentucky,0,0.0,0.0,0.0
1185,0.0,0.0,0.0,0.0,0.0,0.0,0.0,0.0,0.0,0.0,0.0,0.0,0.0,0.0,0.0,0.0,0.0,0.0,0.0,0.0,0.0,0.0,0.0,0.0,0.0,E Michigan,0,0.0,0.0,0.0
1186,0.0,0.0,0.0,0.0,0.0,0.0,0.0,0.0,0.0,0.0,0.0,0.0,0.0,0.0,0.0,0.0,0.0,0.0,0.0,0.0,0.0,0.0,0.0,0.0,0.0,E Washington,0,0.0,0.0,0.0
1187,0.0,0.0,0.0,0.0,0.0,0.0,0.0,0.0,0.0,0.0,0.0,0.0,0.0,0.0,0.0,0.0,0.0,0.0,0.0,0.0,0.0,0.0,0.0,0.0,0.0,East Carolina,0,0.0,0.0,0.0
1188,0.0,0.0,0.0,0.0,0.0,0.0,0.0,0.0,0.0,0.0,0.0,0.0,0.0,0.0,0.0,0.0,0.0,0.0,0.0,0.0,0.0,0.0,0.0,0.0,0.0,Edwardsville,0,0.0,0.0,0.0
1189,0.0,0.0,0.0,0.0,0.0,0.0,0.0,0.0,0.0,0.0,0.0,0.0,0.0,0.0,0.0,0.0,0.0,0.0,0.0,0.0,0.0,0.0,0.0,0.0,0.0,Elon,0,0.0,0.0,0.0
1190,0.0,4.0,0.0,60.0,0.0,20.0,15.0,73.0,24.0,0.0,12.0,0.0,0.0,0.0,0.0,5.0,28.0,0.0,25.0,0.0,0.0,0.0,13.0,20.0,10.0,ETSU,1,0.0,0.0,7.0
1191,0.0,0.0,0.0,0.0,0.0,0.0,0.0,0.0,0.0,0.0,0.0,0.0,0.0,0.0,0.0,0.0,0.0,0.0,0.0,0.0,0.0,0.0,0.0,0.0,0.0,Evansville,0,0.0,0.0,0.0
1192,0.0,0.0,0.0,0.0,0.0,0.0,0.0,0.0,0.0,0.0,0.0,0.0,0.0,0.0,0.0,0.0,0.0,0.0,0.0,0.0,0.0,0.0,0.0,0.0,0.0,F Dickinson,0,0.0,0.0,0.0
1193,0.0,0.0,0.0,0.0,0.0,0.0,0.0,0.0,0.0,0.0,0.0,0.0,0.0,0.0,0.0,0.0,0.0,0.0,0.0,0.0,0.0,0.0,0.0,0.0,0.0,Fairfield,0,0.0,0.0,0.0
1194,0.0,0.0,0.0,0.0,0.0,0.0,0.0,0.0,0.0,0.0,0.0,0.0,0.0,0.0,0.0,0.0,0.0,0.0,0.0,0.0,0.0,0.0,0.0,0.0,0.0,FL Atlantic,0,0.0,0.0,0.0
1195,0.0,0.0,0.0,0.0,0.0,0.0,0.0,0.0,0.0,0.0,0.0,0.0,0.0,0.0,0.0,0.0,0.0,0.0,0.0,0.0,0.0,0.0,0.0,0.0,0.0,FL Gulf Coast,0,0.0,0.0,0.0
1196,1.5,0.5,4.5,21.5,5.0,10.0,7.0,23.0,8.0,4.0,1.0,16.0,14.0,7.0,7.5,2.5,6.0,30.5,7.0,3.0,42.5,15.5,4.0,4.5,10.5,Florida,2,6.5,12.0,4.5
1197,0.0,0.0,0.0,0.0,0.0,0.0,0.0,0.0,0.0,0.0,0.0,0.0,0.0,0.0,0.0,0.0,0.0,0.0,0.0,0.0,0.0,0.0,0.0,0.0,0.0,Florida A&M,0,0.0,0.0,0.0
1198,0.0,0.0,0.0,0.0,0.0,0.0,0.0,0.0,0.0,0.0,0.0,0.0,0.0,0.0,0.0,0.0,0.0,0.0,0.0,0.0,0.0,0.0,0.0,0.0,0.0,Florida Intl,0,0.0,0.0,0.0
1199,0.0,0.0,0.0,0.0,0.0,0.0,0.0,0.0,0.0,0.0,0.0,0.0,0.0,0.0,0.0,0.0,0.0,0.0,0.0,0.0,0.0,0.0,0.0,0.0,0.0,Florida St,0,0.0,0.0,0.0
1200,0.0,0.0,0.0,0.0,0.0,0.0,0.0,0.0,0.0,0.0,0.0,0.0,0.0,0.0,0.0,0.0,0.0,0.0,0.0,0.0,0.0,0.0,0.0,0.0,0.0,Fordham,0,0.0,0.0,0.0
1201,0.0,0.0,0.0,0.0,0.0,0.0,0.0,0.0,0.0,0.0,0.0,0.0,0.0,0.0,0.0,0.0,0.0,0.0,0.0,0.0,0.0,0.0,0.0,0.0,0.0,Fresno St,0,0.0,0.0,0.0
1202,0.0,0.0,0.0,0.0,0.0,0.0,0.0,0.0,0.0,0.0,0.0,0.0,0.0,0.0,0.0,0.0,0.0,0.0,0.0,0.0,0.0,0.0,0.0,0.0,0.0,Furman,0,0.0,0.0,0.0
1203,0.0,0.0,0.0,0.0,0.0,0.0,0.0,0.0,0.0,0.0,0.0,0.0,0.0,0.0,0.0,0.0,0.0,0.0,0.0,0.0,0.0,0.0,0.0,0.0,0.0,G Washington,0,0.0,0.0,0.0
1204,0.0,0.0,0.0,0.0,0.0,0.0,0.0,0.0,0.0,0.0,0.0,0.0,0.0,0.0,0.0,0.0,0.0,0.0,0.0,0.0,0.0,0.0,0.0,0.0,0.0,Ga Southern,0,0.0,0.0,0.0
1205,0.0,0.0,0.0,0.0,0.0,0.0,0.0,0.0,0.0,0.0,0.0,0.0,0.0,0.0,0.0,0.0,0.0,0.0,0.0,0.0,0.0,0.0,0.0,0.0,0.0,Gardner Webb,0,0.0,0.0,0.0
1206,0.0,0.0,0.0,0.0,0.0,0.0,0.0,0.0,0.0,0.0,0.0,0.0,0.0,0.0,0.0,0.0,0.0,0.0,0.0,0.0,0.0,0.0,0.0,0.0,0.0,George Mason,0,0.0,0.0,0.0
1207,0.0,0.0,0.0,0.0,0.0,0.0,0.0,0.0,0.0,0.0,0.0,0.0,0.0,0.0,0.0,0.0,0.0,0.0,0.0,0.0,0.0,0.0,0.0,0.0,0.0,Georgetown,0,0.0,0.0,0.0
1208,0.0,0.0,0.0,0.0,0.0,0.0,0.0,0.0,0.0,0.0,0.0,0.0,0.0,0.0,0.0,0.0,0.0,0.0,0.0,0.0,0.0,0.0,0.0,0.0,0.0,Georgia,0,0.0,0.0,0.0
1209,0.0,0.0,0.0,0.0,0.0,0.0,0.0,0.0,0.0,0.0,0.0,0.0,0.0,0.0,0.0,0.0,0.0,0.0,0.0,0.0,0.0,0.0,0.0,0.0,0.0,Georgia St,0,0.0,0.0,0.0
1210,0.0,0.0,0.0,0.0,0.0,0.0,0.0,0.0,0.0,0.0,0.0,0.0,0.0,0.0,0.0,0.0,0.0,0.0,0.0,0.0,0.0,0.0,0.0,0.0,0.0,Georgia Tech,0,0.0,0.0,0.0
1211,1.0,2.5,4.0,38.5,6.0,12.5,5.5,47.5,17.0,14.0,2.5,10.0,7.0,18.5,7.5,5.5,10.5,23.5,13.5,1.0,37.0,14.0,8.0,8.0,15.0,Gonzaga,2,3.0,6.0,10.0
1212,0.0,0.0,0.0,0.0,0.0,0.0,0.0,0.0,0.0,0.0,0.0,0.0,0.0,0.0,0.0,0.0,0.0,0.0,0.0,0.0,0.0,0.0,0.0,0.0,0.0,Grambling,0,0.0,0.0,0.0
1213,0.0,0.0,0.0,0.0,0.0,0.0,0.0,0.0,0.0,0.0,0.0,0.0,0.0,0.0,0.0,0.0,0.0,0.0,0.0,0.0,0.0,0.0,0.0,0.0,0.0,Grand Canyon,0,0.0,0.0,0.0
1214,0.0,0.0,0.0,0.0,0.0,0.0,0.0,0.0,0.0,0.0,0.0,0.0,0.0,0.0,0.0,0.0,0.0,0.0,0.0,0.0,0.0,0.0,0.0,0.0,0.0,Hampton,0,0.0,0.0,0.0
1215,0.0,0.0,0.0,0.0,0.0,0.0,0.0,0.0,0.0,0.0,0.0,0.0,0.0,0.0,0.0,0.0,0.0,0.0,0.0,0.0,0.0,0.0,0.0,0.0,0.0,Hardin-Simmons,0,0.0,0.0,0.0
1216,0.0,0.0,0.0,0.0,0.0,0.0,0.0,0.0,0.0,0.0,0.0,0.0,0.0,0.0,0.0,0.0,0.0,0.0,0.0,0.0,0.0,0.0,0.0,0.0,0.0,Hartford,0,0.0,0.0,0.0
1217,0.0,0.0,0.0,0.0,0.0,0.0,0.0,0.0,0.0,0.0,0.0,0.0,0.0,0.0,0.0,0.0,0.0,0.0,0.0,0.0,0.0,0.0,0.0,0.0,0.0,Harvard,0,0.0,0.0,0.0
1218,0.0,0.0,0.0,0.0,0.0,0.0,0.0,0.0,0.0,0.0,0.0,0.0,0.0,0.0,0.0,0.0,0.0,0.0,0.0,0.0,0.0,0.0,0.0,0.0,0.0,Hawaii,0,0.0,0.0,0.0
1219,0.0,0.0,0.0,0.0,0.0,0.0,0.0,0.0,0.0,0.0,0.0,0.0,0.0,0.0,0.0,0.0,0.0,0.0,0.0,0.0,0.0,0.0,0.0,0.0,0.0,High Point,0,0.0,0.0,0.0
1220,0.0,0.0,0.0,0.0,0.0,0.0,0.0,0.0,0.0,0.0,0.0,0.0,0.0,0.0,0.0,0.0,0.0,0.0,0.0,0.0,0.0,0.0,0.0,0.0,0.0,Hofstra,0,0.0,0.0,0.0
1221,0.0,1.0,0.0,54.0,0.0,20.0,9.0,68.0,24.0,0.0,4.0,0.0,0.0,0.0,0.0,5.0,25.0,0.0,20.0,0.0,0.0,0.0,14.0,15.0,15.0,Holy Cross,1,0.0,0.0,14.0
1222,0.0,0.0,0.0,0.0,0.0,0.0,0.0,0.0,0.0,0.0,0.0,0.0,0.0,0.0,0.0,0.0,0.0,0.0,0.0,0.0,0.0,0.0,0.0,0.0,0.0,Houston,0,0.0,0.0,0.0
1223,0.0,0.0,0.0,0.0,0.0,0.0,0.0,0.0,0.0,0.0,0.0,0.0,0.0,0.0,0.0,0.0,0.0,0.0,0.0,0.0,0.0,0.0,0.0,0.0,0.0,Houston Bap,0,0.0,0.0,0.0
1224,0.0,0.0,0.0,0.0,0.0,0.0,0.0,0.0,0.0,0.0,0.0,0.0,0.0,0.0,0.0,0.0,0.0,0.0,0.0,0.0,0.0,0.0,0.0,0.0,0.0,Howard,0,0.0,0.0,0.0
1225,0.0,0.0,0.0,0.0,0.0,0.0,0.0,0.0,0.0,0.0,0.0,0.0,0.0,0.0,0.0,0.0,0.0,0.0,0.0,0.0,0.0,0.0,0.0,0.0,0.0,Idaho,0,0.0,0.0,0.0
1226,0.0,0.0,0.0,0.0,0.0,0.0,0.0,0.0,0.0,0.0,0.0,0.0,0.0,0.0,0.0,0.0,0.0,0.0,0.0,0.0,0.0,0.0,0.0,0.0,0.0,Idaho St,0,0.0,0.0,0.0
1227,0.0,0.0,0.0,0.0,0.0,0.0,0.0,0.0,0.0,0.0,0.0,0.0,0.0,0.0,0.0,0.0,0.0,0.0,0.0,0.0,0.0,0.0,0.0,0.0,0.0,IL Chicago,0,0.0,0.0,0.0
1228,2.0,1.5,7.5,31.5,7.0,5.0,4.5,30.0,11.0,6.0,3.0,12.0,7.0,7.0,7.0,2.5,8.0,28.0,15.5,5.5,32.5,11.5,5.0,5.5,8.5,Illinois,2,2.5,7.5,6.0
1229,0.0,0.0,0.0,0.0,0.0,0.0,0.0,0.0,0.0,0.0,0.0,0.0,0.0,0.0,0.0,0.0,0.0,0.0,0.0,0.0,0.0,0.0,0.0,0.0,0.0,Illinois St,0,0.0,0.0,0.0
1230,0.0,0.0,0.0,0.0,0.0,0.0,0.0,0.0,0.0,0.0,0.0,0.0,0.0,0.0,0.0,0.0,0.0,0.0,0.0,0.0,0.0,0.0,0.0,0.0,0.0,Incarnate Word,0,0.0,0.0,0.0
1231,1.0,1.0,6.5,22.0,4.0,9.0,8.0,26.0,9.5,11.0,1.5,9.5,9.0,13.0,8.5,3.0,5.0,24.5,7.5,0.5,33.5,11.0,2.5,4.0,8.5,Indiana,2,3.5,7.5,6.5
1232,0.0,0.0,0.0,0.0,0.0,0.0,0.0,0.0,0.0,0.0,0.0,0.0,0.0,0.0,0.0,0.0,0.0,0.0,0.0,0.0,0.0,0.0,0.0,0.0,0.0,Indiana St,0,0.0,0.0,0.0
1233,0.0,0.0,0.0,0.0,0.0,0.0,0.0,0.0,0.0,0.0,0.0,0.0,0.0,0.0,0.0,0.0,0.0,0.0,0.0,0.0,0.0,0.0,0.0,0.0,0.0,Iona,0,0.0,0.0,0.0
1234,0.0,0.0,0.0,0.0,0.0,0.0,0.0,0.0,0.0,0.0,0.0,0.0,0.0,0.0,0.0,0.0,0.0,0.0,0.0,0.0,0.0,0.0,0.0,0.0,0.0,Iowa,0,0.0,0.0,0.0
1235,0.0,0.0,0.0,0.0,0.0,0.0,0.0,0.0,0.0,0.0,0.0,0.0,0.0,0.0,0.0,0.0,0.0,0.0,0.0,0.0,0.0,0.0,0.0,0.0,0.0,Iowa St,0,0.0,0.0,0.0
1236,0.0,0.0,0.0,0.0,0.0,0.0,0.0,0.0,0.0,0.0,0.0,0.0,0.0,0.0,0.0,0.0,0.0,0.0,0.0,0.0,0.0,0.0,0.0,0.0,0.0,IPFW,0,0.0,0.0,0.0
1237,0.0,1.0,0.0,60.0,0.0,15.0,19.0,64.0,22.0,0.0,7.0,0.0,0.0,0.0,0.0,4.0,22.0,0.0,18.0,0.0,0.0,0.0,15.0,16.0,15.0,IUPUI,1,0.0,0.0,10.0
1238,0.0,0.0,0.0,0.0,0.0,0.0,0.0,0.0,0.0,0.0,0.0,0.0,0.0,0.0,0.0,0.0,0.0,0.0,0.0,0.0,0.0,0.0,0.0,0.0,0.0,Jackson St,0,0.0,0.0,0.0
1239,0.0,0.0,0.0,0.0,0.0,0.0,0.0,0.0,0.0,0.0,0.0,0.0,0.0,0.0,0.0,0.0,0.0,0.0,0.0,0.0,0.0,0.0,0.0,0.0,0.0,Jacksonville,0,0.0,0.0,0.0
1240,0.0,0.0,0.0,0.0,0.0,0.0,0.0,0.0,0.0,0.0,0.0,0.0,0.0,0.0,0.0,0.0,0.0,0.0,0.0,0.0,0.0,0.0,0.0,0.0,0.0,Jacksonville St,0,0.0,0.0,0.0
1241,0.0,0.0,0.0,0.0,0.0,0.0,0.0,0.0,0.0,0.0,0.0,0.0,0.0,0.0,0.0,0.0,0.0,0.0,0.0,0.0,0.0,0.0,0.0,0.0,0.0,James Madison,0,0.0,0.0,0.0
1242,4.166666666666667,0.6666666666666666,11.833333333333334,11.833333333333334,11.333333333333334,2.6666666666666665,3.0,13.0,5.166666666666667,10.166666666666666,1.5,27.333333333333332,12.0,16.166666666666668,14.666666666666666,0.6666666666666666,5.0,52.5,4.333333333333333,6.5,68.83333333333333,22.0,4.333333333333333,2.0,3.3333333333333335,Kansas,6,4.0,14.333333333333334,3.0
1243,0.0,0.0,0.0,0.0,0.0,0.0,0.0,0.0,0.0,0.0,0.0,0.0,0.0,0.0,0.0,0.0,0.0,0.0,0.0,0.0,0.0,0.0,0.0,0.0,0.0,Kansas St,0,0.0,0.0,0.0
1244,0.0,0.0,0.0,0.0,0.0,0.0,0.0,0.0,0.0,0.0,0.0,0.0,0.0,0.0,0.0,0.0,0.0,0.0,0.0,0.0,0.0,0.0,0.0,0.0,0.0,Kennesaw,0,0.0,0.0,0.0
1245,0.0,0.0,0.0,0.0,0.0,0.0,0.0,0.0,0.0,0.0,0.0,0.0,0.0,0.0,0.0,0.0,0.0,0.0,0.0,0.0,0.0,0.0,0.0,0.0,0.0,Kent,0,0.0,0.0,0.0
1246,2.75,0.5,8.75,16.0,10.0,4.75,2.75,17.25,6.25,9.25,2.5,22.5,9.5,13.25,12.5,1.0,6.0,42.25,4.0,5.25,58.0,17.0,5.0,3.75,4.0,Kentucky,4,3.75,10.5,3.5
1247,0.0,0.0,0.0,0.0,0.0,0.0,0.0,0.0,0.0,0.0,0.0,0.0,0.0,0.0,0.0,0.0,0.0,0.0,0.0,0.0,0.0,0.0,0.0,0.0,0.0,La Salle,0,0.0,0.0,0.0
1248,0.0,0.0,0.0,0.0,0.0,0.0,0.0,0.0,0.0,0.0,0.0,0.0,0.0,0.0,0.0,0.0,0.0,0.0,0.0,0.0,0.0,0.0,0.0,0.0,0.0,Lafayette,0,0.0,0.0,0.0
1249,0.0,0.0,0.0,0.0,0.0,0.0,0.0,0.0,0.0,0.0,0.0,0.0,0.0,0.0,0.0,0.0,0.0,0.0,0.0,0.0,0.0,0.0,0.0,0.0,0.0,Lamar,0,0.0,0.0,0.0
1250,0.0,0.0,0.0,0.0,0.0,0.0,0.0,0.0,0.0,0.0,0.0,0.0,0.0,0.0,0.0,0.0,0.0,0.0,0.0,0.0,0.0,0.0,0.0,0.0,0.0,Lehigh,0,0.0,0.0,0.0
1251,0.0,0.0,0.0,0.0,0.0,0.0,0.0,0.0,0.0,0.0,0.0,0.0,0.0,0.0,0.0,0.0,0.0,0.0,0.0,0.0,0.0,0.0,0.0,0.0,0.0,Liberty,0,0.0,0.0,0.0
1252,0.0,0.0,0.0,0.0,0.0,0.0,0.0,0.0,0.0,0.0,0.0,0.0,0.0,0.0,0.0,0.0,0.0,0.0,0.0,0.0,0.0,0.0,0.0,0.0,0.0,Lipscomb,0,0.0,0.0,0.0
1253,0.0,0.0,0.0,0.0,0.0,0.0,0.0,0.0,0.0,0.0,0.0,0.0,0.0,0.0,0.0,0.0,0.0,0.0,0.0,0.0,0.0,0.0,0.0,0.0,0.0,Long Beach St,0,0.0,0.0,0.0
1254,0.0,0.0,0.0,0.0,0.0,0.0,0.0,0.0,0.0,0.0,0.0,0.0,0.0,0.0,0.0,0.0,0.0,0.0,0.0,0.0,0.0,0.0,0.0,0.0,0.0,Long Island,0,0.0,0.0,0.0
1255,0.0,0.0,0.0,0.0,0.0,0.0,0.0,0.0,0.0,0.0,0.0,0.0,0.0,0.0,0.0,0.0,0.0,0.0,0.0,0.0,0.0,0.0,0.0,0.0,0.0,Longwood,0,0.0,0.0,0.0
1256,0.0,0.0,0.0,0.0,0.0,0.0,0.0,0.0,0.0,0.0,0.0,0.0,0.0,0.0,0.0,0.0,0.0,0.0,0.0,0.0,0.0,0.0,0.0,0.0,0.0,Louisiana Tech,0,0.0,0.0,0.0
1257,2.0,1.0,7.5,27.0,6.0,10.5,7.0,35.5,14.0,4.0,4.0,17.5,12.0,6.5,11.0,5.5,2.0,35.0,9.5,6.0,43.0,14.5,4.0,2.0,12.5,Louisville,2,4.0,9.0,6.5
1258,0.0,0.0,0.0,0.0,0.0,0.0,0.0,0.0,0.0,0.0,0.0,0.0,0.0,0.0,0.0,0.0,0.0,0.0,0.0,0.0,0.0,0.0,0.0,0.0,0.0,Loy Marymount,0,0.0,0.0,0.0
1259,0.0,0.0,0.0,0.0,0.0,0.0,0.0,0.0,0.0,0.0,0.0,0.0,0.0,0.0,0.0,0.0,0.0,0.0,0.0,0.0,0.0,0.0,0.0,0.0,0.0,Loyola MD,0,0.0,0.0,0.0
1260,0.0,0.0,0.0,0.0,0.0,0.0,0.0,0.0,0.0,0.0,0.0,0.0,0.0,0.0,0.0,0.0,0.0,0.0,0.0,0.0,0.0,0.0,0.0,0.0,0.0,Loyola-Chicago,0,0.0,0.0,0.0
1261,0.0,3.0,0.0,60.0,0.0,13.0,16.0,56.0,20.0,0.0,7.0,0.0,0.0,0.0,0.0,6.0,17.0,0.0,18.0,0.0,0.0,0.0,17.0,10.0,26.0,LSU,1,0.0,0.0,7.0
1262,0.0,0.0,0.0,0.0,0.0,0.0,0.0,0.0,0.0,0.0,0.0,0.0,0.0,0.0,0.0,0.0,0.0,0.0,0.0,0.0,0.0,0.0,0.0,0.0,0.0,MA Lowell,0,0.0,0.0,0.0
1263,0.0,0.0,0.0,0.0,0.0,0.0,0.0,0.0,0.0,0.0,0.0,0.0,0.0,0.0,0.0,0.0,0.0,0.0,0.0,0.0,0.0,0.0,0.0,0.0,0.0,Maine,0,0.0,0.0,0.0
1264,0.0,2.0,0.0,61.0,0.0,14.0,11.0,65.0,22.0,0.0,9.0,0.0,0.0,0.0,0.0,6.0,18.0,0.0,14.0,0.0,0.0,0.0,14.0,15.0,21.0,Manhattan,1,0.0,0.0,16.0
1265,0.0,0.0,0.0,0.0,0.0,0.0,0.0,0.0,0.0,0.0,0.0,0.0,0.0,0.0,0.0,0.0,0.0,0.0,0.0,0.0,0.0,0.0,0.0,0.0,0.0,Marist,0,0.0,0.0,0.0
1266,2.4,0.6,7.8,14.8,9.4,3.4,2.2,12.2,4.6,12.8,1.4,23.2,13.0,16.0,16.6,0.6,3.6,44.4,3.6,4.6,66.6,17.8,4.2,2.4,3.2,Marquette,5,7.4,13.8,1.4
1267,0.0,0.0,0.0,0.0,0.0,0.0,0.0,0.0,0.0,0.0,0.0,0.0,0.0,0.0,0.0,0.0,0.0,0.0,0.0,0.0,0.0,0.0,0.0,0.0,0.0,Marshall,0,0.0,0.0,0.0
1268,3.0,1.3333333333333333,5.0,18.0,7.0,5.0,5.0,19.333333333333332,6.666666666666667,8.333333333333334,4.0,19.0,10.666666666666666,10.666666666666666,13.666666666666666,0.6666666666666666,6.0,37.333333333333336,8.0,1.6666666666666667,50.666666666666664,19.666666666666668,3.0,5.333333333333333,5.333333333333333,Maryland,3,4.333333333333333,12.0,2.6666666666666665
1269,0.0,0.0,0.0,0.0,0.0,0.0,0.0,0.0,0.0,0.0,0.0,0.0,0.0,0.0,0.0,0.0,0.0,0.0,0.0,0.0,0.0,0.0,0.0,0.0,0.0,Massachusetts,0,0.0,0.0,0.0
1270,0.0,0.0,0.0,0.0,0.0,0.0,0.0,0.0,0.0,0.0,0.0,0.0,0.0,0.0,0.0,0.0,0.0,0.0,0.0,0.0,0.0,0.0,0.0,0.0,0.0,McNeese St,0,0.0,0.0,0.0
1271,0.0,0.0,0.0,0.0,0.0,0.0,0.0,0.0,0.0,0.0,0.0,0.0,0.0,0.0,0.0,0.0,0.0,0.0,0.0,0.0,0.0,0.0,0.0,0.0,0.0,MD E Shore,0,0.0,0.0,0.0
1272,0.0,5.0,0.0,69.0,0.0,18.0,12.0,71.0,25.0,0.0,2.0,0.0,0.0,0.0,0.0,7.0,21.0,0.0,22.0,0.0,0.0,0.0,20.0,14.0,28.0,Memphis,1,0.0,0.0,11.0
1273,0.0,0.0,0.0,0.0,0.0,0.0,0.0,0.0,0.0,0.0,0.0,0.0,0.0,0.0,0.0,0.0,0.0,0.0,0.0,0.0,0.0,0.0,0.0,0.0,0.0,Mercer,0,0.0,0.0,0.0
1274,0.0,0.0,0.0,0.0,0.0,0.0,0.0,0.0,0.0,0.0,0.0,0.0,0.0,0.0,0.0,0.0,0.0,0.0,0.0,0.0,0.0,0.0,0.0,0.0,0.0,Miami FL,0,0.0,0.0,0.0
1275,0.0,0.0,0.0,0.0,0.0,0.0,0.0,0.0,0.0,0.0,0.0,0.0,0.0,0.0,0.0,0.0,0.0,0.0,0.0,0.0,0.0,0.0,0.0,0.0,0.0,Miami OH,0,0.0,0.0,0.0
1276,0.0,0.0,0.0,0.0,0.0,0.0,0.0,0.0,0.0,0.0,0.0,0.0,0.0,0.0,0.0,0.0,0.0,0.0,0.0,0.0,0.0,0.0,0.0,0.0,0.0,Michigan,0,0.0,0.0,0.0
1277,1.0,0.5,7.5,13.5,9.75,7.0,3.0,19.0,6.25,10.5,0.25,18.25,11.5,13.75,14.0,2.0,6.5,39.25,6.5,4.5,51.75,18.75,3.0,4.5,4.0,Michigan St,4,4.75,10.25,2.75
1278,0.0,0.0,0.0,0.0,0.0,0.0,0.0,0.0,0.0,0.0,0.0,0.0,0.0,0.0,0.0,0.0,0.0,0.0,0.0,0.0,0.0,0.0,0.0,0.0,0.0,Minnesota,0,0.0,0.0,0.0
1279,0.0,0.0,0.0,0.0,0.0,0.0,0.0,0.0,0.0,0.0,0.0,0.0,0.0,0.0,0.0,0.0,0.0,0.0,0.0,0.0,0.0,0.0,0.0,0.0,0.0,Mississippi,0,0.0,0.0,0.0
1280,0.0,4.0,0.0,44.0,0.0,13.0,10.0,46.0,16.0,0.0,6.0,0.0,0.0,0.0,0.0,6.0,14.0,0.0,22.0,0.0,0.0,0.0,8.0,8.0,21.0,Mississippi St,1,0.0,0.0,10.0
1281,3.0,2.0,4.5,36.0,11.5,8.5,6.0,46.0,15.5,5.5,2.0,14.0,6.5,9.0,9.5,7.5,9.5,26.0,10.0,2.0,36.0,16.0,9.0,7.5,18.0,Missouri,2,2.5,3.5,9.5
1282,0.0,0.0,0.0,0.0,0.0,0.0,0.0,0.0,0.0,0.0,0.0,0.0,0.0,0.0,0.0,0.0,0.0,0.0,0.0,0.0,0.0,0.0,0.0,0.0,0.0,Missouri KC,0,0.0,0.0,0.0
1283,0.0,0.0,0.0,0.0,0.0,0.0,0.0,0.0,0.0,0.0,0.0,0.0,0.0,0.0,0.0,0.0,0.0,0.0,0.0,0.0,0.0,0.0,0.0,0.0,0.0,Missouri St,0,0.0,0.0,0.0
1284,0.0,0.0,0.0,0.0,0.0,0.0,0.0,0.0,0.0,0.0,0.0,0.0,0.0,0.0,0.0,0.0,0.0,0.0,0.0,0.0,0.0,0.0,0.0,0.0,0.0,Monmouth NJ,0,0.0,0.0,0.0
1285,0.0,0.0,0.0,0.0,0.0,0.0,0.0,0.0,0.0,0.0,0.0,0.0,0.0,0.0,0.0,0.0,0.0,0.0,0.0,0.0,0.0,0.0,0.0,0.0,0.0,Montana,0,0.0,0.0,0.0
1286,0.0,0.0,0.0,0.0,0.0,0.0,0.0,0.0,0.0,0.0,0.0,0.0,0.0,0.0,0.0,0.0,0.0,0.0,0.0,0.0,0.0,0.0,0.0,0.0,0.0,Montana St,0,0.0,0.0,0.0
1287,0.0,0.0,0.0,0.0,0.0,0.0,0.0,0.0,0.0,0.0,0.0,0.0,0.0,0.0,0.0,0.0,0.0,0.0,0.0,0.0,0.0,0.0,0.0,0.0,0.0,Morehead St,0,0.0,0.0,0.0
1288,0.0,0.0,0.0,0.0,0.0,0.0,0.0,0.0,0.0,0.0,0.0,0.0,0.0,0.0,0.0,0.0,0.0,0.0,0.0,0.0,0.0,0.0,0.0,0.0,0.0,Morgan St,0,0.0,0.0,0.0
1289,0.0,0.0,0.0,0.0,0.0,0.0,0.0,0.0,0.0,0.0,0.0,0.0,0.0,0.0,0.0,0.0,0.0,0.0,0.0,0.0,0.0,0.0,0.0,0.0,0.0,Morris Brown,0,0.0,0.0,0.0
1290,0.0,0.0,0.0,0.0,0.0,0.0,0.0,0.0,0.0,0.0,0.0,0.0,0.0,0.0,0.0,0.0,0.0,0.0,0.0,0.0,0.0,0.0,0.0,0.0,0.0,MS Valley St,0,0.0,0.0,0.0
1291,0.0,0.0,0.0,0.0,0.0,0.0,0.0,0.0,0.0,0.0,0.0,0.0,0.0,0.0,0.0,0.0,0.0,0.0,0.0,0.0,0.0,0.0,0.0,0.0,0.0,Mt St Mary's,0,0.0,0.0,0.0
1292,0.0,0.0,0.0,0.0,0.0,0.0,0.0,0.0,0.0,0.0,0.0,0.0,0.0,0.0,0.0,0.0,0.0,0.0,0.0,0.0,0.0,0.0,0.0,0.0,0.0,MTSU,0,0.0,0.0,0.0
1293,0.0,0.0,0.0,0.0,0.0,0.0,0.0,0.0,0.0,0.0,0.0,0.0,0.0,0.0,0.0,0.0,0.0,0.0,0.0,0.0,0.0,0.0,0.0,0.0,0.0,Murray St,0,0.0,0.0,0.0
1294,0.0,0.0,0.0,0.0,0.0,0.0,0.0,0.0,0.0,0.0,0.0,0.0,0.0,0.0,0.0,0.0,0.0,0.0,0.0,0.0,0.0,0.0,0.0,0.0,0.0,N Colorado,0,0.0,0.0,0.0
1295,0.0,0.0,0.0,0.0,0.0,0.0,0.0,0.0,0.0,0.0,0.0,0.0,0.0,0.0,0.0,0.0,0.0,0.0,0.0,0.0,0.0,0.0,0.0,0.0,0.0,N Dakota St,0,0.0,0.0,0.0
1296,0.0,0.0,0.0,0.0,0.0,0.0,0.0,0.0,0.0,0.0,0.0,0.0,0.0,0.0,0.0,0.0,0.0,0.0,0.0,0.0,0.0,0.0,0.0,0.0,0.0,N Illinois,0,0.0,0.0,0.0
1297,0.0,0.0,0.0,0.0,0.0,0.0,0.0,0.0,0.0,0.0,0.0,0.0,0.0,0.0,0.0,0.0,0.0,0.0,0.0,0.0,0.0,0.0,0.0,0.0,0.0,N Kentucky,0,0.0,0.0,0.0
1298,0.0,0.0,0.0,0.0,0.0,0.0,0.0,0.0,0.0,0.0,0.0,0.0,0.0,0.0,0.0,0.0,0.0,0.0,0.0,0.0,0.0,0.0,0.0,0.0,0.0,Navy,0,0.0,0.0,0.0
1299,0.0,0.0,0.0,0.0,0.0,0.0,0.0,0.0,0.0,0.0,0.0,0.0,0.0,0.0,0.0,0.0,0.0,0.0,0.0,0.0,0.0,0.0,0.0,0.0,0.0,NC A&T,0,0.0,0.0,0.0
1300,0.0,0.0,0.0,0.0,0.0,0.0,0.0,0.0,0.0,0.0,0.0,0.0,0.0,0.0,0.0,0.0,0.0,0.0,0.0,0.0,0.0,0.0,0.0,0.0,0.0,NC Central,0,0.0,0.0,0.0
1301,0.0,8.0,0.0,56.0,0.0,19.0,14.0,74.0,25.0,0.0,5.0,0.0,0.0,0.0,0.0,9.0,20.0,0.0,26.0,0.0,0.0,0.0,10.0,15.0,21.0,NC State,1,0.0,0.0,16.0
1302,0.0,0.0,0.0,0.0,0.0,0.0,0.0,0.0,0.0,0.0,0.0,0.0,0.0,0.0,0.0,0.0,0.0,0.0,0.0,0.0,0.0,0.0,0.0,0.0,0.0,NE Illinois,0,0.0,0.0,0.0
1303,0.0,0.0,0.0,0.0,0.0,0.0,0.0,0.0,0.0,0.0,0.0,0.0,0.0,0.0,0.0,0.0,0.0,0.0,0.0,0.0,0.0,0.0,0.0,0.0,0.0,NE Omaha,0,0.0,0.0,0.0
1304,0.0,0.0,0.0,0.0,0.0,0.0,0.0,0.0,0.0,0.0,0.0,0.0,0.0,0.0,0.0,0.0,0.0,0.0,0.0,0.0,0.0,0.0,0.0,0.0,0.0,Nebraska,0,0.0,0.0,0.0
1305,0.0,0.0,0.0,0.0,0.0,0.0,0.0,0.0,0.0,0.0,0.0,0.0,0.0,0.0,0.0,0.0,0.0,0.0,0.0,0.0,0.0,0.0,0.0,0.0,0.0,Nevada,0,0.0,0.0,0.0
1306,0.0,0.0,0.0,0.0,0.0,0.0,0.0,0.0,0.0,0.0,0.0,0.0,0.0,0.0,0.0,0.0,0.0,0.0,0.0,0.0,0.0,0.0,0.0,0.0,0.0,New Hampshire,0,0.0,0.0,0.0
1307,0.0,0.0,0.0,0.0,0.0,0.0,0.0,0.0,0.0,0.0,0.0,0.0,0.0,0.0,0.0,0.0,0.0,0.0,0.0,0.0,0.0,0.0,0.0,0.0,0.0,New Mexico,0,0.0,0.0,0.0
1308,0.0,0.0,0.0,0.0,0.0,0.0,0.0,0.0,0.0,0.0,0.0,0.0,0.0,0.0,0.0,0.0,0.0,0.0,0.0,0.0,0.0,0.0,0.0,0.0,0.0,New Mexico St,0,0.0,0.0,0.0
1309,0.0,0.0,0.0,0.0,0.0,0.0,0.0,0.0,0.0,0.0,0.0,0.0,0.0,0.0,0.0,0.0,0.0,0.0,0.0,0.0,0.0,0.0,0.0,0.0,0.0,New Orleans,0,0.0,0.0,0.0
1310,0.0,0.0,0.0,0.0,0.0,0.0,0.0,0.0,0.0,0.0,0.0,0.0,0.0,0.0,0.0,0.0,0.0,0.0,0.0,0.0,0.0,0.0,0.0,0.0,0.0,Niagara,0,0.0,0.0,0.0
1311,0.0,0.0,0.0,0.0,0.0,0.0,0.0,0.0,0.0,0.0,0.0,0.0,0.0,0.0,0.0,0.0,0.0,0.0,0.0,0.0,0.0,0.0,0.0,0.0,0.0,Nicholls St,0,0.0,0.0,0.0
1312,0.0,0.0,0.0,0.0,0.0,0.0,0.0,0.0,0.0,0.0,0.0,0.0,0.0,0.0,0.0,0.0,0.0,0.0,0.0,0.0,0.0,0.0,0.0,0.0,0.0,NJIT,0,0.0,0.0,0.0
1313,0.0,0.0,0.0,0.0,0.0,0.0,0.0,0.0,0.0,0.0,0.0,0.0,0.0,0.0,0.0,0.0,0.0,0.0,0.0,0.0,0.0,0.0,0.0,0.0,0.0,Norfolk St,0,0.0,0.0,0.0
1314,0.0,0.0,0.0,0.0,0.0,0.0,0.0,0.0,0.0,0.0,0.0,0.0,0.0,0.0,0.0,0.0,0.0,0.0,0.0,0.0,0.0,0.0,0.0,0.0,0.0,North Carolina,0,0.0,0.0,0.0
1315,0.0,0.0,0.0,0.0,0.0,0.0,0.0,0.0,0.0,0.0,0.0,0.0,0.0,0.0,0.0,0.0,0.0,0.0,0.0,0.0,0.0,0.0,0.0,0.0,0.0,North Dakota,0,0.0,0.0,0.0
1316,0.0,0.0,0.0,0.0,0.0,0.0,0.0,0.0,0.0,0.0,0.0,0.0,0.0,0.0,0.0,0.0,0.0,0.0,0.0,0.0,0.0,0.0,0.0,0.0,0.0,North Florida,0,0.0,0.0,0.0
1317,0.0,0.0,0.0,0.0,0.0,0.0,0.0,0.0,0.0,0.0,0.0,0.0,0.0,0.0,0.0,0.0,0.0,0.0,0.0,0.0,0.0,0.0,0.0,0.0,0.0,North Texas,0,0.0,0.0,0.0
1318,0.0,0.0,0.0,0.0,0.0,0.0,0.0,0.0,0.0,0.0,0.0,0.0,0.0,0.0,0.0,0.0,0.0,0.0,0.0,0.0,0.0,0.0,0.0,0.0,0.0,Northeastern,0,0.0,0.0,0.0
1319,0.0,0.0,0.0,0.0,0.0,0.0,0.0,0.0,0.0,0.0,0.0,0.0,0.0,0.0,0.0,0.0,0.0,0.0,0.0,0.0,0.0,0.0,0.0,0.0,0.0,Northern Arizona,0,0.0,0.0,0.0
1320,0.0,0.0,0.0,0.0,0.0,0.0,0.0,0.0,0.0,0.0,0.0,0.0,0.0,0.0,0.0,0.0,0.0,0.0,0.0,0.0,0.0,0.0,0.0,0.0,0.0,Northern Iowa,0,0.0,0.0,0.0
1321,0.0,0.0,0.0,0.0,0.0,0.0,0.0,0.0,0.0,0.0,0.0,0.0,0.0,0.0,0.0,0.0,0.0,0.0,0.0,0.0,0.0,0.0,0.0,0.0,0.0,Northwestern,0,0.0,0.0,0.0
1322,0.0,0.0,0.0,0.0,0.0,0.0,0.0,0.0,0.0,0.0,0.0,0.0,0.0,0.0,0.0,0.0,0.0,0.0,0.0,0.0,0.0,0.0,0.0,0.0,0.0,Northwestern LA,0,0.0,0.0,0.0
1323,3.3333333333333335,1.3333333333333333,5.333333333333333,19.666666666666668,10.333333333333334,5.333333333333333,6.333333333333333,23.666666666666668,8.333333333333334,8.666666666666666,2.0,16.0,12.333333333333334,10.0,10.666666666666666,3.3333333333333335,6.0,38.333333333333336,9.0,3.6666666666666665,46.0,21.666666666666668,3.0,3.6666666666666665,7.666666666666667,Notre Dame,3,5.333333333333333,6.333333333333333,5.0
1324,0.0,0.0,0.0,0.0,0.0,0.0,0.0,0.0,0.0,0.0,0.0,0.0,0.0,0.0,0.0,0.0,0.0,0.0,0.0,0.0,0.0,0.0,0.0,0.0,0.0,Oakland,0,0.0,0.0,0.0
1325,0.0,0.0,0.0,0.0,0.0,0.0,0.0,0.0,0.0,0.0,0.0,0.0,0.0,0.0,0.0,0.0,0.0,0.0,0.0,0.0,0.0,0.0,0.0,0.0,0.0,Ohio,0,0.0,0.0,0.0
1326,0.0,0.0,0.0,0.0,0.0,0.0,0.0,0.0,0.0,0.0,0.0,0.0,0.0,0.0,0.0,0.0,0.0,0.0,0.0,0.0,0.0,0.0,0.0,0.0,0.0,Ohio St,0,0.0,0.0,0.0
1327,0.0,0.0,0.0,0.0,0.0,0.0,0.0,0.0,0.0,0.0,0.0,0.0,0.0,0.0,0.0,0.0,0.0,0.0,0.0,0.0,0.0,0.0,0.0,0.0,0.0,Okla City,0,0.0,0.0,0.0
1328,1.5,1.0,10.75,14.5,9.75,4.0,4.75,11.75,4.5,8.75,3.25,19.25,10.25,15.0,11.25,1.25,2.75,39.5,3.5,4.0,52.5,16.75,3.5,1.5,7.0,Oklahoma,4,5.25,11.75,2.5
1329,0.0,2.0,5.0,31.5,5.5,9.5,11.0,28.0,11.0,8.0,4.0,13.5,10.0,14.0,8.5,1.5,9.5,25.0,13.5,6.0,38.5,7.5,5.5,4.5,9.5,Oklahoma St,2,3.5,7.5,8.0
1330,0.0,0.0,0.0,0.0,0.0,0.0,0.0,0.0,0.0,0.0,0.0,0.0,0.0,0.0,0.0,0.0,0.0,0.0,0.0,0.0,0.0,0.0,0.0,0.0,0.0,Old Dominion,0,0.0,0.0,0.0
1331,0.0,0.0,0.0,0.0,0.0,0.0,0.0,0.0,0.0,0.0,0.0,0.0,0.0,0.0,0.0,0.0,0.0,0.0,0.0,0.0,0.0,0.0,0.0,0.0,0.0,Oral Roberts,0,0.0,0.0,0.0
1332,0.0,2.0,0.0,55.0,0.0,22.0,17.0,58.0,19.0,0.0,6.0,0.0,0.0,0.0,0.0,3.0,24.0,0.0,29.0,0.0,0.0,0.0,13.0,17.0,17.0,Oregon,1,0.0,0.0,8.0
1333,0.0,0.0,0.0,0.0,0.0,0.0,0.0,0.0,0.0,0.0,0.0,0.0,0.0,0.0,0.0,0.0,0.0,0.0,0.0,0.0,0.0,0.0,0.0,0.0,0.0,Oregon St,0,0.0,0.0,0.0
1334,0.0,0.0,0.0,0.0,0.0,0.0,0.0,0.0,0.0,0.0,0.0,0.0,0.0,0.0,0.0,0.0,0.0,0.0,0.0,0.0,0.0,0.0,0.0,0.0,0.0,Pacific,0,0.0,0.0,0.0
1335,0.0,0.0,0.0,41.0,0.0,20.0,18.0,63.0,20.0,0.0,5.0,0.0,0.0,0.0,0.0,8.0,16.0,0.0,13.0,0.0,0.0,0.0,2.0,15.0,18.0,Penn,1,0.0,0.0,17.0
1336,0.0,0.0,0.0,0.0,0.0,0.0,0.0,0.0,0.0,0.0,0.0,0.0,0.0,0.0,0.0,0.0,0.0,0.0,0.0,0.0,0.0,0.0,0.0,0.0,0.0,Penn St,0,0.0,0.0,0.0
1337,0.0,0.0,0.0,0.0,0.0,0.0,0.0,0.0,0.0,0.0,0.0,0.0,0.0,0.0,0.0,0.0,0.0,0.0,0.0,0.0,0.0,0.0,0.0,0.0,0.0,Pepperdine,0,0.0,0.0,0.0
1338,2.3333333333333335,1.3333333333333333,6.666666666666667,18.333333333333332,6.666666666666667,6.333333333333333,4.0,24.666666666666668,9.666666666666666,10.666666666666666,2.0,19.333333333333332,8.333333333333334,16.333333333333332,11.0,1.3333333333333333,5.0,35.333333333333336,6.666666666666667,7.666666666666667,53.666666666666664,14.666666666666666,3.3333333333333335,4.0,4.666666666666667,Pittsburgh,3,4.333333333333333,12.333333333333334,6.0
1339,0.0,0.0,0.0,0.0,0.0,0.0,0.0,0.0,0.0,0.0,0.0,0.0,0.0,0.0,0.0,0.0,0.0,0.0,0.0,0.0,0.0,0.0,0.0,0.0,0.0,Portland,0,0.0,0.0,0.0
1340,0.0,0.0,0.0,0.0,0.0,0.0,0.0,0.0,0.0,0.0,0.0,0.0,0.0,0.0,0.0,0.0,0.0,0.0,0.0,0.0,0.0,0.0,0.0,0.0,0.0,Portland St,0,0.0,0.0,0.0
1341,0.0,0.0,0.0,0.0,0.0,0.0,0.0,0.0,0.0,0.0,0.0,0.0,0.0,0.0,0.0,0.0,0.0,0.0,0.0,0.0,0.0,0.0,0.0,0.0,0.0,Prairie View,0,0.0,0.0,0.0
1342,0.0,0.0,0.0,0.0,0.0,0.0,0.0,0.0,0.0,0.0,0.0,0.0,0.0,0.0,0.0,0.0,0.0,0.0,0.0,0.0,0.0,0.0,0.0,0.0,0.0,Presbyterian,0,0.0,0.0,0.0
1343,0.0,0.0,0.0,0.0,0.0,0.0,0.0,0.0,0.0,0.0,0.0,0.0,0.0,0.0,0.0,0.0,0.0,0.0,0.0,0.0,0.0,0.0,0.0,0.0,0.0,Princeton,0,0.0,0.0,0.0
1344,0.0,0.0,0.0,0.0,0.0,0.0,0.0,0.0,0.0,0.0,0.0,0.0,0.0,0.0,0.0,0.0,0.0,0.0,0.0,0.0,0.0,0.0,0.0,0.0,0.0,Providence,0,0.0,0.0,0.0
1345,0.5,1.0,4.0,31.0,9.5,12.0,6.5,33.5,11.5,8.5,3.5,13.5,8.0,9.5,9.0,2.5,12.0,26.0,11.0,4.5,40.0,12.5,6.5,8.0,8.0,Purdue,2,4.5,3.5,5.0
1346,0.0,0.0,0.0,0.0,0.0,0.0,0.0,0.0,0.0,0.0,0.0,0.0,0.0,0.0,0.0,0.0,0.0,0.0,0.0,0.0,0.0,0.0,0.0,0.0,0.0,Quinnipiac,0,0.0,0.0,0.0
1347,0.0,0.0,0.0,0.0,0.0,0.0,0.0,0.0,0.0,0.0,0.0,0.0,0.0,0.0,0.0,0.0,0.0,0.0,0.0,0.0,0.0,0.0,0.0,0.0,0.0,Radford,0,0.0,0.0,0.0
1348,0.0,0.0,0.0,0.0,0.0,0.0,0.0,0.0,0.0,0.0,0.0,0.0,0.0,0.0,0.0,0.0,0.0,0.0,0.0,0.0,0.0,0.0,0.0,0.0,0.0,Rhode Island,0,0.0,0.0,0.0
1349,0.0,0.0,0.0,0.0,0.0,0.0,0.0,0.0,0.0,0.0,0.0,0.0,0.0,0.0,0.0,0.0,0.0,0.0,0.0,0.0,0.0,0.0,0.0,0.0,0.0,Rice,0,0.0,0.0,0.0
1350,0.0,0.0,0.0,0.0,0.0,0.0,0.0,0.0,0.0,0.0,0.0,0.0,0.0,0.0,0.0,0.0,0.0,0.0,0.0,0.0,0.0,0.0,0.0,0.0,0.0,Richmond,0,0.0,0.0,0.0
1351,0.0,0.0,0.0,0.0,0.0,0.0,0.0,0.0,0.0,0.0,0.0,0.0,0.0,0.0,0.0,0.0,0.0,0.0,0.0,0.0,0.0,0.0,0.0,0.0,0.0,Rider,0,0.0,0.0,0.0
1352,0.0,0.0,0.0,0.0,0.0,0.0,0.0,0.0,0.0,0.0,0.0,0.0,0.0,0.0,0.0,0.0,0.0,0.0,0.0,0.0,0.0,0.0,0.0,0.0,0.0,Robert Morris,0,0.0,0.0,0.0
1353,0.0,0.0,0.0,0.0,0.0,0.0,0.0,0.0,0.0,0.0,0.0,0.0,0.0,0.0,0.0,0.0,0.0,0.0,0.0,0.0,0.0,0.0,0.0,0.0,0.0,Rutgers,0,0.0,0.0,0.0
1354,0.0,2.0,0.0,52.0,0.0,23.0,18.0,54.0,21.0,0.0,7.0,0.0,0.0,0.0,0.0,6.0,8.0,0.0,22.0,0.0,0.0,0.0,7.0,6.0,20.0,S Carolina St,1,0.0,0.0,8.0
1355,0.0,0.0,0.0,0.0,0.0,0.0,0.0,0.0,0.0,0.0,0.0,0.0,0.0,0.0,0.0,0.0,0.0,0.0,0.0,0.0,0.0,0.0,0.0,0.0,0.0,S Dakota St,0,0.0,0.0,0.0
1356,0.0,0.0,0.0,65.0,0.0,19.0,13.0,71.0,26.0,0.0,6.0,0.0,0.0,0.0,0.0,8.0,21.0,0.0,18.0,0.0,0.0,0.0,11.0,11.0,19.0,S Illinois,1,0.0,0.0,19.0
1357,0.0,0.0,0.0,0.0,0.0,0.0,0.0,0.0,0.0,0.0,0.0,0.0,0.0,0.0,0.0,0.0,0.0,0.0,0.0,0.0,0.0,0.0,0.0,0.0,0.0,Sacred Heart,0,0.0,0.0,0.0
1358,0.0,4.0,0.0,57.0,0.0,16.0,16.0,55.0,19.0,0.0,1.0,0.0,0.0,0.0,0.0,6.0,18.0,0.0,25.0,0.0,0.0,0.0,12.0,11.0,18.0,Sam Houston St,1,0.0,0.0,10.0
1359,0.0,0.0,0.0,0.0,0.0,0.0,0.0,0.0,0.0,0.0,0.0,0.0,0.0,0.0,0.0,0.0,0.0,0.0,0.0,0.0,0.0,0.0,0.0,0.0,0.0,Samford,0,0.0,0.0,0.0
1360,0.0,0.0,0.0,61.0,0.0,18.0,11.0,69.0,20.0,0.0,3.0,0.0,0.0,0.0,0.0,4.0,32.0,0.0,25.0,0.0,0.0,0.0,17.0,25.0,18.0,San Diego,1,0.0,0.0,7.0
1361,0.0,0.0,0.0,0.0,0.0,0.0,0.0,0.0,0.0,0.0,0.0,0.0,0.0,0.0,0.0,0.0,0.0,0.0,0.0,0.0,0.0,0.0,0.0,0.0,0.0,San Diego St,0,0.0,0.0,0.0
1362,0.0,0.0,0.0,0.0,0.0,0.0,0.0,0.0,0.0,0.0,0.0,0.0,0.0,0.0,0.0,0.0,0.0,0.0,0.0,0.0,0.0,0.0,0.0,0.0,0.0,San Francisco,0,0.0,0.0,0.0
1363,0.0,0.0,0.0,0.0,0.0,0.0,0.0,0.0,0.0,0.0,0.0,0.0,0.0,0.0,0.0,0.0,0.0,0.0,0.0,0.0,0.0,0.0,0.0,0.0,0.0,San Jose St,0,0.0,0.0,0.0
1364,0.0,0.0,0.0,0.0,0.0,0.0,0.0,0.0,0.0,0.0,0.0,0.0,0.0,0.0,0.0,0.0,0.0,0.0,0.0,0.0,0.0,0.0,0.0,0.0,0.0,Santa Barbara,0,0.0,0.0,0.0
1365,0.0,0.0,0.0,0.0,0.0,0.0,0.0,0.0,0.0,0.0,0.0,0.0,0.0,0.0,0.0,0.0,0.0,0.0,0.0,0.0,0.0,0.0,0.0,0.0,0.0,Santa Clara,0,0.0,0.0,0.0
1366,0.0,0.0,0.0,0.0,0.0,0.0,0.0,0.0,0.0,0.0,0.0,0.0,0.0,0.0,0.0,0.0,0.0,0.0,0.0,0.0,0.0,0.0,0.0,0.0,0.0,Savannah St,0,0.0,0.0,0.0
1367,0.0,0.0,0.0,0.0,0.0,0.0,0.0,0.0,0.0,0.0,0.0,0.0,0.0,0.0,0.0,0.0,0.0,0.0,0.0,0.0,0.0,0.0,0.0,0.0,0.0,SC Upstate,0,0.0,0.0,0.0
1368,0.0,0.0,0.0,0.0,0.0,0.0,0.0,0.0,0.0,0.0,0.0,0.0,0.0,0.0,0.0,0.0,0.0,0.0,0.0,0.0,0.0,0.0,0.0,0.0,0.0,SE Louisiana,0,0.0,0.0,0.0
1369,0.0,0.0,0.0,0.0,0.0,0.0,0.0,0.0,0.0,0.0,0.0,0.0,0.0,0.0,0.0,0.0,0.0,0.0,0.0,0.0,0.0,0.0,0.0,0.0,0.0,SE Missouri St,0,0.0,0.0,0.0
1370,0.0,0.0,0.0,0.0,0.0,0.0,0.0,0.0,0.0,0.0,0.0,0.0,0.0,0.0,0.0,0.0,0.0,0.0,0.0,0.0,0.0,0.0,0.0,0.0,0.0,Seattle,0,0.0,0.0,0.0
1371,0.0,0.0,0.0,0.0,0.0,0.0,0.0,0.0,0.0,0.0,0.0,0.0,0.0,0.0,0.0,0.0,0.0,0.0,0.0,0.0,0.0,0.0,0.0,0.0,0.0,Seton Hall,0,0.0,0.0,0.0
1372,0.0,0.0,0.0,0.0,0.0,0.0,0.0,0.0,0.0,0.0,0.0,0.0,0.0,0.0,0.0,0.0,0.0,0.0,0.0,0.0,0.0,0.0,0.0,0.0,0.0,SF Austin,0,0.0,0.0,0.0
1373,0.0,0.0,0.0,0.0,0.0,0.0,0.0,0.0,0.0,0.0,0.0,0.0,0.0,0.0,0.0,0.0,0.0,0.0,0.0,0.0,0.0,0.0,0.0,0.0,0.0,Siena,0,0.0,0.0,0.0
1374,0.0,0.0,0.0,0.0,0.0,0.0,0.0,0.0,0.0,0.0,0.0,0.0,0.0,0.0,0.0,0.0,0.0,0.0,0.0,0.0,0.0,0.0,0.0,0.0,0.0,SMU,0,0.0,0.0,0.0
1375,0.0,0.0,0.0,0.0,0.0,0.0,0.0,0.0,0.0,0.0,0.0,0.0,0.0,0.0,0.0,0.0,0.0,0.0,0.0,0.0,0.0,0.0,0.0,0.0,0.0,South Alabama,0,0.0,0.0,0.0
1376,0.0,0.0,0.0,0.0,0.0,0.0,0.0,0.0,0.0,0.0,0.0,0.0,0.0,0.0,0.0,0.0,0.0,0.0,0.0,0.0,0.0,0.0,0.0,0.0,0.0,South Carolina,0,0.0,0.0,0.0
1377,0.0,0.0,0.0,0.0,0.0,0.0,0.0,0.0,0.0,0.0,0.0,0.0,0.0,0.0,0.0,0.0,0.0,0.0,0.0,0.0,0.0,0.0,0.0,0.0,0.0,South Dakota,0,0.0,0.0,0.0
1378,0.0,0.0,0.0,0.0,0.0,0.0,0.0,0.0,0.0,0.0,0.0,0.0,0.0,0.0,0.0,0.0,0.0,0.0,0.0,0.0,0.0,0.0,0.0,0.0,0.0,South Florida,0,0.0,0.0,0.0
1379,0.0,0.0,0.0,0.0,0.0,0.0,0.0,0.0,0.0,0.0,0.0,0.0,0.0,0.0,0.0,0.0,0.0,0.0,0.0,0.0,0.0,0.0,0.0,0.0,0.0,Southern Miss,0,0.0,0.0,0.0
1380,0.0,0.0,0.0,0.0,0.0,0.0,0.0,0.0,0.0,0.0,0.0,0.0,0.0,0.0,0.0,0.0,0.0,0.0,0.0,0.0,0.0,0.0,0.0,0.0,0.0,Southern Univ,0,0.0,0.0,0.0
1381,0.0,0.0,0.0,0.0,0.0,0.0,0.0,0.0,0.0,0.0,0.0,0.0,0.0,0.0,0.0,0.0,0.0,0.0,0.0,0.0,0.0,0.0,0.0,0.0,0.0,Southern Utah,0,0.0,0.0,0.0
1382,0.0,0.0,0.0,0.0,0.0,0.0,0.0,0.0,0.0,0.0,0.0,0.0,0.0,0.0,0.0,0.0,0.0,0.0,0.0,0.0,0.0,0.0,0.0,0.0,0.0,St Bonaventure,0,0.0,0.0,0.0
1383,0.0,0.0,0.0,0.0,0.0,0.0,0.0,0.0,0.0,0.0,0.0,0.0,0.0,0.0,0.0,0.0,0.0,0.0,0.0,0.0,0.0,0.0,0.0,0.0,0.0,St Francis NY,0,0.0,0.0,0.0
1384,0.0,0.0,0.0,0.0,0.0,0.0,0.0,0.0,0.0,0.0,0.0,0.0,0.0,0.0,0.0,0.0,0.0,0.0,0.0,0.0,0.0,0.0,0.0,0.0,0.0,St Francis PA,0,0.0,0.0,0.0
1385,0.0,0.0,0.0,0.0,0.0,0.0,0.0,0.0,0.0,0.0,0.0,0.0,0.0,0.0,0.0,0.0,0.0,0.0,0.0,0.0,0.0,0.0,0.0,0.0,0.0,St John's,0,0.0,0.0,0.0
1386,0.0,4.0,0.0,59.0,0.0,19.0,12.0,63.0,22.0,0.0,8.0,0.0,0.0,0.0,0.0,6.0,16.0,0.0,21.0,0.0,0.0,0.0,15.0,13.0,24.0,St Joseph's PA,1,0.0,0.0,11.0
1387,0.0,0.0,0.0,0.0,0.0,0.0,0.0,0.0,0.0,0.0,0.0,0.0,0.0,0.0,0.0,0.0,0.0,0.0,0.0,0.0,0.0,0.0,0.0,0.0,0.0,St Louis,0,0.0,0.0,0.0
1388,0.0,0.0,0.0,0.0,0.0,0.0,0.0,0.0,0.0,0.0,0.0,0.0,0.0,0.0,0.0,0.0,0.0,0.0,0.0,0.0,0.0,0.0,0.0,0.0,0.0,St Mary's CA,0,0.0,0.0,0.0
1389,0.0,0.0,0.0,0.0,0.0,0.0,0.0,0.0,0.0,0.0,0.0,0.0,0.0,0.0,0.0,0.0,0.0,0.0,0.0,0.0,0.0,0.0,0.0,0.0,0.0,St Peter's,0,0.0,0.0,0.0
1390,4.0,3.0,6.0,31.0,7.0,9.0,5.5,37.0,13.5,5.5,1.0,14.5,12.0,7.5,12.0,4.0,8.5,32.0,11.0,2.0,38.5,14.5,5.5,6.0,11.5,Stanford,2,4.0,8.0,6.0
1391,0.0,0.0,0.0,0.0,0.0,0.0,0.0,0.0,0.0,0.0,0.0,0.0,0.0,0.0,0.0,0.0,0.0,0.0,0.0,0.0,0.0,0.0,0.0,0.0,0.0,Stetson,0,0.0,0.0,0.0
1392,0.0,0.0,0.0,0.0,0.0,0.0,0.0,0.0,0.0,0.0,0.0,0.0,0.0,0.0,0.0,0.0,0.0,0.0,0.0,0.0,0.0,0.0,0.0,0.0,0.0,Stony Brook,0,0.0,0.0,0.0
1393,6.0,0.0,10.5,0.0,16.5,0.0,0.0,0.0,0.0,14.0,0.0,28.666666666666668,13.333333333333334,20.166666666666668,18.166666666666668,0.0,0.0,57.0,0.0,9.5,77.0,27.166666666666668,0.0,0.0,0.0,Syracuse,6,5.666666666666667,14.833333333333334,0.0
1394,0.0,0.0,0.0,0.0,0.0,0.0,0.0,0.0,0.0,0.0,0.0,0.0,0.0,0.0,0.0,0.0,0.0,0.0,0.0,0.0,0.0,0.0,0.0,0.0,0.0,TAM C. Christi,0,0.0,0.0,0.0
1395,0.0,0.0,0.0,0.0,0.0,0.0,0.0,0.0,0.0,0.0,0.0,0.0,0.0,0.0,0.0,0.0,0.0,0.0,0.0,0.0,0.0,0.0,0.0,0.0,0.0,TCU,0,0.0,0.0,0.0
1396,0.0,0.0,0.0,0.0,0.0,0.0,0.0,0.0,0.0,0.0,0.0,0.0,0.0,0.0,0.0,0.0,0.0,0.0,0.0,0.0,0.0,0.0,0.0,0.0,0.0,Temple,0,0.0,0.0,0.0
1397,0.0,0.0,0.0,0.0,0.0,0.0,0.0,0.0,0.0,0.0,0.0,0.0,0.0,0.0,0.0,0.0,0.0,0.0,0.0,0.0,0.0,0.0,0.0,0.0,0.0,Tennessee,0,0.0,0.0,0.0
1398,0.0,0.0,0.0,0.0,0.0,0.0,0.0,0.0,0.0,0.0,0.0,0.0,0.0,0.0,0.0,0.0,0.0,0.0,0.0,0.0,0.0,0.0,0.0,0.0,0.0,Tennessee St,0,0.0,0.0,0.0
1399,0.0,0.0,0.0,0.0,0.0,0.0,0.0,0.0,0.0,0.0,0.0,0.0,0.0,0.0,0.0,0.0,0.0,0.0,0.0,0.0,0.0,0.0,0.0,0.0,0.0,Tennessee Tech,0,0.0,0.0,0.0
1400,2.2,0.4,12.2,12.6,8.2,5.2,2.8,16.8,5.4,18.8,1.2,21.0,11.8,24.0,16.0,2.0,6.4,48.8,3.4,4.2,65.2,21.2,3.4,4.0,4.2,Texas,5,4.4,10.4,4.0
1401,0.0,0.0,0.0,0.0,0.0,0.0,0.0,0.0,0.0,0.0,0.0,0.0,0.0,0.0,0.0,0.0,0.0,0.0,0.0,0.0,0.0,0.0,0.0,0.0,0.0,Texas A&M,0,0.0,0.0,0.0
1402,0.0,0.0,0.0,0.0,0.0,0.0,0.0,0.0,0.0,0.0,0.0,0.0,0.0,0.0,0.0,0.0,0.0,0.0,0.0,0.0,0.0,0.0,0.0,0.0,0.0,Texas St,0,0.0,0.0,0.0
1403,0.0,0.0,0.0,0.0,0.0,0.0,0.0,0.0,0.0,0.0,0.0,0.0,0.0,0.0,0.0,0.0,0.0,0.0,0.0,0.0,0.0,0.0,0.0,0.0,0.0,Texas Tech,0,0.0,0.0,0.0
1404,0.0,0.0,0.0,0.0,0.0,0.0,0.0,0.0,0.0,0.0,0.0,0.0,0.0,0.0,0.0,0.0,0.0,0.0,0.0,0.0,0.0,0.0,0.0,0.0,0.0,TN Martin,0,0.0,0.0,0.0
1405,0.0,0.0,0.0,0.0,0.0,0.0,0.0,0.0,0.0,0.0,0.0,0.0,0.0,0.0,0.0,0.0,0.0,0.0,0.0,0.0,0.0,0.0,0.0,0.0,0.0,Toledo,0,0.0,0.0,0.0
1406,0.0,0.0,0.0,0.0,0.0,0.0,0.0,0.0,0.0,0.0,0.0,0.0,0.0,0.0,0.0,0.0,0.0,0.0,0.0,0.0,0.0,0.0,0.0,0.0,0.0,Towson,0,0.0,0.0,0.0
1407,0.0,6.0,0.0,65.0,0.0,19.0,9.0,59.0,23.0,0.0,6.0,0.0,0.0,0.0,0.0,11.0,6.0,0.0,21.0,0.0,0.0,0.0,12.0,2.0,29.0,Troy,1,0.0,0.0,13.0
1408,0.0,0.0,0.0,0.0,0.0,0.0,0.0,0.0,0.0,0.0,0.0,0.0,0.0,0.0,0.0,0.0,0.0,0.0,0.0,0.0,0.0,0.0,0.0,0.0,0.0,Tulane,0,0.0,0.0,0.0
1409,0.5,1.5,4.0,29.5,6.0,8.0,5.5,30.0,13.0,5.0,0.5,16.5,6.0,6.5,5.5,1.5,2.5,28.5,15.0,3.0,42.0,13.0,5.5,2.5,5.5,Tulsa,2,4.0,9.0,6.0
1410,0.0,0.0,0.0,0.0,0.0,0.0,0.0,0.0,0.0,0.0,0.0,0.0,0.0,0.0,0.0,0.0,0.0,0.0,0.0,0.0,0.0,0.0,0.0,0.0,0.0,UTRGV,0,0.0,0.0,0.0
1411,0.0,0.0,0.0,67.0,0.0,22.0,15.0,84.0,29.0,0.0,5.0,0.0,0.0,0.0,0.0,12.0,31.0,0.0,28.0,0.0,0.0,0.0,17.0,14.0,31.0,TX Southern,1,0.0,0.0,16.0
1412,0.0,0.0,0.0,0.0,0.0,0.0,0.0,0.0,0.0,0.0,0.0,0.0,0.0,0.0,0.0,0.0,0.0,0.0,0.0,0.0,0.0,0.0,0.0,0.0,0.0,UAB,0,0.0,0.0,0.0
1413,0.0,0.0,0.0,0.0,0.0,0.0,0.0,0.0,0.0,0.0,0.0,0.0,0.0,0.0,0.0,0.0,0.0,0.0,0.0,0.0,0.0,0.0,0.0,0.0,0.0,UC Davis,0,0.0,0.0,0.0
1414,0.0,0.0,0.0,0.0,0.0,0.0,0.0,0.0,0.0,0.0,0.0,0.0,0.0,0.0,0.0,0.0,0.0,0.0,0.0,0.0,0.0,0.0,0.0,0.0,0.0,UC Irvine,0,0.0,0.0,0.0
1415,0.0,0.0,0.0,0.0,0.0,0.0,0.0,0.0,0.0,0.0,0.0,0.0,0.0,0.0,0.0,0.0,0.0,0.0,0.0,0.0,0.0,0.0,0.0,0.0,0.0,UC Riverside,0,0.0,0.0,0.0
1416,0.0,0.0,0.0,0.0,0.0,0.0,0.0,0.0,0.0,0.0,0.0,0.0,0.0,0.0,0.0,0.0,0.0,0.0,0.0,0.0,0.0,0.0,0.0,0.0,0.0,UCF,0,0.0,0.0,0.0
1417,0.0,0.0,0.0,0.0,0.0,0.0,0.0,0.0,0.0,0.0,0.0,0.0,0.0,0.0,0.0,0.0,0.0,0.0,0.0,0.0,0.0,0.0,0.0,0.0,0.0,UCLA,0,0.0,0.0,0.0
1418,0.0,0.0,0.0,0.0,0.0,0.0,0.0,0.0,0.0,0.0,0.0,0.0,0.0,0.0,0.0,0.0,0.0,0.0,0.0,0.0,0.0,0.0,0.0,0.0,0.0,ULL,0,0.0,0.0,0.0
1419,0.0,0.0,0.0,0.0,0.0,0.0,0.0,0.0,0.0,0.0,0.0,0.0,0.0,0.0,0.0,0.0,0.0,0.0,0.0,0.0,0.0,0.0,0.0,0.0,0.0,ULM,0,0.0,0.0,0.0
1420,0.0,0.0,0.0,0.0,0.0,0.0,0.0,0.0,0.0,0.0,0.0,0.0,0.0,0.0,0.0,0.0,0.0,0.0,0.0,0.0,0.0,0.0,0.0,0.0,0.0,UMBC,0,0.0,0.0,0.0
1421,1.5,1.5,7.0,31.0,6.0,8.0,5.5,30.5,11.5,8.5,4.5,16.0,14.5,13.0,11.0,2.5,6.0,34.5,8.0,2.5,46.0,15.0,6.5,5.0,10.5,UNC Asheville,2,5.5,8.5,2.5
1422,0.0,0.0,0.0,0.0,0.0,0.0,0.0,0.0,0.0,0.0,0.0,0.0,0.0,0.0,0.0,0.0,0.0,0.0,0.0,0.0,0.0,0.0,0.0,0.0,0.0,UNC Greensboro,0,0.0,0.0,0.0
1423,0.0,1.0,0.0,55.0,0.0,19.0,8.0,73.0,20.0,0.0,7.0,0.0,0.0,0.0,0.0,13.0,26.0,0.0,19.0,0.0,0.0,0.0,10.0,20.0,29.0,UNC Wilmington,1,0.0,0.0,16.0
1424,0.0,0.0,0.0,0.0,0.0,0.0,0.0,0.0,0.0,0.0,0.0,0.0,0.0,0.0,0.0,0.0,0.0,0.0,0.0,0.0,0.0,0.0,0.0,0.0,0.0,UNLV,0,0.0,0.0,0.0
1425,0.0,0.0,0.0,0.0,0.0,0.0,0.0,0.0,0.0,0.0,0.0,0.0,0.0,0.0,0.0,0.0,0.0,0.0,0.0,0.0,0.0,0.0,0.0,0.0,0.0,USC,0,0.0,0.0,0.0
1426,0.0,0.0,0.0,0.0,0.0,0.0,0.0,0.0,0.0,0.0,0.0,0.0,0.0,0.0,0.0,0.0,0.0,0.0,0.0,0.0,0.0,0.0,0.0,0.0,0.0,UT Arlington,0,0.0,0.0,0.0
1427,0.0,0.0,0.0,0.0,0.0,0.0,0.0,0.0,0.0,0.0,0.0,0.0,0.0,0.0,0.0,0.0,0.0,0.0,0.0,0.0,0.0,0.0,0.0,0.0,0.0,UT San Antonio,0,0.0,0.0,0.0
1428,2.0,1.0,6.5,24.0,7.5,9.5,8.0,27.0,9.5,7.5,3.5,9.0,11.5,9.0,11.0,2.0,8.0,30.5,7.0,3.5,30.0,11.5,4.0,6.0,7.0,Utah,2,4.5,4.0,4.0
1429,0.0,1.0,0.0,56.0,0.0,15.0,13.0,61.0,23.0,0.0,6.0,0.0,0.0,0.0,0.0,6.0,10.0,0.0,19.0,0.0,0.0,0.0,13.0,9.0,17.0,Utah St,1,0.0,0.0,13.0
1430,0.0,0.0,0.0,0.0,0.0,0.0,0.0,0.0,0.0,0.0,0.0,0.0,0.0,0.0,0.0,0.0,0.0,0.0,0.0,0.0,0.0,0.0,0.0,0.0,0.0,Utah Valley,0,0.0,0.0,0.0
1431,0.0,0.0,0.0,0.0,0.0,0.0,0.0,0.0,0.0,0.0,0.0,0.0,0.0,0.0,0.0,0.0,0.0,0.0,0.0,0.0,0.0,0.0,0.0,0.0,0.0,UTEP,0,0.0,0.0,0.0
1432,0.0,0.0,0.0,0.0,0.0,0.0,0.0,0.0,0.0,0.0,0.0,0.0,0.0,0.0,0.0,0.0,0.0,0.0,0.0,0.0,0.0,0.0,0.0,0.0,0.0,Utica,0,0.0,0.0,0.0
1433,0.0,0.0,0.0,0.0,0.0,0.0,0.0,0.0,0.0,0.0,0.0,0.0,0.0,0.0,0.0,0.0,0.0,0.0,0.0,0.0,0.0,0.0,0.0,0.0,0.0,VA Commonwealth,0,0.0,0.0,0.0
1434,0.0,0.0,0.0,0.0,0.0,0.0,0.0,0.0,0.0,0.0,0.0,0.0,0.0,0.0,0.0,0.0,0.0,0.0,0.0,0.0,0.0,0.0,0.0,0.0,0.0,Valparaiso,0,0.0,0.0,0.0
1435,0.0,0.0,0.0,0.0,0.0,0.0,0.0,0.0,0.0,0.0,0.0,0.0,0.0,0.0,0.0,0.0,0.0,0.0,0.0,0.0,0.0,0.0,0.0,0.0,0.0,Vanderbilt,0,0.0,0.0,0.0
1436,0.0,3.0,0.0,64.0,0.0,15.0,17.0,51.0,20.0,0.0,10.0,0.0,0.0,0.0,0.0,4.0,7.0,0.0,26.0,0.0,0.0,0.0,8.0,7.0,16.0,Vermont,1,0.0,0.0,12.0
1437,0.0,0.0,0.0,0.0,0.0,0.0,0.0,0.0,0.0,0.0,0.0,0.0,0.0,0.0,0.0,0.0,0.0,0.0,0.0,0.0,0.0,0.0,0.0,0.0,0.0,Villanova,0,0.0,0.0,0.0
1438,0.0,0.0,0.0,0.0,0.0,0.0,0.0,0.0,0.0,0.0,0.0,0.0,0.0,0.0,0.0,0.0,0.0,0.0,0.0,0.0,0.0,0.0,0.0,0.0,0.0,Virginia,0,0.0,0.0,0.0
1439,0.0,0.0,0.0,0.0,0.0,0.0,0.0,0.0,0.0,0.0,0.0,0.0,0.0,0.0,0.0,0.0,0.0,0.0,0.0,0.0,0.0,0.0,0.0,0.0,0.0,Virginia Tech,0,0.0,0.0,0.0
1440,0.0,0.0,0.0,0.0,0.0,0.0,0.0,0.0,0.0,0.0,0.0,0.0,0.0,0.0,0.0,0.0,0.0,0.0,0.0,0.0,0.0,0.0,0.0,0.0,0.0,VMI,0,0.0,0.0,0.0
1441,0.0,0.0,0.0,0.0,0.0,0.0,0.0,0.0,0.0,0.0,0.0,0.0,0.0,0.0,0.0,0.0,0.0,0.0,0.0,0.0,0.0,0.0,0.0,0.0,0.0,W Carolina,0,0.0,0.0,0.0
1442,0.0,0.0,0.0,0.0,0.0,0.0,0.0,0.0,0.0,0.0,0.0,0.0,0.0,0.0,0.0,0.0,0.0,0.0,0.0,0.0,0.0,0.0,0.0,0.0,0.0,W Illinois,0,0.0,0.0,0.0
1443,0.0,5.0,0.0,58.0,0.0,16.0,14.0,60.0,22.0,0.0,6.0,0.0,0.0,0.0,0.0,8.0,13.0,0.0,18.0,0.0,0.0,0.0,17.0,8.0,24.0,WKU,1,0.0,0.0,10.0
1444,0.0,0.0,0.0,0.0,0.0,0.0,0.0,0.0,0.0,0.0,0.0,0.0,0.0,0.0,0.0,0.0,0.0,0.0,0.0,0.0,0.0,0.0,0.0,0.0,0.0,W Michigan,0,0.0,0.0,0.0
1445,0.0,0.0,0.0,0.0,0.0,0.0,0.0,0.0,0.0,0.0,0.0,0.0,0.0,0.0,0.0,0.0,0.0,0.0,0.0,0.0,0.0,0.0,0.0,0.0,0.0,W Salem St,0,0.0,0.0,0.0
1446,0.0,0.0,0.0,0.0,0.0,0.0,0.0,0.0,0.0,0.0,0.0,0.0,0.0,0.0,0.0,0.0,0.0,0.0,0.0,0.0,0.0,0.0,0.0,0.0,0.0,W Texas A&M,0,0.0,0.0,0.0
1447,0.0,2.0,0.0,51.0,0.0,20.0,19.0,61.0,21.0,0.0,6.0,0.0,0.0,0.0,0.0,7.0,18.0,0.0,20.0,0.0,0.0,0.0,9.0,12.0,21.0,Wagner,1,0.0,0.0,13.0
1448,4.5,3.5,9.5,24.5,9.5,11.5,9.0,31.0,9.0,6.0,3.5,14.5,11.5,10.0,9.5,4.0,10.5,34.5,11.5,4.0,38.0,14.5,6.0,9.0,11.5,Wake Forest,2,3.0,6.5,2.5
1449,0.0,0.0,0.0,0.0,0.0,0.0,0.0,0.0,0.0,0.0,0.0,0.0,0.0,0.0,0.0,0.0,0.0,0.0,0.0,0.0,0.0,0.0,0.0,0.0,0.0,Washington,0,0.0,0.0,0.0
1450,0.0,0.0,0.0,0.0,0.0,0.0,0.0,0.0,0.0,0.0,0.0,0.0,0.0,0.0,0.0,0.0,0.0,0.0,0.0,0.0,0.0,0.0,0.0,0.0,0.0,Washington St,0,0.0,0.0,0.0
1451,0.0,0.0,0.0,71.0,0.0,20.0,10.0,74.0,29.0,0.0,4.0,0.0,0.0,0.0,0.0,7.0,15.0,0.0,21.0,0.0,0.0,0.0,22.0,9.0,24.0,Weber St,1,0.0,0.0,9.0
1452,0.0,0.0,0.0,0.0,0.0,0.0,0.0,0.0,0.0,0.0,0.0,0.0,0.0,0.0,0.0,0.0,0.0,0.0,0.0,0.0,0.0,0.0,0.0,0.0,0.0,West Virginia,0,0.0,0.0,0.0
1453,0.0,0.0,0.0,0.0,0.0,0.0,0.0,0.0,0.0,0.0,0.0,0.0,0.0,0.0,0.0,0.0,0.0,0.0,0.0,0.0,0.0,0.0,0.0,0.0,0.0,WI Green Bay,0,0.0,0.0,0.0
1454,0.0,3.0,0.0,66.0,0.0,25.0,12.0,69.0,23.0,0.0,11.0,0.0,0.0,0.0,0.0,8.0,20.0,0.0,23.0,0.0,0.0,0.0,14.0,15.0,23.0,WI Milwaukee,1,0.0,0.0,15.0
1455,0.0,0.0,0.0,0.0,0.0,0.0,0.0,0.0,0.0,0.0,0.0,0.0,0.0,0.0,0.0,0.0,0.0,0.0,0.0,0.0,0.0,0.0,0.0,0.0,0.0,Wichita St,0,0.0,0.0,0.0
1456,0.0,0.0,0.0,0.0,0.0,0.0,0.0,0.0,0.0,0.0,0.0,0.0,0.0,0.0,0.0,0.0,0.0,0.0,0.0,0.0,0.0,0.0,0.0,0.0,0.0,William & Mary,0,0.0,0.0,0.0
1457,0.0,0.0,0.0,0.0,0.0,0.0,0.0,0.0,0.0,0.0,0.0,0.0,0.0,0.0,0.0,0.0,0.0,0.0,0.0,0.0,0.0,0.0,0.0,0.0,0.0,Winthrop,0,0.0,0.0,0.0
1458,1.6666666666666667,0.3333333333333333,6.666666666666667,15.0,4.666666666666667,6.666666666666667,5.0,19.0,6.333333333333333,8.0,2.3333333333333335,17.666666666666668,12.666666666666666,13.0,9.0,2.6666666666666665,5.333333333333333,38.333333333333336,6.333333333333333,4.0,47.333333333333336,15.333333333333334,2.3333333333333335,3.6666666666666665,7.0,Wisconsin,3,4.0,9.333333333333334,3.0
1459,0.0,0.0,0.0,0.0,0.0,0.0,0.0,0.0,0.0,0.0,0.0,0.0,0.0,0.0,0.0,0.0,0.0,0.0,0.0,0.0,0.0,0.0,0.0,0.0,0.0,Wofford,0,0.0,0.0,0.0
1460,0.0,0.0,0.0,0.0,0.0,0.0,0.0,0.0,0.0,0.0,0.0,0.0,0.0,0.0,0.0,0.0,0.0,0.0,0.0,0.0,0.0,0.0,0.0,0.0,0.0,Wright St,0,0.0,0.0,0.0
1461,0.0,0.0,0.0,0.0,0.0,0.0,0.0,0.0,0.0,0.0,0.0,0.0,0.0,0.0,0.0,0.0,0.0,0.0,0.0,0.0,0.0,0.0,0.0,0.0,0.0,Wyoming,0,0.0,0.0,0.0
1462,2.0,0.0,8.5,28.5,5.0,8.0,3.5,32.0,10.0,6.5,1.0,13.0,10.0,9.0,5.5,3.5,12.0,32.0,10.0,2.5,35.5,15.0,4.0,8.5,9.0,Xavier,2,3.0,9.5,6.0
1463,0.0,0.0,0.0,0.0,0.0,0.0,0.0,0.0,0.0,0.0,0.0,0.0,0.0,0.0,0.0,0.0,0.0,0.0,0.0,0.0,0.0,0.0,0.0,0.0,0.0,Yale,0,0.0,0.0,0.0
1464,0.0,0.0,0.0,0.0,0.0,0.0,0.0,0.0,0.0,0.0,0.0,0.0,0.0,0.0,0.0,0.0,0.0,0.0,0.0,0.0,0.0,0.0,0.0,0.0,0.0,Youngstown St,0,0.0,0.0,0.0
