id,pred
2016_1112_1114,0.83427181669119987
2016_1112_1122,0.9269255455362706
2016_1112_1124,0.55233390797359849
2016_1112_1138,0.86005338216206328
2016_1112_1139,0.56608561261397972
2016_1112_1143,0.68718127686936648
2016_1112_1151,0.84334789801103083
2016_1112_1153,0.68298112746107265
2016_1112_1160,0.75150779998786787
2016_1112_1163,0.61718994135605543
2016_1112_1167,0.89761695950348375
2016_1112_1173,0.71375027617936238
2016_1112_1181,0.54381946862190877
2016_1112_1192,0.9318463723433914
2016_1112_1195,0.8979738619837051
2016_1112_1201,0.77711958485007071
2016_1112_1211,0.57970432417153039
2016_1112_1214,0.91803718640940934
2016_1112_1218,0.79948991172426453
2016_1112_1221,0.92589809394911848
2016_1112_1231,0.49746425364265079
2016_1112_1233,0.8330133342866971
2016_1112_1234,0.62925585630472025
2016_1112_1235,0.53422441568132306
2016_1112_1242,0.37799299955352883
2016_1112_1246,0.46098339890315909
2016_1112_1268,0.56098720760224607
2016_1112_1274,0.57375982236095147
2016_1112_1276,0.69626971180675024
2016_1112_1277,0.41220248027652995
2016_1112_1292,0.83731179695640745
2016_1112_1314,0.37482660871065177
2016_1112_1320,0.75006383465667348
2016_1112_1323,0.5852595565254175
2016_1112_1328,0.55922589464820738
2016_1112_1332,0.46704307693386093
2016_1112_1333,0.78272492438327024
2016_1112_1338,0.67879167052512523
2016_1112_1344,0.62947901118180927
2016_1112_1345,0.57284104792430579
2016_1112_1355,0.82021271761002335
2016_1112_1371,0.60070667776555364
2016_1112_1372,0.78558381510132569
2016_1112_1380,0.93979934545634691
2016_1112_1386,0.73992310071773448
2016_1112_1392,0.81702036893296492
2016_1112_1393,0.72392093062397422
2016_1112_1396,0.72684843265984533
2016_1112_1400,0.63738839065742414
2016_1112_1401,0.58873155958061152
2016_1112_1403,0.74282458574696775
2016_1112_1409,0.77273525970659374
2016_1112_1421,0.91884595051744933
2016_1112_1423,0.82815106310529296
2016_1112_1425,0.76432299392171887
2016_1112_1428,0.56463196612863664
2016_1112_1433,0.73726568670445336
2016_1112_1435,0.71916546307376805
2016_1112_1437,0.44604292403644252
2016_1112_1438,0.44403138508109696
2016_1112_1451,0.87360400804471916
2016_1112_1452,0.52918605524816553
2016_1112_1453,0.82614350443292484
2016_1112_1455,0.63119067391607886
2016_1112_1458,0.59862743586915779
2016_1112_1462,0.58535068977175819
2016_1112_1463,0.83963404508947781
2016_1114_1122,0.76295598458271219
2016_1114_1124,0.12286923489580037
2016_1114_1138,0.49621448933164025
2016_1114_1139,0.13601144396948606
2016_1114_1143,0.18059508234499877
2016_1114_1151,0.41954030733056935
2016_1114_1153,0.15874791209934869
2016_1114_1160,0.20053796004883173
2016_1114_1163,0.1576763246148134
2016_1114_1167,0.65014325392630634
2016_1114_1173,0.16847305245345068
2016_1114_1181,0.12645152426513839
2016_1114_1192,0.7622704765697661
2016_1114_1195,0.64254873315706962
2016_1114_1201,0.23653941954130142
2016_1114_1211,0.1560881541074246
2016_1114_1214,0.73027250609669747
2016_1114_1218,0.29913363940674031
2016_1114_1221,0.79339490827621684
2016_1114_1231,0.14017968170021122
2016_1114_1233,0.36660861101543252
2016_1114_1234,0.15119749954987849
2016_1114_1235,0.12900947129727358
2016_1114_1242,0.089107353502163922
2016_1114_1246,0.111389777031635
2016_1114_1268,0.13338082830330467
2016_1114_1274,0.14426570629543689
2016_1114_1276,0.19420699723782642
2016_1114_1277,0.1024919406370921
2016_1114_1292,0.41310842629183619
2016_1114_1314,0.080374973612419964
2016_1114_1320,0.21419102564606041
2016_1114_1323,0.16041115327330513
2016_1114_1328,0.14385680616502783
2016_1114_1332,0.11611943927088586
2016_1114_1333,0.22926517123410117
2016_1114_1338,0.17025553630356649
2016_1114_1344,0.16855944429375325
2016_1114_1345,0.15166317691882136
2016_1114_1355,0.36279900818304878
2016_1114_1371,0.15878831105261826
2016_1114_1372,0.26097899650539835
2016_1114_1380,0.79458046996845477
2016_1114_1386,0.19303457167286486
2016_1114_1392,0.40144661383453017
2016_1114_1393,0.21609737974801002
2016_1114_1396,0.25203509216117448
2016_1114_1400,0.17395480999372837
2016_1114_1401,0.13610565945053843
2016_1114_1403,0.21418625317275952
2016_1114_1409,0.23458201337606166
2016_1114_1421,0.71015567131749957
2016_1114_1423,0.37562600045225403
2016_1114_1425,0.26718433787521778
2016_1114_1428,0.14838358066760882
2016_1114_1433,0.19595296439675514
2016_1114_1435,0.18592773277011332
2016_1114_1437,0.09648291264910247
2016_1114_1438,0.12721230098731873
2016_1114_1451,0.60191514568397397
2016_1114_1452,0.13041547572694245
2016_1114_1453,0.36590917351216912
2016_1114_1455,0.21123479084826002
2016_1114_1458,0.20146575189084837
2016_1114_1462,0.14107895039055185
2016_1114_1463,0.41529701333294511
2016_1122_1124,0.050170808596176064
2016_1122_1138,0.22811153299538678
2016_1122_1139,0.064664921973419998
2016_1122_1143,0.085841300938556797
2016_1122_1151,0.19114708814854764
2016_1122_1153,0.072118136789273368
2016_1122_1160,0.096497267292414035
2016_1122_1163,0.076233696046399624
2016_1122_1167,0.32755090143883758
2016_1122_1173,0.077752307732857573
2016_1122_1181,0.051758625793588253
2016_1122_1192,0.52094231213833964
2016_1122_1195,0.33848254243695231
2016_1122_1201,0.10437807184854897
2016_1122_1211,0.064752639272845691
2016_1122_1214,0.46396259706158738
2016_1122_1218,0.12852004090195024
2016_1122_1221,0.53482602069059726
2016_1122_1231,0.055696213291620666
2016_1122_1233,0.14927569086336767
2016_1122_1234,0.070920137984124998
2016_1122_1235,0.053380765372259331
2016_1122_1242,0.04092003761030949
2016_1122_1246,0.051367940496363285
2016_1122_1268,0.055352375416006239
2016_1122_1274,0.05998582741072167
2016_1122_1276,0.090619235713645607
2016_1122_1277,0.046752632992264509
2016_1122_1292,0.18044536491347185
2016_1122_1314,0.036381089665497357
2016_1122_1320,0.1095245470356031
2016_1122_1323,0.065326286756537733
2016_1122_1328,0.058643733895034189
2016_1122_1332,0.052469779173118569
2016_1122_1333,0.10565814407001028
2016_1122_1338,0.079285890022224859
2016_1122_1344,0.076948081980538596
2016_1122_1345,0.061384615849526147
2016_1122_1355,0.16359765534456205
2016_1122_1371,0.063504130881109289
2016_1122_1372,0.11500791549841149
2016_1122_1380,0.55870829578392001
2016_1122_1386,0.095288402079668488
2016_1122_1392,0.18120369225444355
2016_1122_1393,0.090724511881204117
2016_1122_1396,0.10897597225569677
2016_1122_1400,0.077561397987889968
2016_1122_1401,0.061391741414077994
2016_1122_1403,0.10437008188183894
2016_1122_1409,0.1168385456877381
2016_1122_1421,0.44031590225991202
2016_1122_1423,0.14695587329422577
2016_1122_1425,0.12612221986095107
2016_1122_1428,0.061871979556974432
2016_1122_1433,0.088053867814295361
2016_1122_1435,0.093430279979059061
2016_1122_1437,0.042263472439892813
2016_1122_1438,0.058911497141705738
2016_1122_1451,0.29181014943893169
2016_1122_1452,0.051464469819768044
2016_1122_1453,0.14520434557272421
2016_1122_1455,0.10219767185228801
2016_1122_1458,0.075617492228803207
2016_1122_1462,0.055934850372377554
2016_1122_1463,0.17210156250722453
2016_1124_1138,0.8900385232525273
2016_1124_1139,0.51001989340482501
2016_1124_1143,0.65484375274017148
2016_1124_1151,0.87367041560916681
2016_1124_1153,0.65947808478751391
2016_1124_1160,0.75858903356298524
2016_1124_1163,0.56443742118364293
2016_1124_1167,0.91962049125852796
2016_1124_1173,0.66929103434727244
2016_1124_1181,0.46598312950030185
2016_1124_1192,0.94126784876031466
2016_1124_1195,0.92304009651593333
2016_1124_1201,0.77139949759907367
2016_1124_1211,0.48707213042063324
2016_1124_1214,0.93723438298378703
2016_1124_1218,0.8257759920619816
2016_1124_1221,0.9400922749869558
2016_1124_1231,0.44662530971019465
2016_1124_1233,0.8610081233641349
2016_1124_1234,0.58780595834686444
2016_1124_1235,0.44390631718415574
2016_1124_1242,0.29481859178591918
2016_1124_1246,0.38075833888101152
2016_1124_1268,0.46436223986057446
2016_1124_1274,0.48288491759939045
2016_1124_1276,0.66187954731929421
2016_1124_1277,0.33563995057759277
2016_1124_1292,0.86635029353888315
2016_1124_1314,0.30563818065673565
2016_1124_1320,0.7393310021654651
2016_1124_1323,0.51505151719541842
2016_1124_1328,0.4775410223685882
2016_1124_1332,0.37893388125521232
2016_1124_1333,0.78403236094067641
2016_1124_1338,0.64147273712117836
2016_1124_1344,0.57983615586412518
2016_1124_1345,0.50821344897374332
2016_1124_1355,0.84792482612714148
2016_1124_1371,0.53197601724041887
2016_1124_1372,0.77967211570110773
2016_1124_1380,0.95027788438518024
2016_1124_1386,0.73653188215428633
2016_1124_1392,0.85359885194443574
2016_1124_1393,0.69530970805251791
2016_1124_1396,0.69369532760822605
2016_1124_1400,0.59082205470991234
2016_1124_1401,0.5248144401428646
2016_1124_1403,0.74789283214852842
2016_1124_1409,0.76930562829410654
2016_1124_1421,0.93662702664460973
2016_1124_1423,0.85916805911583194
2016_1124_1425,0.78704107634481757
2016_1124_1428,0.4882907871847898
2016_1124_1433,0.6992454432126779
2016_1124_1435,0.71025514334649675
2016_1124_1437,0.33391891273276275
2016_1124_1438,0.3609462205167121
2016_1124_1451,0.90393558478991098
2016_1124_1452,0.47152154857939665
2016_1124_1453,0.85714514123687202
2016_1124_1455,0.57488532140904258
2016_1124_1458,0.53614905479031894
2016_1124_1462,0.51361064785893951
2016_1124_1463,0.86796318702016284
2016_1138_1139,0.1267627514387234
2016_1138_1143,0.17808278158820956
2016_1138_1151,0.43855803925360126
2016_1138_1153,0.15955829401808941
2016_1138_1160,0.19665162946164372
2016_1138_1163,0.1531734597288974
2016_1138_1167,0.67610850127456312
2016_1138_1173,0.16100769042271834
2016_1138_1181,0.11164489367770047
2016_1138_1192,0.76228414602954997
2016_1138_1195,0.67741750359377817
2016_1138_1201,0.23181697919028665
2016_1138_1211,0.13214289057352557
2016_1138_1214,0.73455525691860113
2016_1138_1218,0.32079612363514709
2016_1138_1221,0.78625440208338881
2016_1138_1231,0.1174804392929597
2016_1138_1233,0.42027138333771796
2016_1138_1234,0.15436366601201745
2016_1138_1235,0.11083812383087444
2016_1138_1242,0.084324778437940728
2016_1138_1246,0.098148621788797019
2016_1138_1268,0.11467482846546462
2016_1138_1274,0.11895573390010017
2016_1138_1276,0.1845775816751094
2016_1138_1277,0.089736673799495015
2016_1138_1292,0.43914866855804513
2016_1138_1314,0.075533037628106703
2016_1138_1320,0.21727038392548637
2016_1138_1323,0.13805357089265791
2016_1138_1328,0.11881570833061705
2016_1138_1332,0.10471232746874282
2016_1138_1333,0.23736746528277686
2016_1138_1338,0.16055925005083982
2016_1138_1344,0.16070792874060846
2016_1138_1345,0.12824438286627116
2016_1138_1355,0.37882431914688586
2016_1138_1371,0.13749649070103465
2016_1138_1372,0.25479579592317914
2016_1138_1380,0.80048574814688411
2016_1138_1386,0.19691802824867632
2016_1138_1392,0.39697969442621717
2016_1138_1393,0.19891275005002462
2016_1138_1396,0.21269325497197611
2016_1138_1400,0.16277299180527172
2016_1138_1401,0.1278472996559803
2016_1138_1403,0.21850886574545714
2016_1138_1409,0.24313661534621789
2016_1138_1421,0.74520240648417135
2016_1138_1423,0.39925220909232406
2016_1138_1425,0.27831431251593952
2016_1138_1428,0.1264309258369084
2016_1138_1433,0.18715662434410341
2016_1138_1435,0.18587085364181644
2016_1138_1437,0.097630689595414433
2016_1138_1438,0.099928078864766512
2016_1138_1451,0.62410000504658714
2016_1138_1452,0.1082288559671164
2016_1138_1453,0.39588917159350212
2016_1138_1455,0.18017340888401812
2016_1138_1458,0.15877092107189805
2016_1138_1462,0.12143803691949551
2016_1138_1463,0.42710891769481152
2016_1139_1143,0.53034036387229078
2016_1139_1151,0.83604794694390727
2016_1139_1153,0.52408236684970289
2016_1139_1160,0.63786168427198442
2016_1139_1163,0.46179916443917357
2016_1139_1167,0.90604025347469563
2016_1139_1173,0.56673973565295765
2016_1139_1181,0.35458609917897144
2016_1139_1192,0.9330842641875069
2016_1139_1195,0.90516802523521944
2016_1139_1201,0.65860615654109056
2016_1139_1211,0.38845828946228222
2016_1139_1214,0.92373240297269477
2016_1139_1218,0.78215399691981624
2016_1139_1221,0.93516027816896519
2016_1139_1231,0.35247006532259528
2016_1139_1233,0.81257738532945334
2016_1139_1234,0.46616967322651792
2016_1139_1235,0.3572177837300653
2016_1139_1242,0.2282313065502164
2016_1139_1246,0.28789480412646484
2016_1139_1268,0.37181161787436712
2016_1139_1274,0.39024801698329603
2016_1139_1276,0.54311559919659425
2016_1139_1277,0.26454852186920752
2016_1139_1292,0.82932278944297044
2016_1139_1314,0.23742997582588343
2016_1139_1320,0.640445193433684
2016_1139_1323,0.39041304884519934
2016_1139_1328,0.38711745066750491
2016_1139_1332,0.28397190909487391
2016_1139_1333,0.67210331903781895
2016_1139_1338,0.55603340117939526
2016_1139_1344,0.45692318260893372
2016_1139_1345,0.38580367997098819
2016_1139_1355,0.8093701506538673
2016_1139_1371,0.39984911770213505
2016_1139_1372,0.68673070205595543
2016_1139_1380,0.94411890798487186
2016_1139_1386,0.62016099327164331
2016_1139_1392,0.82202491240221387
2016_1139_1393,0.59469605915152512
2016_1139_1396,0.60422424982518708
2016_1139_1400,0.46219131905958033
2016_1139_1401,0.43296046436583746
2016_1139_1403,0.62536389711698226
2016_1139_1409,0.65792618315109164
2016_1139_1421,0.92303999560952732
2016_1139_1423,0.81080922176379522
2016_1139_1425,0.69448557048574622
2016_1139_1428,0.37684712215570959
2016_1139_1433,0.57901133172572727
2016_1139_1435,0.61229437678300647
2016_1139_1437,0.26439265063213813
2016_1139_1438,0.29227562245190308
2016_1139_1451,0.89043474974996661
2016_1139_1452,0.36271819096949431
2016_1139_1453,0.80824670551865674
2016_1139_1455,0.47534446029847399
2016_1139_1458,0.42734154125907298
2016_1139_1462,0.38916485213417351
2016_1139_1463,0.82348819175250376
2016_1143_1151,0.77690569785035668
2016_1143_1153,0.48776848074057189
2016_1143_1160,0.57971501347668875
2016_1143_1163,0.39551779435012235
2016_1143_1167,0.86514643779541667
2016_1143_1173,0.50505699627945511
2016_1143_1181,0.30519255613952601
2016_1143_1192,0.91287230130837282
2016_1143_1195,0.86984763634944839
2016_1143_1201,0.60344105474979881
2016_1143_1211,0.34149606242530606
2016_1143_1214,0.8958716367025189
2016_1143_1218,0.7043675014960602
2016_1143_1221,0.91485031934023364
2016_1143_1231,0.30795925800495905
2016_1143_1233,0.74646805695691554
2016_1143_1234,0.41021560765726806
2016_1143_1235,0.30485905022651993
2016_1143_1242,0.21247894881811447
2016_1143_1246,0.24892940963314714
2016_1143_1268,0.31821729379838037
2016_1143_1274,0.33428638887507289
2016_1143_1276,0.51361975321631215
2016_1143_1277,0.21679954266372103
2016_1143_1292,0.76564598207891343
2016_1143_1314,0.19693036667610853
2016_1143_1320,0.58905839605454613
2016_1143_1323,0.34665131588187592
2016_1143_1328,0.31925852725334336
2016_1143_1332,0.25222738710469417
2016_1143_1333,0.61390847072620813
2016_1143_1338,0.47400042649915308
2016_1143_1344,0.41000211667003938
2016_1143_1345,0.33142427643363637
2016_1143_1355,0.73784983728066711
2016_1143_1371,0.36070769580015249
2016_1143_1372,0.64153571534974219
2016_1143_1380,0.9232685752424169
2016_1143_1386,0.57067967394270336
2016_1143_1392,0.74509203085858533
2016_1143_1393,0.5311940179116823
2016_1143_1396,0.54920365772761692
2016_1143_1400,0.41067551718213513
2016_1143_1401,0.36975946758462352
2016_1143_1403,0.56741055177831623
2016_1143_1409,0.61030719572207914
2016_1143_1421,0.89738288909892083
2016_1143_1423,0.7423029398515486
2016_1143_1425,0.63377609509534771
2016_1143_1428,0.32294351224684059
2016_1143_1433,0.53449939287234027
2016_1143_1435,0.53429800796765536
2016_1143_1437,0.21638767998669095
2016_1143_1438,0.24890680323485548
2016_1143_1451,0.84504082463540331
2016_1143_1452,0.32666237294202871
2016_1143_1453,0.7423029398515486
2016_1143_1455,0.4236681254353788
2016_1143_1458,0.3684132699408692
2016_1143_1462,0.34459937964596543
2016_1143_1463,0.75843505804037603
2016_1151_1153,0.17553990148423793
2016_1151_1160,0.22809229133317177
2016_1151_1163,0.17154773395620493
2016_1151_1167,0.69073639012085408
2016_1151_1173,0.19309752131394564
2016_1151_1181,0.12284832186504346
2016_1151_1192,0.77574725899478858
2016_1151_1195,0.68251050603115293
2016_1151_1201,0.26204970311063525
2016_1151_1211,0.14610376507390044
2016_1151_1214,0.75570755732597583
2016_1151_1218,0.34931583825324997
2016_1151_1221,0.80238759389802561
2016_1151_1231,0.13332495121144949
2016_1151_1233,0.41018909801005088
2016_1151_1234,0.17086961092250041
2016_1151_1235,0.12262306077649832
2016_1151_1242,0.08835177729123922
2016_1151_1246,0.10576968087402105
2016_1151_1268,0.13196461957192973
2016_1151_1274,0.13491665574434009
2016_1151_1276,0.21048906773944953
2016_1151_1277,0.099842860410341849
2016_1151_1292,0.44840659998851629
2016_1151_1314,0.081543612828265832
2016_1151_1320,0.24305099065050639
2016_1151_1323,0.15019945396286982
2016_1151_1328,0.13453008830017632
2016_1151_1332,0.11486221649475781
2016_1151_1333,0.25948552479665132
2016_1151_1338,0.18499054843601248
2016_1151_1344,0.17273001494684703
2016_1151_1345,0.14191423920798862
2016_1151_1355,0.40145282475544453
2016_1151_1371,0.16057725934952694
2016_1151_1372,0.28813030170480058
2016_1151_1380,0.81532562308712953
2016_1151_1386,0.21984142793863282
2016_1151_1392,0.44805582281359912
2016_1151_1393,0.22880876291920371
2016_1151_1396,0.25767048247141755
2016_1151_1400,0.17534848714781481
2016_1151_1401,0.14200209896057958
2016_1151_1403,0.23942134267646775
2016_1151_1409,0.26142068228603543
2016_1151_1421,0.74555226465497904
2016_1151_1423,0.42746425254065334
2016_1151_1425,0.30045449644326538
2016_1151_1428,0.13881096127681825
2016_1151_1433,0.21318126954785721
2016_1151_1435,0.21200694496886252
2016_1151_1437,0.10017739740580767
2016_1151_1438,0.11881494270219073
2016_1151_1451,0.63592157966010543
2016_1151_1452,0.12396936973341044
2016_1151_1453,0.4107302860356381
2016_1151_1455,0.21578621435967327
2016_1151_1458,0.18233147968056285
2016_1151_1462,0.1319031585094228
2016_1151_1463,0.45063860206052897
2016_1153_1160,0.62592171760740778
2016_1153_1163,0.38872432847606586
2016_1153_1167,0.91451922545706887
2016_1153_1173,0.53396815235104467
2016_1153_1181,0.31757528797075518
2016_1153_1192,0.93124632518661143
2016_1153_1195,0.90479494892455459
2016_1153_1201,0.66815449917152314
2016_1153_1211,0.36878989557881003
2016_1153_1214,0.92657830956700737
2016_1153_1218,0.75457635040781057
2016_1153_1221,0.92927591204060611
2016_1153_1231,0.32617608977264745
2016_1153_1233,0.79662782433885126
2016_1153_1234,0.41338700586146049
2016_1153_1235,0.31921585495539706
2016_1153_1242,0.23795553647888967
2016_1153_1246,0.29307902130079999
2016_1153_1268,0.34314272961829417
2016_1153_1274,0.33089691157207901
2016_1153_1276,0.49808127018264181
2016_1153_1277,0.25541330345372681
2016_1153_1292,0.83053735546449325
2016_1153_1314,0.21343265605156836
2016_1153_1320,0.58111791921753886
2016_1153_1323,0.36751146047867578
2016_1153_1328,0.35408921067553045
2016_1153_1332,0.2956370096387988
2016_1153_1333,0.67465463943958381
2016_1153_1338,0.46925837685789329
2016_1153_1344,0.41162409171992898
2016_1153_1345,0.37772921433157824
2016_1153_1355,0.78117562510654648
2016_1153_1371,0.4115382864231818
2016_1153_1372,0.66723245526284436
2016_1153_1380,0.94595466537017181
2016_1153_1386,0.57759053767541135
2016_1153_1392,0.79848107622088793
2016_1153_1393,0.59207193850402218
2016_1153_1396,0.58452887285305122
2016_1153_1400,0.44926774099066924
2016_1153_1401,0.37869614746080904
2016_1153_1403,0.60722942211677977
2016_1153_1409,0.63313395953577001
2016_1153_1421,0.92132844173583328
2016_1153_1423,0.78780404412447613
2016_1153_1425,0.68850829812958181
2016_1153_1428,0.35918575723878332
2016_1153_1433,0.57894324718775669
2016_1153_1435,0.54826049892630313
2016_1153_1437,0.26217879630564078
2016_1153_1438,0.26318143730463317
2016_1153_1451,0.89324302722228244
2016_1153_1452,0.34418707178249541
2016_1153_1453,0.780405127167489
2016_1153_1455,0.45654790747072971
2016_1153_1458,0.43831552755236736
2016_1153_1462,0.38560099822459448
2016_1153_1463,0.81791574930097033
2016_1160_1163,0.30230665077106433
2016_1160_1167,0.85646607263381225
2016_1160_1173,0.41263237341315107
2016_1160_1181,0.2457063683735905
2016_1160_1192,0.89912967086079676
2016_1160_1195,0.84859643293178189
2016_1160_1201,0.52646336893055712
2016_1160_1211,0.26980571424810884
2016_1160_1214,0.87700910458389036
2016_1160_1218,0.64239463144359532
2016_1160_1221,0.90140546165642554
2016_1160_1231,0.23212664935733951
2016_1160_1233,0.7111975776207029
2016_1160_1234,0.3233866532409706
2016_1160_1235,0.23861983434722567
2016_1160_1242,0.17267241608979422
2016_1160_1246,0.20853337299905161
2016_1160_1268,0.25880215931535899
2016_1160_1274,0.26235601022244459
2016_1160_1276,0.39896394566163684
2016_1160_1277,0.17812223834586183
2016_1160_1292,0.71279308535402419
2016_1160_1314,0.1592197205415139
2016_1160_1320,0.48474281273856812
2016_1160_1323,0.27655001868143325
2016_1160_1328,0.25119439489113204
2016_1160_1332,0.21678539511800543
2016_1160_1333,0.52924777523361133
2016_1160_1338,0.37653971294081989
2016_1160_1344,0.31884849722727659
2016_1160_1345,0.2639195310263851
2016_1160_1355,0.67079517222069907
2016_1160_1371,0.2890322579727822
2016_1160_1372,0.55318054408714468
2016_1160_1380,0.91829053769293778
2016_1160_1386,0.4681590022505302
2016_1160_1392,0.69949151924356856
2016_1160_1393,0.43921854751029354
2016_1160_1396,0.46226869823639838
2016_1160_1400,0.3183547795603946
2016_1160_1401,0.27997140901216078
2016_1160_1403,0.48022173681521874
2016_1160_1409,0.51802855414951932
2016_1160_1421,0.87959465005507387
2016_1160_1423,0.70166466244782844
2016_1160_1425,0.55178190864193355
2016_1160_1428,0.25746908141735292
2016_1160_1433,0.44145835544239598
2016_1160_1435,0.44694039759813964
2016_1160_1437,0.20091813668109326
2016_1160_1438,0.20005264579128224
2016_1160_1451,0.82966267120257309
2016_1160_1452,0.25081955737812456
2016_1160_1453,0.69871703944558128
2016_1160_1455,0.35266010797878689
2016_1160_1458,0.31324406599557497
2016_1160_1462,0.27372021342581809
2016_1160_1463,0.71430624923698915
2016_1163_1167,0.9005715837441215
2016_1163_1173,0.56741099405912099
2016_1163_1181,0.34032364298290874
2016_1163_1192,0.93004306389786184
2016_1163_1195,0.89811248357939755
2016_1163_1201,0.64117509689717833
2016_1163_1211,0.38251287825685421
2016_1163_1214,0.91555039811916406
2016_1163_1218,0.77204093536343743
2016_1163_1221,0.92772817873815705
2016_1163_1231,0.35919685863613038
2016_1163_1233,0.79497399775710609
2016_1163_1234,0.44677648590480479
2016_1163_1235,0.34720967501029498
2016_1163_1242,0.21399847208644796
2016_1163_1246,0.28455828478307277
2016_1163_1268,0.3661435410903473
2016_1163_1274,0.3676191289042261
2016_1163_1276,0.53402087203152737
2016_1163_1277,0.23813803784746057
2016_1163_1292,0.81754957431649178
2016_1163_1314,0.21321088095752994
2016_1163_1320,0.61143421055804537
2016_1163_1323,0.36936528855512052
2016_1163_1328,0.37138107334676873
2016_1163_1332,0.28324725898853531
2016_1163_1333,0.65587574317655806
2016_1163_1338,0.51483917397812284
2016_1163_1344,0.43410901032827198
2016_1163_1345,0.37033220667929101
2016_1163_1355,0.79762133550985292
2016_1163_1371,0.41088336789723945
2016_1163_1372,0.66297792310475723
2016_1163_1380,0.94009237065256546
2016_1163_1386,0.59059517179819709
2016_1163_1392,0.80398151354227676
2016_1163_1393,0.5837129446859497
2016_1163_1396,0.57537937026623687
2016_1163_1400,0.44164600004385457
2016_1163_1401,0.42496521652981756
2016_1163_1403,0.58695773399507467
2016_1163_1409,0.62519631371983708
2016_1163_1421,0.9185922188697756
2016_1163_1423,0.79295730760998517
2016_1163_1425,0.67575627547151762
2016_1163_1428,0.3640451177301246
2016_1163_1433,0.57051037952653849
2016_1163_1435,0.5746561926881133
2016_1163_1437,0.22328671836845615
2016_1163_1438,0.27557621753940742
2016_1163_1451,0.88400454682283458
2016_1163_1452,0.37161899449498303
2016_1163_1453,0.79064254748397889
2016_1163_1455,0.45506916042208145
2016_1163_1458,0.39349367801188406
2016_1163_1462,0.37972704442970573
2016_1163_1463,0.80936499988686184
2016_1167_1173,0.11064238532395776
2016_1167_1181,0.081629298506079251
2016_1167_1192,0.66169119971762913
2016_1167_1195,0.47213444445582886
2016_1167_1201,0.14096095047327695
2016_1167_1211,0.10328283554083606
2016_1167_1214,0.60071966411767685
2016_1167_1218,0.16633369380584984
2016_1167_1221,0.69454046350636678
2016_1167_1231,0.088148225859343121
2016_1167_1233,0.19568460816501276
2016_1167_1234,0.098593775412751494
2016_1167_1235,0.083367081568860746
2016_1167_1242,0.067381226894693169
2016_1167_1246,0.08103241058311228
2016_1167_1268,0.086345207948154146
2016_1167_1274,0.095009691127724172
2016_1167_1276,0.1305000690732544
2016_1167_1277,0.078796039641081395
2016_1167_1292,0.25231750603951086
2016_1167_1314,0.060636241569050453
2016_1167_1320,0.14510913994969321
2016_1167_1323,0.10632760938272567
2016_1167_1328,0.094724946070895433
2016_1167_1332,0.084595796598571305
2016_1167_1333,0.14573062832900896
2016_1167_1338,0.11330080649371843
2016_1167_1344,0.11209544796711512
2016_1167_1345,0.10017714667836186
2016_1167_1355,0.21255704968505396
2016_1167_1371,0.10386680684989236
2016_1167_1372,0.15756329703465466
2016_1167_1380,0.70233293004306185
2016_1167_1386,0.12965036055433943
2016_1167_1392,0.23311922881792191
2016_1167_1393,0.13504407384091055
2016_1167_1396,0.16854963195212114
2016_1167_1400,0.11392131842404951
2016_1167_1401,0.088206952416672091
2016_1167_1403,0.14266645440917625
2016_1167_1409,0.1576178138540949
2016_1167_1421,0.58771774959707823
2016_1167_1423,0.20301443613035386
2016_1167_1425,0.17087728732842611
2016_1167_1428,0.097882435652007826
2016_1167_1433,0.12292817976132453
2016_1167_1435,0.12451702268622511
2016_1167_1437,0.071772358161071526
2016_1167_1438,0.094187281592142624
2016_1167_1451,0.3880731233500152
2016_1167_1452,0.081664043425472843
2016_1167_1453,0.19211862694877613
2016_1167_1455,0.15123842983297531
2016_1167_1458,0.13177990821682817
2016_1167_1462,0.089980976496726761
2016_1167_1463,0.22889889466227997
2016_1173_1181,0.30851085050274862
2016_1173_1192,0.90219896307095448
2016_1173_1195,0.86388007338923012
2016_1173_1201,0.60014328759341595
2016_1173_1211,0.33834720052005618
2016_1173_1214,0.8889716726338881
2016_1173_1218,0.6846053286490088
2016_1173_1221,0.91149480650005943
2016_1173_1231,0.29723600214158286
2016_1173_1233,0.72099587814093258
2016_1173_1234,0.40646827685367271
2016_1173_1235,0.29726067040798743
2016_1173_1242,0.20387409378670684
2016_1173_1246,0.26517652908567191
2016_1173_1268,0.31478419204433539
2016_1173_1274,0.33552711051032724
2016_1173_1276,0.50085579954078141
2016_1173_1277,0.23632305539430054
2016_1173_1292,0.75974277364097187
2016_1173_1314,0.2123611916258793
2016_1173_1320,0.57664235236929851
2016_1173_1323,0.34817126985824076
2016_1173_1328,0.32386286113582718
2016_1173_1332,0.266155947350323
2016_1173_1333,0.61959487998610596
2016_1173_1338,0.47427957885827821
2016_1173_1344,0.3910051424897788
2016_1173_1345,0.33860462666047841
2016_1173_1355,0.73024798078313435
2016_1173_1371,0.35768582037359631
2016_1173_1372,0.62432122848116411
2016_1173_1380,0.92251121183816165
2016_1173_1386,0.55812488486787259
2016_1173_1392,0.73503606596142568
2016_1173_1393,0.51394027391539243
2016_1173_1396,0.56036277892186437
2016_1173_1400,0.3922124717742691
2016_1173_1401,0.34749934718789133
2016_1173_1403,0.57058100824452351
2016_1173_1409,0.60703603957310914
2016_1173_1421,0.89159628676024916
2016_1173_1423,0.73248412267738927
2016_1173_1425,0.6477496016155122
2016_1173_1428,0.32790894627679823
2016_1173_1433,0.5162103674745262
2016_1173_1435,0.54328610387756848
2016_1173_1437,0.21850091184299769
2016_1173_1438,0.26831248956857123
2016_1173_1451,0.84211852871909298
2016_1173_1452,0.30854709872066999
2016_1173_1453,0.7292150250387418
2016_1173_1455,0.43655827783617884
2016_1173_1458,0.38633671410701598
2016_1173_1462,0.3408200269355155
2016_1173_1463,0.74685980068013269
2016_1181_1192,0.93919713024808948
2016_1181_1195,0.91597560135703837
2016_1181_1201,0.79727933924808125
2016_1181_1211,0.60696292955313114
2016_1181_1214,0.93394704243431881
2016_1181_1218,0.81669201345107156
2016_1181_1221,0.93756014904949225
2016_1181_1231,0.5474701146870623
2016_1181_1233,0.85199429008682526
2016_1181_1234,0.6637274460825322
2016_1181_1235,0.57486947394826626
2016_1181_1242,0.37706734690427746
2016_1181_1246,0.50328003479583916
2016_1181_1268,0.58382802929302424
2016_1181_1274,0.60954943091979397
2016_1181_1276,0.72819029947982061
2016_1181_1277,0.44299560629690615
2016_1181_1292,0.85761463633800639
2016_1181_1314,0.40328131105708542
2016_1181_1320,0.77391061997681687
2016_1181_1323,0.62327656032836654
2016_1181_1328,0.607571229361344
2016_1181_1332,0.48848150065845886
2016_1181_1333,0.80960202842006945
2016_1181_1338,0.72429891093046894
2016_1181_1344,0.66497625087789713
2016_1181_1345,0.61992184421926178
2016_1181_1355,0.84458013778027619
2016_1181_1371,0.63151668417734452
2016_1181_1372,0.79995010588220805
2016_1181_1380,0.94761524272907627
2016_1181_1386,0.77201172905407212
2016_1181_1392,0.85243803072084146
2016_1181_1393,0.75070050181892967
2016_1181_1396,0.75131149407820819
2016_1181_1400,0.67203507291298814
2016_1181_1401,0.62716851470477519
2016_1181_1403,0.7765216608789447
2016_1181_1409,0.79621506152814081
2016_1181_1421,0.93213562599247834
2016_1181_1423,0.85256494937018568
2016_1181_1425,0.80072979051316173
2016_1181_1428,0.61124449099050571
2016_1181_1433,0.75991659078234708
2016_1181_1435,0.75498513293897207
2016_1181_1437,0.44117937380240069
2016_1181_1438,0.48566545831437247
2016_1181_1451,0.89387134118000822
2016_1181_1452,0.56452276059505613
2016_1181_1453,0.84698554704395912
2016_1181_1455,0.64049440159322568
2016_1181_1458,0.6431371450840031
2016_1181_1462,0.62193513184099647
2016_1181_1463,0.86145574282572912
2016_1192_1195,0.33832625112958603
2016_1192_1201,0.099525673941453396
2016_1192_1211,0.063894164553104593
2016_1192_1214,0.46572951514900296
2016_1192_1218,0.13204544146354458
2016_1192_1221,0.53005839132575039
2016_1192_1231,0.05291623671790191
2016_1192_1233,0.14565549374777065
2016_1192_1234,0.069786229817673129
2016_1192_1235,0.052119556935678379
2016_1192_1242,0.043740856429449804
2016_1192_1246,0.050976746509940218
2016_1192_1268,0.056435563050646675
2016_1192_1274,0.059359023119578969
2016_1192_1276,0.088151701876323152
2016_1192_1277,0.051596638290531516
2016_1192_1292,0.17867114778854187
2016_1192_1314,0.040155709097341674
2016_1192_1320,0.10471417950877226
2016_1192_1323,0.066333398063154192
2016_1192_1328,0.060107458177781625
2016_1192_1332,0.053571207684310451
2016_1192_1333,0.10632742438775
2016_1192_1338,0.078453339697595714
2016_1192_1344,0.078775709878040612
2016_1192_1345,0.063436458235568982
2016_1192_1355,0.16139651879651784
2016_1192_1371,0.064201826450696053
2016_1192_1372,0.10823642882526541
2016_1192_1380,0.54544554432145098
2016_1192_1386,0.095335308632114812
2016_1192_1392,0.18385328900437514
2016_1192_1393,0.088556761934357575
2016_1192_1396,0.10069562177402991
2016_1192_1400,0.079185118741845639
2016_1192_1401,0.061039174198560198
2016_1192_1403,0.10399089917279913
2016_1192_1409,0.11374636901114021
2016_1192_1421,0.4475205922879385
2016_1192_1423,0.14724276378365142
2016_1192_1425,0.12706476458409954
2016_1192_1428,0.063555517575743847
2016_1192_1433,0.083889278263172273
2016_1192_1435,0.091660670236770603
2016_1192_1437,0.049630009597332214
2016_1192_1438,0.059411337223809868
2016_1192_1451,0.28876477751544627
2016_1192_1452,0.050511961205209843
2016_1192_1453,0.14208936961764496
2016_1192_1455,0.093629582693674274
2016_1192_1458,0.075324937780231083
2016_1192_1462,0.05502584217773232
2016_1192_1463,0.17331957237051765
2016_1195_1201,0.12743410456948279
2016_1195_1211,0.089797612579785691
2016_1195_1214,0.58932789644100825
2016_1195_1218,0.15561087491170311
2016_1195_1221,0.68455998961230002
2016_1195_1231,0.079094633236298395
2016_1195_1233,0.17672813685331978
2016_1195_1234,0.098299567302792545
2016_1195_1235,0.074224113811259373
2016_1195_1242,0.059876924041082025
2016_1195_1246,0.07148470100310178
2016_1195_1268,0.080215685944785564
2016_1195_1274,0.082505272875345814
2016_1195_1276,0.12092787883813672
2016_1195_1277,0.068223134302944133
2016_1195_1292,0.24944785788560864
2016_1195_1314,0.054631696290688203
2016_1195_1320,0.14212916522911223
2016_1195_1323,0.091682224373700882
2016_1195_1328,0.082205420092982595
2016_1195_1332,0.077886622802279981
2016_1195_1333,0.14266030324818768
2016_1195_1338,0.10477693489324003
2016_1195_1344,0.1083162102549563
2016_1195_1345,0.087006276166115781
2016_1195_1355,0.20852982392168062
2016_1195_1371,0.095789205738237793
2016_1195_1372,0.14278767170120421
2016_1195_1380,0.68058031168767308
2016_1195_1386,0.12793710583825868
2016_1195_1392,0.22509598978497414
2016_1195_1393,0.13107806903358266
2016_1195_1396,0.15467032878538134
2016_1195_1400,0.09716230946410942
2016_1195_1401,0.085952044026689878
2016_1195_1403,0.13965013343703447
2016_1195_1409,0.15442736248628697
2016_1195_1421,0.57777894752516001
2016_1195_1423,0.17770006376718916
2016_1195_1425,0.16738096659691881
2016_1195_1428,0.085735226068417103
2016_1195_1433,0.12107754924771785
2016_1195_1435,0.12286202633664611
2016_1195_1437,0.067568172608218902
2016_1195_1438,0.081062405495948564
2016_1195_1451,0.38659200791735326
2016_1195_1452,0.064351994656958844
2016_1195_1453,0.1952355479348924
2016_1195_1455,0.15201231288282935
2016_1195_1458,0.11440123932593593
2016_1195_1462,0.07881703195193579
2016_1195_1463,0.22453689704513469
2016_1201_1211,0.24879968837814237
2016_1201_1214,0.85868897979776304
2016_1201_1218,0.57738586165720318
2016_1201_1221,0.88916227051336083
2016_1201_1231,0.20939267993655719
2016_1201_1233,0.67412287602571774
2016_1201_1234,0.30019559590604517
2016_1201_1235,0.21442909667292154
2016_1201_1242,0.15864012258151738
2016_1201_1246,0.19138097083273975
2016_1201_1268,0.22096054593554459
2016_1201_1274,0.23645027897077231
2016_1201_1276,0.38561280294833222
2016_1201_1277,0.16723780424088508
2016_1201_1292,0.68135218958767529
2016_1201_1314,0.14449708108008397
2016_1201_1320,0.4785448542909978
2016_1201_1323,0.25541483458295111
2016_1201_1328,0.23336182635465264
2016_1201_1332,0.19472409399652868
2016_1201_1333,0.50276276288609401
2016_1201_1338,0.36078456095983458
2016_1201_1344,0.29454065356928716
2016_1201_1345,0.24463732551471018
2016_1201_1355,0.62840826907785785
2016_1201_1371,0.25263774196408328
2016_1201_1372,0.54486313109917472
2016_1201_1380,0.89853025894746152
2016_1201_1386,0.44831557591255222
2016_1201_1392,0.65685979982802978
2016_1201_1393,0.42767559530805455
2016_1201_1396,0.45261245726582799
2016_1201_1400,0.30346240857281681
2016_1201_1401,0.24950035738669707
2016_1201_1403,0.47456758253682318
2016_1201_1409,0.51070829181452815
2016_1201_1421,0.85515545437524987
2016_1201_1423,0.65800858573507881
2016_1201_1425,0.52815951105383008
2016_1201_1428,0.23943636871009399
2016_1201_1433,0.41696315021626407
2016_1201_1435,0.4363950103916856
2016_1201_1437,0.18198870508941767
2016_1201_1438,0.19251728864839102
2016_1201_1451,0.79816814583353257
2016_1201_1452,0.20986011261149651
2016_1201_1453,0.6542589627346852
2016_1201_1455,0.32357356881572841
2016_1201_1458,0.30110123431972646
2016_1201_1462,0.24420234483935122
2016_1201_1463,0.68559890619628883
2016_1211_1214,0.90665197644335194
2016_1211_1218,0.77208922401385283
2016_1211_1221,0.91873168302926034
2016_1211_1231,0.45734869570715841
2016_1211_1233,0.7938400513282442
2016_1211_1234,0.56234778643086081
2016_1211_1235,0.462955722196838
2016_1211_1242,0.30526689513410321
2016_1211_1246,0.37118924671689413
2016_1211_1268,0.47865259387591341
2016_1211_1274,0.50665623893025935
2016_1211_1276,0.65449355686187949
2016_1211_1277,0.34239898373628797
2016_1211_1292,0.80626762688232922
2016_1211_1314,0.31067116276416962
2016_1211_1320,0.70697745862006944
2016_1211_1323,0.49396432021030034
2016_1211_1328,0.48835715953561243
2016_1211_1332,0.36291834939575496
2016_1211_1333,0.73284729556023009
2016_1211_1338,0.6414666262080303
2016_1211_1344,0.54695922763220584
2016_1211_1345,0.4865063671345834
2016_1211_1355,0.79751991040514381
2016_1211_1371,0.50159450030249864
2016_1211_1372,0.72885351305072621
2016_1211_1380,0.92688122861223676
2016_1211_1386,0.69044272322364331
2016_1211_1392,0.80501285749291052
2016_1211_1393,0.65128770785137502
2016_1211_1396,0.67503011255186263
2016_1211_1400,0.54888938136121945
2016_1211_1401,0.52451055399366475
2016_1211_1403,0.68340393141467826
2016_1211_1409,0.72535422386354353
2016_1211_1421,0.91060408953214333
2016_1211_1423,0.79377034083381992
2016_1211_1425,0.73528886754725431
2016_1211_1428,0.47766369655869478
2016_1211_1433,0.66652604280446559
2016_1211_1435,0.68325682898082152
2016_1211_1437,0.32076545767765685
2016_1211_1438,0.38468139875014162
2016_1211_1451,0.86097711357571072
2016_1211_1452,0.48112112491031223
2016_1211_1453,0.79146228000643171
2016_1211_1455,0.55987626996121986
2016_1211_1458,0.49859766335354816
2016_1211_1462,0.49356480216779974
2016_1211_1463,0.8091035922411739
2016_1214_1218,0.14421198215315434
2016_1214_1221,0.56347569756631977
2016_1214_1231,0.065800287845054983
2016_1214_1233,0.19769337126770103
2016_1214_1234,0.083038916463429979
2016_1214_1235,0.062438357283366774
2016_1214_1242,0.050245657933029597
2016_1214_1246,0.060105684143489158
2016_1214_1268,0.064721635037760739
2016_1214_1274,0.068555335101850967
2016_1214_1276,0.099569248682079836
2016_1214_1277,0.056539201970153052
2016_1214_1292,0.2148111322182622
2016_1214_1314,0.044720523512151833
2016_1214_1320,0.11941010254242224
2016_1214_1323,0.07809914416156416
2016_1214_1328,0.068302406978914987
2016_1214_1332,0.064306671422339812
2016_1214_1333,0.12254356278288236
2016_1214_1338,0.087420117836668809
2016_1214_1344,0.092519758691881671
2016_1214_1345,0.074059471951731348
2016_1214_1355,0.1791697410697467
2016_1214_1371,0.078426757500362876
2016_1214_1372,0.12950676631780744
2016_1214_1380,0.58590745113531018
2016_1214_1386,0.10963102197097818
2016_1214_1392,0.19408413699121907
2016_1214_1393,0.10437953792951538
2016_1214_1396,0.12185257442234976
2016_1214_1400,0.093244651263447276
2016_1214_1401,0.072449790771985767
2016_1214_1403,0.11989849977767875
2016_1214_1409,0.13290856207012491
2016_1214_1421,0.46252426188340734
2016_1214_1423,0.17141158396449463
2016_1214_1425,0.14436531043732626
2016_1214_1428,0.071281598704024729
2016_1214_1433,0.10034287095268157
2016_1214_1435,0.10285352622213584
2016_1214_1437,0.0630073397057066
2016_1214_1438,0.064678328900899418
2016_1214_1451,0.33893100776242624
2016_1214_1452,0.060340251865086847
2016_1214_1453,0.16942646738098632
2016_1214_1455,0.11587283612538402
2016_1214_1458,0.092795526093899627
2016_1214_1462,0.067927409442832487
2016_1214_1463,0.19742368767216656
2016_1218_1221,0.85562784352630517
2016_1218_1231,0.18485705387203955
2016_1218_1233,0.56086785117591398
2016_1218_1234,0.23247941708020781
2016_1218_1235,0.16471931413244267
2016_1218_1242,0.11056665490812378
2016_1218_1246,0.14809937328154377
2016_1218_1268,0.17294045229761024
2016_1218_1274,0.17843464910836626
2016_1218_1276,0.31425607291617674
2016_1218_1277,0.13652449374343933
2016_1218_1292,0.60147421778774723
2016_1218_1314,0.11573411462439998
2016_1218_1320,0.37212353126418007
2016_1218_1323,0.20109635717883301
2016_1218_1328,0.18138761549641735
2016_1218_1332,0.15431299533367626
2016_1218_1333,0.40571581377965338
2016_1218_1338,0.28330789856797534
2016_1218_1344,0.23028251158401358
2016_1218_1345,0.19635841563187673
2016_1218_1355,0.55331607632412805
2016_1218_1371,0.21511682871599302
2016_1218_1372,0.43163314830210098
2016_1218_1380,0.86425439186115582
2016_1218_1386,0.35442351717923504
2016_1218_1392,0.58677377000938513
2016_1218_1393,0.33862888734060403
2016_1218_1396,0.36711005865886515
2016_1218_1400,0.23108664980160676
2016_1218_1401,0.19009302615676504
2016_1218_1403,0.37574294648912909
2016_1218_1409,0.39923026043755649
2016_1218_1421,0.8145084832200955
2016_1218_1423,0.56674864948534642
2016_1218_1425,0.45734952633754444
2016_1218_1428,0.19154706141849565
2016_1218_1433,0.31185949365462418
2016_1218_1435,0.34160221921786349
2016_1218_1437,0.12403053096890948
2016_1218_1438,0.15698680527596365
2016_1218_1451,0.74567220476271023
2016_1218_1452,0.16696814214596123
2016_1218_1453,0.56266346791202371
2016_1218_1455,0.27813087896625011
2016_1218_1458,0.24046944510115098
2016_1218_1462,0.17887804159928344
2016_1218_1463,0.59735685688036666
2016_1221_1231,0.056318098449911647
2016_1221_1233,0.12280074385074635
2016_1221_1234,0.064837216821383437
2016_1221_1235,0.055733225111221252
2016_1221_1242,0.044364260966521463
2016_1221_1246,0.052033283993984325
2016_1221_1268,0.060329432023923268
2016_1221_1274,0.062067788126190737
2016_1221_1276,0.079085604082536065
2016_1221_1277,0.048857305018737529
2016_1221_1292,0.14633570492637082
2016_1221_1314,0.039863987294994851
2016_1221_1320,0.090524776096355342
2016_1221_1323,0.066450126262276088
2016_1221_1328,0.060494733905147258
2016_1221_1332,0.056240188922853318
2016_1221_1333,0.08582304149210096
2016_1221_1338,0.068396289405376787
2016_1221_1344,0.072489465319729329
2016_1221_1345,0.062659652261157439
2016_1221_1355,0.12884870457415176
2016_1221_1371,0.066485925125266299
2016_1221_1372,0.097950526471711652
2016_1221_1380,0.479713313566831
2016_1221_1386,0.078805536769476991
2016_1221_1392,0.13731603824509497
2016_1221_1393,0.07903876305484081
2016_1221_1396,0.088981408093255721
2016_1221_1400,0.07067016235573409
2016_1221_1401,0.05775059068584476
2016_1221_1403,0.084165241191441975
2016_1221_1409,0.097772252800488624
2016_1221_1421,0.39302957299069519
2016_1221_1423,0.11644062216458773
2016_1221_1425,0.098956101063358504
2016_1221_1428,0.062785399784010099
2016_1221_1433,0.07261780833204734
2016_1221_1435,0.076034925509049223
2016_1221_1437,0.047822757857539755
2016_1221_1438,0.060138455076570563
2016_1221_1451,0.23227825069829033
2016_1221_1452,0.052738796124057852
2016_1221_1453,0.11644062216458773
2016_1221_1455,0.093267398178272898
2016_1221_1458,0.074573228881048337
2016_1221_1462,0.056242680149031332
2016_1221_1463,0.13523914176515561
2016_1231_1233,0.85310744755054724
2016_1231_1234,0.60035119869115161
2016_1231_1235,0.47387108958606372
2016_1231_1242,0.3047835497685647
2016_1231_1246,0.38566133001285396
2016_1231_1268,0.4896006561452898
2016_1231_1274,0.51041431724482011
2016_1231_1276,0.68252906645776135
2016_1231_1277,0.34630709039019858
2016_1231_1292,0.86407099546440735
2016_1231_1314,0.31580506827779931
2016_1231_1320,0.75838644083199547
2016_1231_1323,0.51641779981505076
2016_1231_1328,0.50492231362656548
2016_1231_1332,0.37811287483895772
2016_1231_1333,0.78649682486660788
2016_1231_1338,0.6854692334889817
2016_1231_1344,0.57898565701322469
2016_1231_1345,0.50994125875898599
2016_1231_1355,0.85218829791930584
2016_1231_1371,0.52382666822073642
2016_1231_1372,0.78222106172773742
2016_1231_1380,0.95173537861206892
2016_1231_1386,0.7394973888282661
2016_1231_1392,0.86232579592917169
2016_1231_1393,0.70416094061161238
2016_1231_1396,0.71772951345097669
2016_1231_1400,0.58517958891230626
2016_1231_1401,0.55204225052614064
2016_1231_1403,0.7470502368814731
2016_1231_1409,0.77010270815879311
2016_1231_1421,0.93946946898506933
2016_1231_1423,0.85678652132508459
2016_1231_1425,0.78960047203544514
2016_1231_1428,0.49347500502599928
2016_1231_1433,0.70381434169436696
2016_1231_1435,0.73810908505214967
2016_1231_1437,0.31462904160920047
2016_1231_1438,0.40168905451605674
2016_1231_1451,0.90896499387673557
2016_1231_1452,0.48169141898560297
2016_1231_1453,0.85473517875238003
2016_1231_1455,0.59535579466993394
2016_1231_1458,0.53294242619059373
2016_1231_1462,0.51262944904447061
2016_1231_1463,0.86570713185160408
2016_1233_1234,0.20850068438370362
2016_1233_1235,0.14311518828012271
2016_1233_1242,0.1037942019660345
2016_1233_1246,0.12777545178763938
2016_1233_1268,0.15374430322913046
2016_1233_1274,0.15730403844895258
2016_1233_1276,0.27164479028433974
2016_1233_1277,0.1191026393499538
2016_1233_1292,0.58422983699517983
2016_1233_1314,0.095921287247192955
2016_1233_1320,0.33331601093533458
2016_1233_1323,0.18636535003044052
2016_1233_1328,0.15929695254087417
2016_1233_1332,0.13777864525521888
2016_1233_1333,0.3727939479542739
2016_1233_1338,0.23454064041226586
2016_1233_1344,0.21173932537552798
2016_1233_1345,0.17738836071956787
2016_1233_1355,0.52004079117430613
2016_1233_1371,0.19246239837397627
2016_1233_1372,0.40217899225030262
2016_1233_1380,0.86279643304878539
2016_1233_1386,0.31609494228645474
2016_1233_1392,0.5590339271384297
2016_1233_1393,0.30231383650837063
2016_1233_1396,0.33251407025816793
2016_1233_1400,0.21706596297645808
2016_1233_1401,0.16512325683718521
2016_1233_1403,0.34808678800930071
2016_1233_1409,0.36774896496262244
2016_1233_1421,0.81294285244558218
2016_1233_1423,0.54122653605444515
2016_1233_1425,0.43085004190789455
2016_1233_1428,0.16918341615385379
2016_1233_1433,0.27721194789641956
2016_1233_1435,0.29905596631261167
2016_1233_1437,0.11729461318020029
2016_1233_1438,0.14042223975968771
2016_1233_1451,0.7476105268503912
2016_1233_1452,0.15077711692358509
2016_1233_1453,0.53709725972216926
2016_1233_1455,0.25916883039471394
2016_1233_1458,0.22623268854890188
2016_1233_1462,0.16180640047007788
2016_1233_1463,0.58209196203601565
2016_1234_1235,0.31322410300923109
2016_1234_1242,0.21650039153291267
2016_1234_1246,0.26144090651136598
2016_1234_1268,0.33692413352056605
2016_1234_1274,0.34596736123536276
2016_1234_1276,0.53113321630463095
2016_1234_1277,0.22933821089611517
2016_1234_1292,0.8257385922218371
2016_1234_1314,0.20915781767897801
2016_1234_1320,0.61966150777883167
2016_1234_1323,0.37202987771476881
2016_1234_1328,0.33860641616588771
2016_1234_1332,0.26992883255400968
2016_1234_1333,0.66238074561068283
2016_1234_1338,0.49589472699687265
2016_1234_1344,0.43346075328413736
2016_1234_1345,0.35835372760687767
2016_1234_1355,0.79152672331807328
2016_1234_1371,0.39433540755635443
2016_1234_1372,0.66064293482276992
2016_1234_1380,0.93705873989002886
2016_1234_1386,0.60338874088452843
2016_1234_1392,0.80536613070092378
2016_1234_1393,0.58561904776944818
2016_1234_1396,0.59674360329008269
2016_1234_1400,0.4157048175712047
2016_1234_1401,0.38522911472066412
2016_1234_1403,0.62192626239671611
2016_1234_1409,0.65158418413285213
2016_1234_1421,0.9210828377286453
2016_1234_1423,0.79279145356845115
2016_1234_1425,0.68104995769018384
2016_1234_1428,0.34024137023774137
2016_1234_1433,0.57752505846209812
2016_1234_1435,0.57235235441547094
2016_1234_1437,0.23662895269346851
2016_1234_1438,0.26391062104566587
2016_1234_1451,0.88670834000919174
2016_1234_1452,0.31078663215142099
2016_1234_1453,0.80656310410871423
2016_1234_1455,0.47850995446743361
2016_1234_1458,0.41687672328688496
2016_1234_1462,0.37210226142703484
2016_1234_1463,0.82124425329767625
2016_1235_1242,0.28889175079368945
2016_1235_1246,0.37596028087641542
2016_1235_1268,0.47059531840296975
2016_1235_1274,0.49322946123865619
2016_1235_1276,0.65296961558653788
2016_1235_1277,0.3249070194617445
2016_1235_1292,0.85127674572685108
2016_1235_1314,0.29958623569482945
2016_1235_1320,0.72977574471773743
2016_1235_1323,0.49597650020613859
2016_1235_1328,0.48370983427514647
2016_1235_1332,0.36432310639949472
2016_1235_1333,0.76681066764631045
2016_1235_1338,0.65006853672895137
2016_1235_1344,0.55963453632015292
2016_1235_1345,0.49021086314324402
2016_1235_1355,0.83705913968192291
2016_1235_1371,0.51956489419397278
2016_1235_1372,0.74521243687544891
2016_1235_1380,0.9394151226498717
2016_1235_1386,0.71110245871171185
2016_1235_1392,0.84450402564036031
2016_1235_1393,0.6846779135073493
2016_1235_1396,0.70197349586143587
2016_1235_1400,0.54318607660337337
2016_1235_1401,0.54037194605002592
2016_1235_1403,0.72314777218300219
2016_1235_1409,0.7527497640821158
2016_1235_1421,0.92923084087952312
2016_1235_1423,0.82837042330185429
2016_1235_1425,0.76493079579262957
2016_1235_1428,0.47376579116970008
2016_1235_1433,0.68578880373272244
2016_1235_1435,0.70980187419735441
2016_1235_1437,0.30622071090462988
2016_1235_1438,0.37817791360216946
2016_1235_1451,0.89243796461123637
2016_1235_1452,0.45194858758599543
2016_1235_1453,0.84385682839917808
2016_1235_1455,0.57919294651809472
2016_1235_1458,0.51819961721386854
2016_1235_1462,0.50658188326356646
2016_1235_1463,0.8530406905626301
2016_1242_1246,0.64738801497563059
2016_1242_1268,0.74649312572658055
2016_1242_1274,0.75707252996046204
2016_1242_1276,0.83005964128860632
2016_1242_1277,0.60774722136733639
2016_1242_1292,0.90731603999778454
2016_1242_1314,0.57445391089046938
2016_1242_1320,0.86326342610996565
2016_1242_1323,0.76337071944469881
2016_1242_1328,0.75020921991835665
2016_1242_1332,0.63283641781904731
2016_1242_1333,0.88728035864170596
2016_1242_1338,0.83524689230955473
2016_1242_1344,0.7802439445886562
2016_1242_1345,0.76700805921006499
2016_1242_1355,0.89808205079038517
2016_1242_1371,0.76964283066954864
2016_1242_1372,0.88624753020812341
2016_1242_1380,0.96497283741135187
2016_1242_1386,0.85787039039666579
2016_1242_1392,0.89643990963679254
2016_1242_1393,0.84630271093322973
2016_1242_1396,0.85783744395488715
2016_1242_1400,0.78635158460255883
2016_1242_1401,0.74955496860233584
2016_1242_1403,0.86771247198830714
2016_1242_1409,0.8790224958432592
2016_1242_1421,0.95368332308354564
2016_1242_1423,0.90634207668669764
2016_1242_1425,0.88554646353720079
2016_1242_1428,0.74687916030411006
2016_1242_1433,0.85104865687645959
2016_1242_1435,0.85699093733411802
2016_1242_1437,0.58119046171774857
2016_1242_1438,0.65962577719383031
2016_1242_1451,0.92851651399983037
2016_1242_1452,0.69923996609774619
2016_1242_1453,0.90492178257420053
2016_1242_1455,0.77886146847712623
2016_1242_1458,0.78307622794326481
2016_1242_1462,0.7665884160953409
2016_1242_1463,0.90935776210048169
2016_1246_1268,0.60758137548138813
2016_1246_1274,0.62231452484734917
2016_1246_1276,0.73306227813312574
2016_1246_1277,0.44120797547267432
2016_1246_1292,0.860558485825898
2016_1246_1314,0.41049236062961381
2016_1246_1320,0.77030256234948735
2016_1246_1323,0.63056304467405355
2016_1246_1328,0.61243976183986937
2016_1246_1332,0.49910773604208059
2016_1246_1333,0.81332247396098334
2016_1246_1338,0.7277049579227326
2016_1246_1344,0.67779667758249718
2016_1246_1345,0.63410929680299932
2016_1246_1355,0.84486770947256917
2016_1246_1371,0.64770230860497802
2016_1246_1372,0.81494611709163689
2016_1246_1380,0.95263238283773544
2016_1246_1386,0.77315054609582767
2016_1246_1392,0.85040375813870406
2016_1246_1393,0.76230237911467325
2016_1246_1396,0.76539408364617068
2016_1246_1400,0.68526487248042156
2016_1246_1401,0.63533806138128579
2016_1246_1403,0.78330911445319795
2016_1246_1409,0.80543607255830463
2016_1246_1421,0.9340349642746224
2016_1246_1423,0.86224841219275128
2016_1246_1425,0.80736253583388295
2016_1246_1428,0.61183557708473102
2016_1246_1433,0.77434264346163117
2016_1246_1435,0.75813866976062716
2016_1246_1437,0.46547898571276503
2016_1246_1438,0.48474127900950026
2016_1246_1451,0.89362044981672162
2016_1246_1452,0.56884744281861188
2016_1246_1453,0.85697398637190147
2016_1246_1455,0.67611276214340754
2016_1246_1458,0.65636141914394408
2016_1246_1462,0.64087784295534445
2016_1246_1463,0.86433273945871703
2016_1268_1274,0.54092308163066671
2016_1268_1276,0.6798671964388967
2016_1268_1277,0.35895081880501101
2016_1268_1292,0.82502951469234043
2016_1268_1314,0.33228279121209725
2016_1268_1320,0.73789025962505772
2016_1268_1323,0.54026896146670467
2016_1268_1328,0.533683525982941
2016_1268_1332,0.4132014244317872
2016_1268_1333,0.76377215360788242
2016_1268_1338,0.67908635293316544
2016_1268_1344,0.58704471993132912
2016_1268_1345,0.53230435938478116
2016_1268_1355,0.82065612809018385
2016_1268_1371,0.56140319245925974
2016_1268_1372,0.76085517412141268
2016_1268_1380,0.94001907376810367
2016_1268_1386,0.71815909797907973
2016_1268_1392,0.83375704241088056
2016_1268_1393,0.6948728600524483
2016_1268_1396,0.70999928466262385
2016_1268_1400,0.5899633911369071
2016_1268_1401,0.56810804692210937
2016_1268_1403,0.71937252770798421
2016_1268_1409,0.7500697595397412
2016_1268_1421,0.92233386766843828
2016_1268_1423,0.82561836776657704
2016_1268_1425,0.7651147261417296
2016_1268_1428,0.5237543356380161
2016_1268_1433,0.69876753378846357
2016_1268_1435,0.71280950898586393
2016_1268_1437,0.34315086723266253
2016_1268_1438,0.42844301104758731
2016_1268_1451,0.88035899707449816
2016_1268_1452,0.52419489256655238
2016_1268_1453,0.81923543305001556
2016_1268_1455,0.58858734237772614
2016_1268_1458,0.54744769076612376
2016_1268_1462,0.54143167832103012
2016_1268_1463,0.82957498128634488
2016_1274_1276,0.65429752458258095
2016_1274_1277,0.34337540868598826
2016_1274_1292,0.80599754160233406
2016_1274_1314,0.31628968643024291
2016_1274_1320,0.71501234679415748
2016_1274_1323,0.50915781889537137
2016_1274_1328,0.50345142780324137
2016_1274_1332,0.3822127768713901
2016_1274_1333,0.74052184701863277
2016_1274_1338,0.65213648517082357
2016_1274_1344,0.55977312638947663
2016_1274_1345,0.5020662716570472
2016_1274_1355,0.80307438162708711
2016_1274_1371,0.5254094637761404
2016_1274_1372,0.74055047120090634
2016_1274_1380,0.93056121089181787
2016_1274_1386,0.69504832516214199
2016_1274_1392,0.81179106051483063
2016_1274_1393,0.66845122437532378
2016_1274_1396,0.68529178885084008
2016_1274_1400,0.55665806566240772
2016_1274_1401,0.54049633882151205
2016_1274_1403,0.69107441061003505
2016_1274_1409,0.72559609269167036
2016_1274_1421,0.91271561730266648
2016_1274_1423,0.79969404497309227
2016_1274_1425,0.74265156643146202
2016_1274_1428,0.49497792857502687
2016_1274_1433,0.67252420999276807
2016_1274_1435,0.68944976227368748
2016_1274_1437,0.32438425536309712
2016_1274_1438,0.3990706232876684
2016_1274_1451,0.86546685790697875
2016_1274_1452,0.4944067782675603
2016_1274_1453,0.79743536211585986
2016_1274_1455,0.56224644249579725
2016_1274_1458,0.51828729071605384
2016_1274_1462,0.50723220351792975
2016_1274_1463,0.81000942408359722
2016_1276_1277,0.22457038919408223
2016_1276_1292,0.75457659736809501
2016_1276_1314,0.20043309213587091
2016_1276_1320,0.56737649412200686
2016_1276_1323,0.34389818292364049
2016_1276_1328,0.31934737469873531
2016_1276_1332,0.2468549842234169
2016_1276_1333,0.59202819673345353
2016_1276_1338,0.45514395172250455
2016_1276_1344,0.39179522016360779
2016_1276_1345,0.33151486074544723
2016_1276_1355,0.71978747665428366
2016_1276_1371,0.35373666977368556
2016_1276_1372,0.6180414306245039
2016_1276_1380,0.92136873278029219
2016_1276_1386,0.55188588572688646
2016_1276_1392,0.73335608315325329
2016_1276_1393,0.52014356697816455
2016_1276_1396,0.53595636686822767
2016_1276_1400,0.39262277147560654
2016_1276_1401,0.34045343755657131
2016_1276_1403,0.55332305890285216
2016_1276_1409,0.5921742108480561
2016_1276_1421,0.88764997175376004
2016_1276_1423,0.72603289091453482
2016_1276_1425,0.61953214677640911
2016_1276_1428,0.32028636489986251
2016_1276_1433,0.51515557666751632
2016_1276_1435,0.51091138014626636
2016_1276_1437,0.23364249028285922
2016_1276_1438,0.24898323313908521
2016_1276_1451,0.83653961474753136
2016_1276_1452,0.31065211387994807
2016_1276_1453,0.7232310633566722
2016_1276_1455,0.40753148459953192
2016_1276_1458,0.37795311951815358
2016_1276_1462,0.33683809771534223
2016_1276_1463,0.749605042055979
2016_1277_1292,0.88593622171037556
2016_1277_1314,0.47276170316204558
2016_1277_1320,0.81714266625690868
2016_1277_1323,0.67435719162405194
2016_1277_1328,0.66110248664060878
2016_1277_1332,0.54819613738717221
2016_1277_1333,0.85120349164725995
2016_1277_1338,0.76739168081261777
2016_1277_1344,0.71362571727408874
2016_1277_1345,0.6776979326070911
2016_1277_1355,0.87202553575418973
2016_1277_1371,0.69618803484505287
2016_1277_1372,0.85653367399983105
2016_1277_1380,0.95389490507453301
2016_1277_1386,0.81282151218309462
2016_1277_1392,0.8666136725371989
2016_1277_1393,0.79638655013380366
2016_1277_1396,0.79770476959959113
2016_1277_1400,0.72274599429050979
2016_1277_1401,0.69225617465050671
2016_1277_1403,0.82100252790630024
2016_1277_1409,0.84154642696696258
2016_1277_1421,0.93975496597184827
2016_1277_1423,0.88462347546285691
2016_1277_1425,0.84387530050440562
2016_1277_1428,0.65376324674431863
2016_1277_1433,0.80506064504946051
2016_1277_1435,0.80791839099148866
2016_1277_1437,0.49937643805638676
2016_1277_1438,0.53732493313112506
2016_1277_1451,0.90740364820539987
2016_1277_1452,0.64458826174171335
2016_1277_1453,0.88462347546285691
2016_1277_1455,0.72160190506473243
2016_1277_1458,0.69396204805217654
2016_1277_1462,0.68700543506909373
2016_1277_1463,0.88668927997632574
2016_1292_1314,0.086110572373537919
2016_1292_1320,0.30480099068161925
2016_1292_1323,0.1649831220383029
2016_1292_1328,0.14804014444852487
2016_1292_1332,0.12406167411601132
2016_1292_1333,0.3215253088406882
2016_1292_1338,0.21619086062873827
2016_1292_1344,0.19071664481331596
2016_1292_1345,0.15603215122880099
2016_1292_1355,0.45683373061281141
2016_1292_1371,0.16909066422296493
2016_1292_1372,0.34676466489429958
2016_1292_1380,0.82684590899173138
2016_1292_1386,0.27785929813365906
2016_1292_1392,0.48837129808948987
2016_1292_1393,0.25722282829484733
2016_1292_1396,0.28878180615718962
2016_1292_1400,0.19028323505391342
2016_1292_1401,0.15902537157697472
2016_1292_1403,0.29621333492450563
2016_1292_1409,0.32332652251777705
2016_1292_1421,0.77582886344922963
2016_1292_1423,0.463855437745193
2016_1292_1425,0.37638855408641858
2016_1292_1428,0.15392272556116215
2016_1292_1433,0.24025927224547194
2016_1292_1435,0.26866926291235782
2016_1292_1437,0.10038455257786894
2016_1292_1438,0.13098567179184506
2016_1292_1451,0.68319221939294628
2016_1292_1452,0.14128508076280155
2016_1292_1453,0.46036523759927372
2016_1292_1455,0.2236865353588311
2016_1292_1458,0.18955125018058228
2016_1292_1462,0.14649159979230952
2016_1292_1463,0.50180054156168863
2016_1314_1320,0.82353075052718805
2016_1314_1323,0.69217360956610019
2016_1314_1328,0.67221022819545762
2016_1314_1332,0.55194860722922434
2016_1314_1333,0.85656410114934756
2016_1314_1338,0.78023266938427949
2016_1314_1344,0.72838426608257589
2016_1314_1345,0.69296939606226271
2016_1314_1355,0.87864043151299065
2016_1314_1371,0.70064476410739651
2016_1314_1372,0.86089297709945067
2016_1314_1380,0.9582989308991543
2016_1314_1386,0.81799694402350587
2016_1314_1392,0.87276057765821879
2016_1314_1393,0.80615073956128769
2016_1314_1396,0.82498165451294436
2016_1314_1400,0.74272215752381521
2016_1314_1401,0.69403538121438646
2016_1314_1403,0.8328282479887088
2016_1314_1409,0.85123774910651751
2016_1314_1421,0.94249771133240667
2016_1314_1423,0.88927501691203159
2016_1314_1425,0.8520987322319451
2016_1314_1428,0.66961591773936169
2016_1314_1433,0.81763354154052281
2016_1314_1435,0.81577431703682535
2016_1314_1437,0.49250277084598093
2016_1314_1438,0.56833825476477817
2016_1314_1451,0.90950925905587998
2016_1314_1452,0.64427460756679389
2016_1314_1453,0.88762799516226321
2016_1314_1455,0.74824216642428487
2016_1314_1458,0.72011922089348768
2016_1314_1462,0.70172719130371353
2016_1314_1463,0.89277523003104742
2016_1320_1323,0.27034994633482667
2016_1320_1328,0.26133630685912212
2016_1320_1332,0.19616056036218876
2016_1320_1333,0.51752842489211748
2016_1320_1338,0.38647119351050629
2016_1320_1344,0.31288847468433745
2016_1320_1345,0.26450344661833891
2016_1320_1355,0.66540923843512534
2016_1320_1371,0.2741899141545131
2016_1320_1372,0.52501984124240453
2016_1320_1380,0.89167675343158181
2016_1320_1386,0.46540931978798028
2016_1320_1392,0.65507762551409376
2016_1320_1393,0.41456481671078671
2016_1320_1396,0.45547580968762036
2016_1320_1400,0.3029824050586778
2016_1320_1401,0.28461103775900676
2016_1320_1403,0.46553847259266268
2016_1320_1409,0.50519714907117597
2016_1320_1421,0.85024052280589879
2016_1320_1423,0.67818366790603801
2016_1320_1425,0.55252464464816042
2016_1320_1428,0.2568630916053215
2016_1320_1433,0.40972479907431447
2016_1320_1435,0.45166495599123979
2016_1320_1437,0.15667226064452489
2016_1320_1438,0.21127017396283543
2016_1320_1451,0.79550974630826998
2016_1320_1452,0.25421764143912862
2016_1320_1453,0.67511146800856803
2016_1320_1455,0.32649468091493961
2016_1320_1458,0.30557493518062662
2016_1320_1462,0.26368725362817569
2016_1320_1463,0.69952722910075649
2016_1323_1328,0.43152004249758069
2016_1323_1332,0.35208733632294276
2016_1323_1333,0.72516438996305099
2016_1323_1338,0.59325481910830591
2016_1323_1344,0.52935935587281646
2016_1323_1345,0.44516617705751349
2016_1323_1355,0.78427387529323067
2016_1323_1371,0.48873818799917823
2016_1323_1372,0.74413035654763948
2016_1323_1380,0.92889643578730663
2016_1323_1386,0.68268834888047392
2016_1323_1392,0.78644130700605042
2016_1323_1393,0.64584898369776866
2016_1323_1396,0.65903224969066021
2016_1323_1400,0.53625633348717194
2016_1323_1401,0.4932868508085716
2016_1323_1403,0.67979357021521913
2016_1323_1409,0.72213115114277926
2016_1323_1421,0.9065034623352104
2016_1323_1423,0.79230745876757114
2016_1323_1425,0.72003143852346141
2016_1323_1428,0.43567150638512964
2016_1323_1433,0.66120135130330171
2016_1323_1435,0.6556258755524782
2016_1323_1437,0.30998122277122808
2016_1323_1438,0.33776510563818918
2016_1323_1451,0.85502658505535778
2016_1323_1452,0.44598038703994003
2016_1323_1453,0.79230745876757114
2016_1323_1455,0.55053448929664772
2016_1323_1458,0.47441646284257155
2016_1323_1462,0.46593546855693513
2016_1323_1463,0.80219096658397659
2016_1328_1332,0.47616240873994087
2016_1328_1333,0.79992096914551258
2016_1328_1338,0.69457545548777666
2016_1328_1344,0.63801227563942786
2016_1328_1345,0.60045990345397871
2016_1328_1355,0.84461529047756045
2016_1328_1371,0.62785389085187782
2016_1328_1372,0.79084308751011867
2016_1328_1380,0.94722184950594113
2016_1328_1386,0.74063466275990975
2016_1328_1392,0.84153119455178971
2016_1328_1393,0.74250259400690388
2016_1328_1396,0.74238648008753194
2016_1328_1400,0.65332957228183075
2016_1328_1401,0.62234568175374139
2016_1328_1403,0.74625250853136726
2016_1328_1409,0.77743906599759671
2016_1328_1421,0.93206388226140802
2016_1328_1423,0.84555263828438143
2016_1328_1425,0.78422468001928169
2016_1328_1428,0.58595296870149349
2016_1328_1433,0.74550179094706337
2016_1328_1435,0.73275434078787982
2016_1328_1437,0.40874676377896169
2016_1328_1438,0.46882666472500578
2016_1328_1451,0.89316272711753064
2016_1328_1452,0.56480396077945816
2016_1328_1453,0.84371000209681368
2016_1328_1455,0.64954653910251381
2016_1328_1458,0.61135042108977733
2016_1328_1462,0.61038392192645463
2016_1328_1463,0.86115976370441616
2016_1332_1333,0.81840134478162829
2016_1332_1338,0.70920729538416283
2016_1332_1344,0.67015353571890712
2016_1332_1345,0.63171909869906373
2016_1332_1355,0.84493050664828284
2016_1332_1371,0.65074063868102605
2016_1332_1372,0.80982502350438124
2016_1332_1380,0.95386027638841275
2016_1332_1386,0.77029387640915847
2016_1332_1392,0.85138075517412171
2016_1332_1393,0.76693418315021566
2016_1332_1396,0.76632647797313069
2016_1332_1400,0.68831510101037829
2016_1332_1401,0.61786065096388187
2016_1332_1403,0.78036249127341006
2016_1332_1409,0.80123557786827604
2016_1332_1421,0.93785089542575772
2016_1332_1423,0.85376712425679502
2016_1332_1425,0.80864724396240073
2016_1332_1428,0.61263354549107052
2016_1332_1433,0.77880790699172942
2016_1332_1435,0.74097253677038399
2016_1332_1437,0.4579320260764832
2016_1332_1438,0.47513151857092428
2016_1332_1451,0.89952277652422641
2016_1332_1452,0.56474045414450913
2016_1332_1453,0.84822511706083392
2016_1332_1455,0.67009341654819432
2016_1332_1458,0.64998096702329122
2016_1332_1462,0.63552513895566087
2016_1332_1463,0.86673149721466758
2016_1333_1338,0.36057001971749492
2016_1333_1344,0.28605352598811262
2016_1333_1345,0.23915440606597693
2016_1333_1355,0.62301078695897583
2016_1333_1371,0.26189527287860226
2016_1333_1372,0.54417608842937248
2016_1333_1380,0.90139117634309329
2016_1333_1386,0.45111516403486585
2016_1333_1392,0.65399682658155567
2016_1333_1393,0.4352180494023481
2016_1333_1396,0.46937645984831067
2016_1333_1400,0.2930606103286858
2016_1333_1401,0.24761193055944419
2016_1333_1403,0.46164260232700238
2016_1333_1409,0.49714730971462906
2016_1333_1421,0.85328588743958456
2016_1333_1423,0.65308847482662324
2016_1333_1425,0.52015029621864084
2016_1333_1428,0.23623578446042004
2016_1333_1433,0.42445679332147035
2016_1333_1435,0.43151439955245974
2016_1333_1437,0.16995873878738488
2016_1333_1438,0.19599434486490919
2016_1333_1451,0.79953829351125394
2016_1333_1452,0.2147246995968739
2016_1333_1453,0.64990037859025618
2016_1333_1455,0.34812721875845765
2016_1333_1458,0.2923267802264895
2016_1333_1462,0.24035609235462407
2016_1333_1463,0.67163092878949726
2016_1338_1344,0.40286297525236747
2016_1338_1345,0.35065030885081527
2016_1338_1355,0.75777304915435229
2016_1338_1371,0.38543474261705191
2016_1338_1372,0.65138615988238024
2016_1338_1380,0.92665103004876792
2016_1338_1386,0.56294665048285897
2016_1338_1392,0.76850791527381812
2016_1338_1393,0.53340854871698662
2016_1338_1396,0.56658811733387937
2016_1338_1400,0.40224995317787593
2016_1338_1401,0.37926050241760367
2016_1338_1403,0.57427172869945531
2016_1338_1409,0.6137732965582543
2016_1338_1421,0.89958423519332986
2016_1338_1423,0.7659844747393203
2016_1338_1425,0.6503840124566842
2016_1338_1428,0.33836823612093325
2016_1338_1433,0.52512171236274419
2016_1338_1435,0.55995035506333135
2016_1338_1437,0.22107438665727097
2016_1338_1438,0.28524558366694552
2016_1338_1451,0.86602854337037538
2016_1338_1452,0.35569867034874103
2016_1338_1453,0.7659844747393203
2016_1338_1455,0.45308590972938512
2016_1338_1458,0.40316013016246155
2016_1338_1462,0.3598311759650733
2016_1338_1463,0.77230999047390858
2016_1344_1345,0.3740381166760498
2016_1344_1355,0.80303137455775231
2016_1344_1371,0.41058690364612571
2016_1344_1372,0.7041344034268936
2016_1344_1380,0.94209000058846948
2016_1344_1386,0.61653249621811701
2016_1344_1392,0.80785724643284129
2016_1344_1393,0.60191929220182816
2016_1344_1396,0.61667176598263518
2016_1344_1400,0.46601388757643936
2016_1344_1401,0.40303341336601217
2016_1344_1403,0.63259628709955296
2016_1344_1409,0.667568130289241
2016_1344_1421,0.9187192795592688
2016_1344_1423,0.81675214627928783
2016_1344_1425,0.6908807387647744
2016_1344_1428,0.35777791477265852
2016_1344_1433,0.59560640801507891
2016_1344_1435,0.58751239293731627
2016_1344_1437,0.24905361530423442
2016_1344_1438,0.27904661380919549
2016_1344_1451,0.88272438692731148
2016_1344_1452,0.35504086389038414
2016_1344_1453,0.81464122913536507
2016_1344_1455,0.49937928291730893
2016_1344_1458,0.43339245398250403
2016_1344_1462,0.39181762626165018
2016_1344_1463,0.82883938417743652
2016_1345_1355,0.80784388459500178
2016_1345_1371,0.52191814304088258
2016_1345_1372,0.75453042144190363
2016_1345_1380,0.93717736167774213
2016_1345_1386,0.68354965297585824
2016_1345_1392,0.8098319262044168
2016_1345_1393,0.66707032335098959
2016_1345_1396,0.67985520736441507
2016_1345_1400,0.55185723078038462
2016_1345_1401,0.50111999737860158
2016_1345_1403,0.68791356062303433
2016_1345_1409,0.72695089367018562
2016_1345_1421,0.9179286332058052
2016_1345_1423,0.81991411755598598
2016_1345_1425,0.72754001743196972
2016_1345_1428,0.46069941142796433
2016_1345_1433,0.67514523413535588
2016_1345_1435,0.65697855125899807
2016_1345_1437,0.32388798807713959
2016_1345_1438,0.36076417863655419
2016_1345_1451,0.8775328947293688
2016_1345_1452,0.47110612050034029
2016_1345_1453,0.81991411755598598
2016_1345_1455,0.57369733357058861
2016_1345_1458,0.51539133197923459
2016_1345_1462,0.49907853374168498
2016_1345_1463,0.82876782141376104
2016_1355_1371,0.18025005044922571
2016_1355_1372,0.38673058962970885
2016_1355_1380,0.84508213789080766
2016_1355_1386,0.32730084691026673
2016_1355_1392,0.53158410082283925
2016_1355_1393,0.28693410049940837
2016_1355_1396,0.33565639708247852
2016_1355_1400,0.20952561296598349
2016_1355_1401,0.18822183605345832
2016_1355_1403,0.3304657614577855
2016_1355_1409,0.36680665539444501
2016_1355_1421,0.80286829617717359
2016_1355_1423,0.49591178688951976
2016_1355_1425,0.41448911362156737
2016_1355_1428,0.17366972053250473
2016_1355_1433,0.27706516400482317
2016_1355_1435,0.32752960917564855
2016_1355_1437,0.10400998355841218
2016_1355_1438,0.15081611409777795
2016_1355_1451,0.69706863242723549
2016_1355_1452,0.16166517795804647
2016_1355_1453,0.49240190765551828
2016_1355_1455,0.24815000232609108
2016_1355_1458,0.20855164803220805
2016_1355_1462,0.16379024722237723
2016_1355_1463,0.53721708272598234
2016_1371_1372,0.74055119231205979
2016_1371_1380,0.93682639808217361
2016_1371_1386,0.69523566346894794
2016_1371_1392,0.80931431391304953
2016_1371_1393,0.6520366318895332
2016_1371_1396,0.66558614259971005
2016_1371_1400,0.55576065685317944
2016_1371_1401,0.50189618716427031
2016_1371_1403,0.7004532012879835
2016_1371_1409,0.7306906399192179
2016_1371_1421,0.91510916229593309
2016_1371_1423,0.80651982281317802
2016_1371_1425,0.73976833661306796
2016_1371_1428,0.45434236696013208
2016_1371_1433,0.66914403829240832
2016_1371_1435,0.66852674662988987
2016_1371_1437,0.32718513312595743
2016_1371_1438,0.3452092026942527
2016_1371_1451,0.86778095465511296
2016_1371_1452,0.44133901375103035
2016_1371_1453,0.79960749590134239
2016_1371_1455,0.54024470043971384
2016_1371_1458,0.49923382504573521
2016_1371_1462,0.47790165311690058
2016_1371_1463,0.8184386248820934
2016_1372_1380,0.90179354397709488
2016_1372_1386,0.47200724303931696
2016_1372_1392,0.66755315895093248
2016_1372_1393,0.44640089438805908
2016_1372_1396,0.48292041886509363
2016_1372_1400,0.31005499072839171
2016_1372_1401,0.24862773794282866
2016_1372_1403,0.48638855804219749
2016_1372_1409,0.51539699373275882
2016_1372_1421,0.86323219899740744
2016_1372_1423,0.66557537366650232
2016_1372_1425,0.54306882145439217
2016_1372_1428,0.24561468258091657
2016_1372_1433,0.43557638127709741
2016_1372_1435,0.44300184529616005
2016_1372_1437,0.19308870215798724
2016_1372_1438,0.20102609148630124
2016_1372_1451,0.81257555475278054
2016_1372_1452,0.21431579363886422
2016_1372_1453,0.66186608104015843
2016_1372_1455,0.34276037636307077
2016_1372_1458,0.30766517856898834
2016_1372_1462,0.24790944782282498
2016_1372_1463,0.69581141142492697
2016_1380_1386,0.092175395951057948
2016_1380_1392,0.17857700311307667
2016_1380_1393,0.087350780872283096
2016_1380_1396,0.10583746285667983
2016_1380_1400,0.082372689617886019
2016_1380_1401,0.061201983206418231
2016_1380_1403,0.1062830689972285
2016_1380_1409,0.11467645939648796
2016_1380_1421,0.42697789358476979
2016_1380_1423,0.15144891848845266
2016_1380_1425,0.12317225691158329
2016_1380_1428,0.064946203231937893
2016_1380_1433,0.086549058584538097
2016_1380_1435,0.088742475872865212
2016_1380_1437,0.045366412245971821
2016_1380_1438,0.058805706052077911
2016_1380_1451,0.28157414081260368
2016_1380_1452,0.051784724601192766
2016_1380_1453,0.14617354594887677
2016_1380_1455,0.094104010400110627
2016_1380_1458,0.077351045841237642
2016_1380_1462,0.057289319575845932
2016_1380_1463,0.17107300024318706
2016_1386_1392,0.68238289302985589
2016_1386_1393,0.43802275985519135
2016_1386_1396,0.46760244212869539
2016_1386_1400,0.31232070744445983
2016_1386_1401,0.27451139639904953
2016_1386_1403,0.47198916474404884
2016_1386_1409,0.51628146912063122
2016_1386_1421,0.87626172890540743
2016_1386_1423,0.69315571888149785
2016_1386_1425,0.54115568699008887
2016_1386_1428,0.24651441733775625
2016_1386_1433,0.43752131191696897
2016_1386_1435,0.43262109624316891
2016_1386_1437,0.18632859912318678
2016_1386_1438,0.1999003092437186
2016_1386_1451,0.82471303222223014
2016_1386_1452,0.25242904790600706
2016_1386_1453,0.69315571888149785
2016_1386_1455,0.35454438337924177
2016_1386_1458,0.31216197433035964
2016_1386_1462,0.27286691906754146
2016_1386_1463,0.70294808294019551
2016_1392_1393,0.23680226391499948
2016_1392_1396,0.26209122297537346
2016_1392_1400,0.17843314609072536
2016_1392_1401,0.15037293935899276
2016_1392_1403,0.25243211466007487
2016_1392_1409,0.27784543323186695
2016_1392_1421,0.7703390804092568
2016_1392_1423,0.46180609449119769
2016_1392_1425,0.3253813516845383
2016_1392_1428,0.14487958136865997
2016_1392_1433,0.21546010792260839
2016_1392_1435,0.22988411266148445
2016_1392_1437,0.089380345908606218
2016_1392_1438,0.12090145910761807
2016_1392_1451,0.67241103963658722
2016_1392_1452,0.13653821982670089
2016_1392_1453,0.46180609449119769
2016_1392_1455,0.22833326508704133
2016_1392_1458,0.18578315087097119
2016_1392_1462,0.13994491360372252
2016_1392_1463,0.48711276260413039
2016_1393_1396,0.56192412477990017
2016_1393_1400,0.40906121846773003
2016_1393_1401,0.34778772579354611
2016_1393_1403,0.58682363125556058
2016_1393_1409,0.61426714722381326
2016_1393_1421,0.89423893688797162
2016_1393_1423,0.74124649289311373
2016_1393_1425,0.65168701925141392
2016_1393_1428,0.33877539855966221
2016_1393_1433,0.52710424866760053
2016_1393_1435,0.53549979935661929
2016_1393_1437,0.24330405704360036
2016_1393_1438,0.27374746347205936
2016_1393_1451,0.8516209619006132
2016_1393_1452,0.31937898518418062
2016_1393_1453,0.73277484815199145
2016_1393_1455,0.43372570409147726
2016_1393_1458,0.4012560014504345
2016_1393_1462,0.34953161720063486
2016_1393_1463,0.75501946264868303
2016_1396_1400,0.35571652761302841
2016_1396_1401,0.31462689040902692
2016_1396_1403,0.51927896257786221
2016_1396_1409,0.56400526213109381
2016_1396_1421,0.8620640098972554
2016_1396_1423,0.67904429775860387
2016_1396_1425,0.58643657264015414
2016_1396_1428,0.29389986290482728
2016_1396_1433,0.45572021769484827
2016_1396_1435,0.48068393318252622
2016_1396_1437,0.22639423759160282
2016_1396_1438,0.24074993559209545
2016_1396_1451,0.80713324288830102
2016_1396_1452,0.28550768120012315
2016_1396_1453,0.67904429775860387
2016_1396_1455,0.38087782476151255
2016_1396_1458,0.34208378301177522
2016_1396_1462,0.30450545017946318
2016_1396_1463,0.69782062865959504
2016_1400_1401,0.4157668823349403
2016_1400_1403,0.61360687117280432
2016_1400_1409,0.65039680406547939
2016_1400_1421,0.90364839700662924
2016_1400_1423,0.78636695798181133
2016_1400_1425,0.6790755026220523
2016_1400_1428,0.36607970329963768
2016_1400_1433,0.58856990783770269
2016_1400_1435,0.58312079015568485
2016_1400_1437,0.27587445174156799
2016_1400_1438,0.27479711130437523
2016_1400_1451,0.85995033529346998
2016_1400_1452,0.36215050258162873
2016_1400_1453,0.78399858766527331
2016_1400_1455,0.47129224299008277
2016_1400_1458,0.40714115975575238
2016_1400_1462,0.38728210236578786
2016_1400_1463,0.79646053564406682
2016_1401_1403,0.6927924688217213
2016_1401_1409,0.72260697574816679
2016_1401_1421,0.92723313320722189
2016_1401_1423,0.83077309649499276
2016_1401_1425,0.74130920046104265
2016_1401_1428,0.43364972756110343
2016_1401_1433,0.63864983722760882
2016_1401_1435,0.67717617202626834
2016_1401_1437,0.27468930848328721
2016_1401_1438,0.35436124540989855
2016_1401_1451,0.89457592212727421
2016_1401_1452,0.43856257944408017
2016_1401_1453,0.82842376296878517
2016_1401_1455,0.54483786588885708
2016_1401_1458,0.48354159804400487
2016_1401_1462,0.45360647683445188
2016_1401_1463,0.84101338052331698
2016_1403_1409,0.49791687777442206
2016_1403_1421,0.86619735488584237
2016_1403_1423,0.67558223837679166
2016_1403_1425,0.51950008533383385
2016_1403_1428,0.23936479514736697
2016_1403_1433,0.42125034409494155
2016_1403_1435,0.42919968716939816
2016_1403_1437,0.18319151899562114
2016_1403_1438,0.20256776049762082
2016_1403_1451,0.81616070248833483
2016_1403_1452,0.2383742777844462
2016_1403_1453,0.6724971969071355
2016_1403_1455,0.34577819202924076
2016_1403_1458,0.28761222200911585
2016_1403_1462,0.25265950631761935
2016_1403_1463,0.68568111528790343
2016_1409_1421,0.86437851626415718
2016_1409_1423,0.65719545654563494
2016_1409_1425,0.51613252141860544
2016_1409_1428,0.23464964559929413
2016_1409_1433,0.40146763322260359
2016_1409_1435,0.42589863974936026
2016_1409_1437,0.16806248043795391
2016_1409_1438,0.20039781868953355
2016_1409_1451,0.81630015719252669
2016_1409_1452,0.22585700439160639
2016_1409_1453,0.65402510884258014
2016_1409_1455,0.31900835011697892
2016_1409_1458,0.28866665433744276
2016_1409_1462,0.24424214314839177
2016_1409_1463,0.6894893239644031
2016_1421_1423,0.17986637720135812
2016_1421_1425,0.15195938523705399
2016_1421_1428,0.076416803597972316
2016_1421_1433,0.11066131527229384
2016_1421_1435,0.10999382733248719
2016_1421_1437,0.056296298955618274
2016_1421_1438,0.072814390132429296
2016_1421_1451,0.36001348528733745
2016_1421_1452,0.068316676880950222
2016_1421_1453,0.17986637720135812
2016_1421_1455,0.13397954454159655
2016_1421_1458,0.10332860622903584
2016_1421_1462,0.074155540979916612
2016_1421_1463,0.20329182187291039
2016_1423_1425,0.31774369075163089
2016_1423_1428,0.14091625288369969
2016_1423_1433,0.22625690003904442
2016_1423_1435,0.21494529144975705
2016_1423_1437,0.11276272212895166
2016_1423_1438,0.11523840555850107
2016_1423_1451,0.67324726093278731
2016_1423_1452,0.12295097242180375
2016_1423_1453,0.43703862806603833
2016_1423_1455,0.22472620423185286
2016_1423_1458,0.19079886833571724
2016_1423_1462,0.13753310923786921
2016_1423_1463,0.47871869193363314
2016_1425_1428,0.2192704257440512
2016_1425_1433,0.41017133798374739
2016_1425_1435,0.38616092598649077
2016_1425_1437,0.16310274912177369
2016_1425_1438,0.16020082180376538
2016_1425_1451,0.80183323383096894
2016_1425_1452,0.20352292092996516
2016_1425_1453,0.61366345345991702
2016_1425_1455,0.30264074031878196
2016_1425_1458,0.25780517280025239
2016_1425_1462,0.22821077084752184
2016_1425_1463,0.66310240243163188
2016_1428_1433,0.6787499141979132
2016_1428_1435,0.67146811163849707
2016_1428_1437,0.31684586329920539
2016_1428_1438,0.38259240224175539
2016_1428_1451,0.86056921047679047
2016_1428_1452,0.49614276658784373
2016_1428_1453,0.80077093558707901
2016_1428_1455,0.57008816912998439
2016_1428_1458,0.51170868104834644
2016_1428_1462,0.51625085936412995
2016_1428_1463,0.80639382452566677
2016_1433_1435,0.54068767207627566
2016_1433_1437,0.27486477894271755
2016_1433_1438,0.26758030237348407
2016_1433_1451,0.86228167263951472
2016_1433_1452,0.3191873134319535
2016_1433_1453,0.7598031089197379
2016_1433_1455,0.43091796458839371
2016_1433_1458,0.41106607019802366
2016_1433_1462,0.35677602090665039
2016_1433_1463,0.78047185024560606
2016_1435_1437,0.17907665809853979
2016_1435_1438,0.22815428888736522
2016_1435_1451,0.85955028803755884
2016_1435_1452,0.29482301519046905
2016_1435_1453,0.72597992172183179
2016_1435_1455,0.37796394009553425
2016_1435_1458,0.33130152972210702
2016_1435_1462,0.29707744083978394
2016_1435_1463,0.74864666740305197
2016_1437_1438,0.50591655624277665
2016_1437_1451,0.88327296341540729
2016_1437_1452,0.57476804791862812
2016_1437_1453,0.85638706627647898
2016_1437_1455,0.71202045254593482
2016_1437_1458,0.67669385006958982
2016_1437_1462,0.65712088605386954
2016_1437_1463,0.86402207419995802
2016_1438_1451,0.88700276904768605
2016_1438_1452,0.60808043592864325
2016_1438_1453,0.86316926834913366
2016_1438_1455,0.71284740923782242
2016_1438_1458,0.68203484349993659
2016_1438_1462,0.6696838483851193
2016_1438_1463,0.86699972457876839
2016_1451_1452,0.094809207085519764
2016_1451_1453,0.27234909134166219
2016_1451_1455,0.1724828625147945
2016_1451_1458,0.13896024123940265
2016_1451_1462,0.097259654534421536
2016_1451_1463,0.30647787399088433
2016_1452_1453,0.85899757075080951
2016_1452_1455,0.63274897920632289
2016_1452_1458,0.6234542489551258
2016_1452_1462,0.59907524042538518
2016_1452_1463,0.87242575561741764
2016_1453_1455,0.22378573718429673
2016_1453_1458,0.20588760387330796
2016_1453_1462,0.14994124464231573
2016_1453_1463,0.52109130953778438
2016_1455_1458,0.37822763281904259
2016_1455_1462,0.35833310104357396
2016_1455_1463,0.69790896360139543
2016_1458_1462,0.5058261892819329
2016_1458_1463,0.80259983856815242
2016_1462_1463,0.86550277656647467
