Season,Team,AvgPointSpread,Wins,Losses,FieldGoalAvg,ThreePointAvg,FreeThrowAvg,ReboundAvg,AssistAvg,TurnOverAvg,StealAvg,BlockAvg,PersonalFoulAvg
2003,1328,11,24,6,0.446934,0.393673,0.707885,37.1,14.16667,11.8,6.933333,3.766667,18.6
2003,1448,10.7931,24,5,0.456627,0.344358,0.752591,41.68966,14.58621,15.10345,6.413793,4.37931,18.48276
2003,1393,10.2069,24,5,0.470067,0.330435,0.693431,41.2069,14.96552,13.62069,8.310345,7.275862,16.58621
2003,1257,13.36667,24,6,0.459726,0.360399,0.695883,38.3,16.6,13.36667,7.2,4.733333,22.66667
2003,1280,10,21,9,0.471924,0.343621,0.676749,37.26667,14.5,15.63333,8.733333,3.733333,15.9
2003,1329,6.517241,20,9,0.444928,0.375,0.651235,36.44828,12.24138,14.65517,8.793103,5.586207,20.13793
2003,1386,11.34483,23,6,0.445501,0.367508,0.682805,35.31034,14,12.93103,7.206897,5.551724,18.75862
2003,1143,4.724138,21,8,0.465649,0.376518,0.685512,35.62069,16,14.17241,6.551724,2.793103,17.10345
2003,1301,4.4,18,12,0.45625,0.354074,0.770358,31.76667,14.66667,14.2,7.766667,3.066667,18.66667
2003,1120,4.533333,19,11,0.469835,0.344898,0.662162,34.5,13.4,15.9,8.033333,4.966667,16.36667
2003,1335,10.77778,22,5,0.465852,0.411864,0.70217,33.51852,14.85185,13,7.185185,2.148148,17.77778
2003,1139,7.655172,24,5,0.475153,0.388013,0.722917,28.2069,12.96552,10.41379,6.344828,1.862069,16.06897
2003,1122,2,20,7,0.452347,0.349138,0.691358,34.85185,13.40741,15.22222,7.037037,4.666667,18.66667
2003,1264,8.413793,23,6,0.450569,0.348584,0.786436,34.62069,13.86207,14.2069,9.172414,3.896552,21.93103
2003,1190,2.222222,17,10,0.457177,0.343902,0.738806,38.03704,14.03704,18.74074,10.7037,5.259259,19.51852
2003,1354,1.533333,20,10,0.456162,0.334052,0.698966,37.23333,10.26667,19.46667,8,2.9,20.73333
2003,1400,10.17857,22,6,0.448513,0.348936,0.714715,42.32143,14.5,13.42857,6.392857,3.857143,20.35714
2003,1196,11.22581,24,7,0.476598,0.392128,0.705281,35.06452,16.41935,13.3871,7.774194,4.096774,16.90323
2003,1462,12.26667,25,5,0.452703,0.362101,0.746922,39.43333,16.4,13.03333,5.466667,3.033333,15.76667
2003,1390,5.290323,23,8,0.441912,0.357737,0.675466,38.87097,14.64516,14.32258,5.516129,3.354839,18.51613
2003,1163,8.633333,21,9,0.474812,0.386412,0.674208,42.66667,15.63333,15.8,5.933333,7.733333,18.4
2003,1268,13.92857,19,9,0.464487,0.397895,0.703642,40.5,18.89286,14.10714,10.89286,6.607143,19
2003,1277,6.258065,19,12,0.450758,0.366265,0.734694,34.93548,13.6129,14.54839,6.387097,3.709677,20.03226
2003,1261,10.32258,21,10,0.486819,0.383486,0.647727,35.12903,16.3871,13.87097,8,4.16129,16.35484
2003,1345,6.5,18,10,0.436638,0.329493,0.7507,33.85714,12.25,13.82143,7.178571,2.928571,19.82143
2003,1160,5.451613,20,11,0.443451,0.325581,0.675202,42.45161,13.3871,14,6.129032,6.645161,17.70968
2003,1423,11.76667,24,6,0.461584,0.367754,0.688645,33.1,14.66667,11.46667,9.2,1.9,18.43333
2003,1140,8.774194,23,8,0.468848,0.384,0.753004,35.29032,13.41935,13.74194,6.935484,2.516129,21.41935
2003,1360,3.107143,17,11,0.470981,0.384158,0.658073,37.89286,16.39286,18.17857,5.392857,3.428571,20.14286
2003,1407,8.8,25,5,0.432143,0.334118,0.687713,39.76667,15.06667,13.73333,9.533333,5.2,16.6
2003,1358,6.518519,21,6,0.455239,0.358607,0.710236,36.74074,15.59259,15.7037,7.814815,5.592593,19.59259
2003,1411,1.966667,18,12,0.447527,0.320721,0.619952,37.96667,14.2,15.23333,6.433333,2.233333,18.3
2003,1421,-7.24138,13,16,0.429265,0.360153,0.762768,35.44828,13.03448,16.2069,7.068966,3,19.10345
2003,1246,13.4375,29,3,0.487426,0.355932,0.706767,37.03125,16.1875,14.0625,7.8125,5.09375,17.375
2003,1338,15.76667,26,4,0.502181,0.358349,0.635965,36.66667,17.76667,15.1,8.066667,4.1,17.96667
2003,1266,10.71429,23,5,0.48381,0.379391,0.770045,37.17857,16.32143,13.57143,6,3.642857,18.64286
2003,1173,6.482759,24,5,0.451654,0.360331,0.715582,36.65517,15.2069,13.31034,5.37931,2.931034,17.58621
2003,1458,12.03448,22,7,0.464491,0.359127,0.741135,32.86207,13.31034,10.51724,6.965517,2.827586,14.82759
2003,1281,5.290323,21,10,0.441962,0.356923,0.65897,39.3871,13.74194,13.6129,5.709677,4.322581,16.87097
2003,1231,3.53125,20,12,0.426621,0.348266,0.712707,36.84375,13.8125,11.5,4.4375,5.34375,18.0625
2003,1332,8.25,23,9,0.46119,0.391304,0.776097,35.875,17.46875,15.21875,8.03125,2.78125,20.9375
2003,1428,6.733333,23,7,0.456636,0.381883,0.703901,33.33333,13.2,12.7,4.666667,3.766667,20.1
2003,1104,4.285714,17,11,0.420362,0.320144,0.709898,37.5,12.10714,13.28571,6.607143,3.785714,18.03571
2003,1356,6.433333,24,6,0.472926,0.385263,0.706186,33.3,13.56667,12.5,7.966667,3.2,19.33333
2003,1451,7.034483,25,4,0.465753,0.335227,0.734228,33.10345,14.27586,12.44828,6.758621,0.655172,18.86207
2003,1409,8.258065,22,9,0.46267,0.362676,0.727121,36.96774,14.77419,14.32258,7.580645,5,17.32258
2003,1221,11.13793,25,4,0.459124,0.359813,0.705607,36.37931,15.41379,13.93103,7.965517,4.482759,18.37931
2003,1447,4.096774,21,10,0.472036,0.383803,0.729097,34.35484,16.09677,14.96774,7.516129,2.806452,17.58065
2003,1237,0.84375,19,13,0.453071,0.34958,0.701657,32.59375,13.375,15.90625,8.1875,1.8125,19.34375
2003,1112,14.96429,25,3,0.461413,0.350534,0.701429,42.82143,17.64286,14.78571,8.464286,4.214286,17.75
2003,1242,14.96667,23,7,0.485286,0.339623,0.665746,41.2,16.73333,14.9,10.13333,4.9,16.7
2003,1181,11.56667,24,6,0.453591,0.355987,0.709026,36.86667,13.83333,14.03333,8.5,5.133333,21.26667
2003,1228,14.03333,24,6,0.485663,0.368595,0.722513,35.13333,18.26667,13.16667,7,3.1,19.13333
2003,1323,8.903226,22,9,0.448698,0.380741,0.759887,38.25806,16.90323,12.77419,7.451613,5.645161,16.22581
2003,1166,14.90909,29,4,0.499473,0.389053,0.69289,34.06061,16.81818,13.36364,8.393939,4.454545,17.27273
2003,1272,8.689655,23,6,0.437931,0.348797,0.653614,40.03448,16.62069,13.7931,7.37931,5.068966,18.75862
2003,1153,5.821429,17,11,0.403907,0.342491,0.689884,35.53571,12.28571,10.60714,5.178571,4.25,18.96429
2003,1211,8.870968,23,8,0.470041,0.375635,0.721204,37.25806,15.74194,14.54839,6.806452,3.516129,18.64516
2003,1113,6.793103,18,11,0.478182,0.317808,0.669737,37,15.55172,14,5.206897,4.241379,19.41379
2003,1141,6.103448,23,6,0.505236,0.380769,0.765753,33.86207,15.62069,18.24138,7.103448,4,20.96552
2003,1454,7.166667,23,7,0.473106,0.356269,0.690513,34.53333,17.1,14.86667,8.8,3.6,20.13333
2003,1443,6.677419,23,8,0.459896,0.366564,0.66208,35.41935,14.19355,15.16129,7.064516,3.548387,18.45161
2003,1161,1.333333,17,13,0.506718,0.363112,0.700549,34.26667,15.5,16.13333,5.333333,4.233333,20.56667
2003,1429,5.866667,22,8,0.456354,0.332418,0.718287,35,13.9,12.23333,5.066667,2,16.1
2003,1436,4.655172,19,10,0.444444,0.340757,0.657848,38.68966,14.2069,14.06897,6.862069,2.965517,15.89655
2004,1181,14.78125,27,5,0.471406,0.368,0.731324,36.25,14.25,14.1875,9.34375,6.8125,18.71875
2004,1280,10.82143,25,3,0.467643,0.354207,0.662704,40.85714,13.67857,15.46429,9.178571,4.5,16.25
2004,1400,10.73333,23,7,0.44066,0.360424,0.675595,41.4,13.83333,11.86667,6.966667,3.9,19.43333
2004,1153,14,24,6,0.457417,0.384752,0.667618,37.26667,16.03333,12.1,7.9,5.066667,19.43333
2004,1228,9.733333,24,6,0.464535,0.341584,0.69606,34.96667,16.76667,12.56667,6.833333,3.8,19.1
2004,1314,7.607143,18,10,0.462396,0.354086,0.679775,40,18.35714,15.64286,9.607143,4.214286,18.5
2004,1462,8.060606,23,10,0.441176,0.369661,0.67916,35.48485,13.48485,12.54545,7.030303,2.242424,16.63636
2004,1371,7.821429,19,9,0.459171,0.353814,0.716878,37.10714,13.25,13.14286,6.785714,3.142857,18.10714
2004,1112,9.103448,20,9,0.484881,0.384201,0.786054,39.58621,18.89655,14.96552,6.965517,4.551724,16.06897
2004,1257,12.37931,20,9,0.420307,0.339207,0.748408,37.93103,15.24138,13.89655,8.344828,5.206897,20.44828
2004,1102,9.75,22,6,0.482583,0.381029,0.709091,21.5,13.25,10.78571,7.785714,2.357143,16.64286
2004,1293,11.4,25,5,0.496359,0.333333,0.713396,37.53333,18.83333,13.8,7.666667,4.266667,18.06667
2004,1190,7.689655,24,5,0.463883,0.354508,0.67737,37.72414,15.37931,16.17241,10.93103,5.586207,16.86207
2004,1343,5.692308,19,7,0.478978,0.343545,0.711628,30.76923,13.11538,13.5,6.653846,3.269231,18.11538
2004,1284,1.875,21,11,0.419189,0.350309,0.746313,33.375,13.8125,13.40625,7.65625,2.625,17.53125
2004,1106,0.833333,16,14,0.422025,0.334004,0.65727,34.46667,10.26667,17.2,7.066667,3.133333,18.7
2004,1390,13.23333,29,1,0.484185,0.366197,0.752,36.3,16.36667,13.96667,6.366667,4.433333,17.26667
2004,1163,15.15152,27,6,0.48089,0.40038,0.616192,44.78788,18.24242,13.78788,6.151515,8.727273,16.06061
2004,1301,8.137931,20,9,0.45196,0.343262,0.798246,33.72414,14.86207,13.75862,6.965517,2.344828,18.51724
2004,1268,5.6,19,11,0.440838,0.334783,0.626459,41.5,14.03333,15.13333,8.733333,6.766667,19.5
2004,1393,6.107143,21,7,0.46324,0.311856,0.636364,38.64286,15.35714,12.78571,7.892857,6.857143,17.64286
2004,1435,9.1,21,9,0.448576,0.361111,0.712887,35.63333,16.63333,12.76667,7.566667,3.5,17.8
2004,1177,3.2,21,9,0.469762,0.362559,0.703883,35.83333,13.73333,13.43333,5.7,2.366667,17.4
2004,1104,4.758621,17,12,0.452665,0.383333,0.698738,35.31034,11.86207,13.27586,6.448276,3.103448,18.34483
2004,1356,8.37931,25,4,0.444639,0.328897,0.68785,35.41379,14.10345,12.06897,10.27586,3.103448,19.37931
2004,1173,3.875,24,8,0.45171,0.326923,0.670029,38,14.9375,14.28125,4.53125,2.84375,17.09375
2004,1444,13.26667,26,4,0.46314,0.379859,0.72028,38.03333,15.46667,13.3,8.766667,2.733333,19.36667
2004,1140,6.814815,19,8,0.486757,0.345238,0.729064,33.40741,14.66667,14,7.185185,3.259259,19.11111
2004,1431,8.241379,22,7,0.470588,0.378261,0.746459,34.34483,16.27586,13.55172,7,2.62069,17.06897
2004,1418,6.384615,18,8,0.463303,0.372174,0.686654,33.61538,16.11538,14.53846,8.692308,2.115385,18.65385
2004,1436,4.3,22,8,0.426103,0.328205,0.678899,36.53333,14.56667,12.56667,7,2.866667,15.26667
2004,1427,-0.21429,16,12,0.429836,0.360806,0.701937,37.5,12.60714,17.10714,6.892857,2.785714,19.82143
2004,1386,16.28571,27,1,0.478616,0.406855,0.702752,32.92857,16.53571,11.71429,9.142857,3.571429,17.03571
2004,1329,14.31034,26,3,0.512852,0.378378,0.695385,35.55172,16.06897,13.44828,7.862069,3.586207,19.41379
2004,1338,12.78125,28,4,0.481287,0.314554,0.652308,36.625,15.0625,12.4375,5.875,4.90625,14.5
2004,1448,8.178571,19,9,0.471631,0.382826,0.713147,37.53571,15.75,15.03571,9.25,3.25,20.82143
2004,1196,7.833333,20,10,0.482676,0.37963,0.752525,35.16667,16.26667,14.66667,6.533333,3.133333,18.86667
2004,1458,11.96667,24,6,0.448363,0.329545,0.716952,32.96667,13.4,9.933333,6.966667,2.8,15.4
2004,1272,7.642857,21,7,0.422046,0.359882,0.661538,38.60714,14.28571,12.92857,7.464286,5.107143,18.21429
2004,1403,6.96875,22,10,0.464171,0.33908,0.737705,34,14.75,12.46875,8.25,3.53125,16.71875
2004,1150,7.896552,21,8,0.450487,0.343465,0.644788,40.93103,16.2069,15.31034,8.724138,2.965517,18.89655
2004,1376,8.151515,23,10,0.435992,0.330383,0.673591,36.33333,14.84848,13.21212,8.939394,5.242424,18
2004,1350,5.53125,20,12,0.409431,0.306261,0.724409,35.46875,12.15625,13.0625,7.09375,4.375,18.6875
2004,1264,10.89655,24,5,0.441599,0.367841,0.759577,34.86207,10.7931,13,9.448276,4.172414,20.31034
2004,1433,7.233333,23,7,0.473939,0.386275,0.603993,37.73333,13,16.43333,6.733333,3.866667,17.56667
2004,1416,8.310345,24,5,0.457921,0.353519,0.722567,36.27586,16.68966,15.13793,8.827586,4.827586,18.17241
2004,1186,1.892857,16,12,0.476944,0.376087,0.703448,30.32143,15.71429,15.21429,6.357143,1.5,20.32143
2004,1251,1.741935,17,14,0.427217,0.304065,0.68325,37.3871,13.77419,15.80645,8.774194,3.322581,19.41935
2004,1246,10.33333,26,4,0.469208,0.354962,0.696246,35.83333,15.6,14.5,7.9,3.366667,18.43333
2004,1211,16.41379,27,2,0.514985,0.414474,0.756241,39.48276,18.2069,13.55172,6.275862,3.793103,15.93103
2004,1210,10.78125,23,9,0.470021,0.374194,0.692935,37.46875,15.78125,15.46875,8.84375,4.84375,21.21875
2004,1242,6.678571,20,8,0.463145,0.334719,0.706954,38.57143,17.25,14.42857,6.892857,4.928571,20.46429
2004,1344,7.178571,20,8,0.453298,0.368159,0.716636,33.57143,15.89286,14.92857,9.285714,5.035714,16.10714
2004,1130,5,23,9,0.453536,0.319149,0.678663,36.53125,15.90625,13.375,7.03125,3.03125,15.90625
2004,1277,4.103448,18,11,0.495219,0.40393,0.769366,30.48276,14.72414,14.62069,7.068966,1.862069,20.82759
2004,1449,3.2,19,11,0.462913,0.355191,0.713528,35.4,16.06667,15.2,7.333333,2.866667,21.23333
2004,1412,7.551724,20,9,0.44315,0.330404,0.653913,35.03448,17.58621,13.62069,11.75862,3.724138,20.93103
2004,1305,9.333333,22,8,0.455474,0.340326,0.714485,38.86667,14.23333,13,6.5,4.7,18.3
2004,1428,7.290323,23,8,0.473168,0.392781,0.713483,34.64516,12.80645,14.22581,4.451613,3.516129,17.48387
2004,1334,5.366667,23,7,0.468687,0.355422,0.737609,33.53333,14.3,14.1,5.833333,3.2,16.9
2004,1227,7.483871,24,7,0.455857,0.393401,0.634111,35.45161,14.77419,12.58065,7.677419,2.741935,17.64516
2004,1320,3.965517,20,9,0.439246,0.349829,0.735294,34.82759,13,12.65517,5.241379,1.965517,16.96552
2004,1434,0.827586,17,12,0.444032,0.312883,0.71108,38.41379,15.41379,16.17241,6.655172,3.275862,22.51724
2004,1197,-1.86667,14,16,0.413628,0.346995,0.713315,33.96667,12.7,16.93333,8.333333,1.6,21.9
2004,1250,2.178571,18,10,0.421575,0.346076,0.717117,35.60714,12.5,14.64286,7.178571,3.321429,18.85714
2005,1449,12.80645,26,5,0.484143,0.390203,0.732733,37.51613,19.35484,14.6129,8.354839,2.612903,20.67742
2005,1448,11.29032,26,5,0.492651,0.404844,0.685512,39.64516,15.87097,14.54839,8.612903,3.645161,19.29032
2005,1211,9.896552,25,4,0.506009,0.390374,0.746367,38.17241,15.82759,13.55172,5.586207,3.448276,17.41379
2005,1257,17.90323,27,4,0.464709,0.403509,0.728232,39.12903,15.93548,14.3871,9.064516,3.935484,18.58065
2005,1210,8.266667,19,11,0.453054,0.328996,0.686657,39.46667,14.96667,15.3,8.266667,5.3,20.13333
2005,1403,7.966667,20,10,0.473184,0.40176,0.763889,34.86667,16.83333,12.86667,7.766667,3.966667,17.03333
2005,1452,4.516129,21,10,0.442308,0.348428,0.738878,30.67742,16.19355,11.3871,8.16129,3.741935,14.64516
2005,1334,8.862069,26,3,0.5,0.379668,0.746193,35.7931,14.96552,13.93103,5.103448,3.241379,14.44828
2005,1338,9.392857,20,8,0.472812,0.38041,0.657056,38.32143,15.32143,14.60714,6.5,4.178571,17
2005,1166,6.545455,23,10,0.453107,0.414847,0.727975,31.39394,14.27273,11.9697,6.848485,3.272727,17.63636
2005,1417,2.571429,18,10,0.452949,0.34749,0.723748,37.17857,14.32143,16.10714,5.857143,2.571429,18.46429
2005,1203,10.31034,22,7,0.477151,0.361949,0.703102,36.68966,16.03448,14.96552,9.793103,4.275862,17.37931
2005,1418,4.137931,19,10,0.443135,0.333919,0.665568,35.41379,12.10345,15.48276,9.37931,2.896552,19.37931
2005,1457,7.724138,24,5,0.43909,0.360444,0.684211,34.65517,13.86207,14,7.896552,3.758621,18.93103
2005,1151,2.888889,17,10,0.443922,0.302128,0.672811,40.59259,13.51852,17.40741,7.037037,2,16.77778
2005,1285,0.25,16,12,0.457143,0.347548,0.678832,36,13.78571,17,5.892857,3.107143,17.10714
2005,1228,17.30303,32,1,0.48869,0.399166,0.724382,34.36364,18.57576,11.12121,7.636364,3.424242,15.51515
2005,1329,12.24138,23,6,0.496296,0.410822,0.77265,34.2069,16.62069,13.86207,6.965517,2.689655,18.55172
2005,1112,10.12121,27,6,0.470848,0.402135,0.778317,37,16.57576,14.84848,8.242424,3.575758,16.45455
2005,1130,8.107143,24,4,0.451674,0.329412,0.712991,37.78571,17.39286,12.92857,7.25,4.107143,14.89286
2005,1104,10.6,23,7,0.481646,0.390119,0.733524,36.7,13.83333,12.66667,5.2,4.433333,14.73333
2005,1261,4.448276,20,9,0.4631,0.368519,0.730015,36.37931,14.89655,13.24138,7,4.206897,15.96552
2005,1356,6.78125,25,7,0.448624,0.36699,0.7463,32.96875,13.40625,12.8125,8.875,2.875,19.1875
2005,1400,8.344828,19,10,0.458987,0.383838,0.696328,39.48276,13.37931,14.2069,6.068966,4.241379,17.55172
2005,1305,7.034483,23,6,0.461687,0.270833,0.706294,39.37931,15.06897,14.58621,6.689655,5.172414,15.72414
2005,1388,4.709677,23,8,0.438406,0.354201,0.719198,35.83871,11.32258,15.54839,6.032258,3.322581,18.29032
2005,1412,6.258065,21,10,0.454885,0.352332,0.698061,33,15.67742,13.3871,11.77419,3.064516,19.35484
2005,1454,9.814815,22,5,0.440127,0.346026,0.700173,36.62963,13.51852,13.66667,8.296296,3.518519,19.44444
2005,1335,7.642857,20,8,0.436713,0.341463,0.661905,37.5,14.39286,15.64286,7.928571,3.214286,19.67857
2005,1429,15.48387,24,7,0.530651,0.39207,0.692939,34.29032,17.22581,12.3871,5.580645,2.870968,13.70968
2005,1368,5,19,8,0.452239,0.295455,0.629696,31.07407,11.03704,14.18519,9.111111,3.814815,17.66667
2005,1192,3.258065,19,12,0.451561,0.351443,0.669903,36.09677,15.03226,13.90323,7.129032,4.419355,18.96774
2005,1181,13.96667,25,5,0.448451,0.384835,0.712182,38.43333,13.2,13.6,8.766667,6.866667,18.43333
2005,1246,11.83333,25,5,0.459007,0.337931,0.663551,35.6,15.26667,13.03333,9.4,4.433333,16.8
2005,1328,12.3871,24,7,0.482739,0.384191,0.684466,35.19355,15.87097,13.80645,8.83871,4.16129,18.25806
2005,1393,10.72727,27,6,0.485534,0.314168,0.663968,37.9697,15.66667,13.36364,8.090909,4.666667,15.93939
2005,1277,14.71429,22,6,0.495847,0.360225,0.775439,36.03571,17.85714,13.85714,7.714286,2.678571,19.28571
2005,1428,10.43333,25,5,0.508584,0.368272,0.731669,33.96667,14.43333,14.43333,5.933333,2.833333,14.46667
2005,1153,12,24,7,0.438781,0.347458,0.692951,41.45161,15,13.45161,5.483871,6.870968,17.67742
2005,1390,2.066667,18,12,0.437318,0.347826,0.739663,35.96667,12.26667,14.06667,6.733333,2.8,18.03333
2005,1280,6.4375,22,10,0.444807,0.332143,0.665772,40.96875,14.15625,15.125,6.9375,3.21875,15.4375
2005,1234,6.1875,21,11,0.463318,0.378928,0.688889,36.09375,15.5,14.53125,7.53125,5.40625,18.6875
2005,1431,9.15625,25,7,0.463687,0.370441,0.79219,34.15625,16.5,12.375,7.375,2.8125,16.8125
2005,1330,9.8125,27,5,0.440789,0.329331,0.688073,36.3125,16.09375,12.0625,9.625,4.46875,17.125
2005,1436,10.66667,24,6,0.441672,0.360169,0.719928,37.9,15.8,11.86667,6.733333,1.9,15.83333
2005,1310,7,20,9,0.438008,0.364138,0.757732,40.82759,15.89655,12.7931,6.862069,3.310345,19
2005,1184,2.888889,19,8,0.470159,0.355319,0.664557,34.48148,14.66667,14.22222,6.851852,3.777778,19.51852
2005,1175,0.5625,19,13,0.422701,0.342669,0.744713,27.53125,10.65625,14.0625,8.15625,2.84375,16.09375
2005,1314,18.51613,27,4,0.49632,0.40035,0.734954,40.32258,19.32258,16.67742,10.3871,3.83871,18.12903
2005,1163,11.86207,22,7,0.460272,0.351415,0.69726,46.13793,17.41379,15.2069,6.172414,9.137931,15.82759
2005,1242,10.2069,23,6,0.476801,0.373106,0.689711,37.75862,16.58621,14.48276,6.62069,3.862069,19.24138
2005,1196,14.13333,23,7,0.488146,0.393162,0.699405,37.33333,15.03333,13.63333,7.033333,4.466667,18.2
2005,1437,11.10345,22,7,0.443046,0.369176,0.741042,36.86207,12.37931,12.62069,8.241379,5.689655,18.41379
2005,1458,7.533333,22,8,0.437186,0.385435,0.667763,35.06667,13.06667,11.46667,5.466667,1.966667,15.33333
2005,1150,6.285714,21,7,0.433002,0.367816,0.684358,38.67857,14.21429,13.17857,8.714286,3.214286,16.96429
2005,1278,5.612903,21,10,0.456204,0.355603,0.70743,33.87097,14.35484,16.12903,9.129032,4.645161,15.90323
2005,1235,4.241379,18,11,0.440964,0.293151,0.691275,34.96552,14.24138,12.93103,9.482759,3.793103,16.68966
2005,1301,7.46875,19,13,0.458998,0.36921,0.695652,32.53125,15.3125,12.28125,7.0625,4.34375,18.84375
2005,1320,5.7,20,10,0.479709,0.384071,0.697761,33.33333,15.66667,11.66667,6.1,4.333333,17.63333
2005,1307,10.93548,25,6,0.498761,0.400312,0.677374,33.70968,15.03226,13.80645,7.516129,3.451613,16.87097
2005,1325,3.83871,21,10,0.463475,0.32216,0.699742,32.80645,11.80645,13,8.548387,2.612903,17.74194
2005,1137,5.129032,22,9,0.44527,0.376147,0.697819,31.77419,12.45161,15.77419,8,3,18.87097
2005,1416,3.172414,21,8,0.460339,0.366261,0.697802,35.10345,15.31034,15.17241,6.655172,4.103448,19
2005,1105,1.275862,16,13,0.400935,0.301533,0.613514,37.24138,13.13793,15.24138,10.62069,3.862069,19.34483
2005,1324,-3.13793,11,18,0.446835,0.334559,0.662295,32.51724,14.72414,12.03448,6.965517,2.482759,17.65517
2006,1181,13.54545,30,3,0.494334,0.395706,0.760817,32.90909,15.36364,13.39394,9.545455,5.424242,17.48485
2006,1400,16.0303,27,6,0.467437,0.379845,0.721481,40.24242,14.90909,13.69697,8.151515,5.121212,15.30303
2006,1234,7.636364,25,8,0.431073,0.335145,0.705882,37.84848,14.90909,14.75758,6.69697,4.909091,15.12121
2006,1261,9.533333,22,8,0.4754,0.337662,0.699225,40.23333,15.73333,15.56667,8.466667,6.266667,15.66667
2006,1393,3.852941,23,11,0.439469,0.342704,0.642541,38.32353,15.55882,15.29412,9.029412,6.441176,17.91176
2006,1452,5.62069,19,10,0.445247,0.342353,0.745308,27.55172,17.58621,8.344828,7.896552,2.689655,13
2006,1143,4.466667,20,10,0.449387,0.376147,0.733711,32.53333,13.1,12.36667,5.166667,2.733333,16.66667
2006,1203,12.28571,26,2,0.472024,0.354565,0.641457,38.17857,17.32143,14.14286,9.428571,4.678571,17.89286
2006,1423,8.6875,25,7,0.427468,0.332253,0.703259,36.1875,15.1875,12.46875,7.6875,1.6875,20.625
2006,1301,8.033333,21,9,0.466999,0.37889,0.756549,33.23333,16,13.66667,7.366667,4.866667,17.7
2006,1356,5.032258,22,9,0.410959,0.33652,0.687943,32.80645,12.29032,14.32258,8.580645,3.193548,19.64516
2006,1401,8.758621,21,8,0.449934,0.358491,0.67515,31.68966,16.75862,13.41379,8.655172,2.965517,21.58621
2006,1233,8.433333,23,7,0.483653,0.410638,0.694329,37.03333,15.83333,15.1,7.633333,4.166667,18.56667
2006,1322,6.172414,22,7,0.464221,0.363118,0.672489,35.65517,16.65517,15.7931,8.827586,3.275862,20.89655
2006,1335,8.925926,19,8,0.449158,0.318426,0.676301,32.25926,14.40741,13.59259,10.03704,2.703704,17.96296
2006,1380,1.258065,19,12,0.440922,0.318807,0.647986,38.80645,12.35484,17.58065,7.580645,3.806452,17.87097
2006,1272,15.0303,30,3,0.447776,0.352034,0.684783,42.06061,15.72727,15.81818,9.787879,6.757576,20.21212
2006,1417,9.454545,27,6,0.480597,0.356897,0.70347,32.9697,14.06061,14.54545,5.636364,2.757576,16.15152
2006,1211,7.633333,27,3,0.476995,0.366167,0.782609,37.6,14.03333,13.33333,7.266667,2.8,18.8
2006,1242,13.29032,24,7,0.471572,0.37747,0.665615,39.32258,17.93548,15.64516,9.677419,5.774194,18.03226
2006,1338,9.677419,24,7,0.451873,0.352087,0.688478,39.19355,16.51613,13.74194,6.354839,3.83871,17.06452
2006,1231,5.275862,18,11,0.459748,0.395604,0.698603,33.93103,14.96552,14.62069,6.310345,2.37931,18.2069
2006,1266,4.551724,19,10,0.450089,0.397746,0.732692,35.55172,15.27586,14.7931,7.517241,3.068966,19.48276
2006,1116,9.258065,22,9,0.459218,0.339731,0.693966,35.03226,15.54839,13.3871,8.451613,6.129032,16.93548
2006,1137,10.65517,25,4,0.471045,0.387168,0.691152,31.68966,14.58621,14.48276,8.724138,1.689655,17.55172
2006,1104,2.827586,17,12,0.453444,0.339703,0.706161,37,12.2069,13.51724,6.344828,5.034483,13.82759
2006,1361,7.133333,22,8,0.45735,0.394175,0.721664,34.96667,13.16667,14.83333,7.733333,3.033333,16.66667
2006,1245,6.9375,24,8,0.443941,0.354067,0.72067,33.4375,13.4375,13.25,7.71875,2.3125,20.09375
2006,1133,7.233333,20,10,0.444381,0.32874,0.718261,37.7,16.53333,15.2,9.2,4.833333,18.73333
2006,1462,8.516129,21,10,0.46328,0.371429,0.725,35.16129,15.74194,12.96774,6.290323,4.870968,17.64516
2006,1125,5.9,20,10,0.5,0.381872,0.695238,35.73333,16.96667,16.3,7.733333,3.566667,19.86667
2006,1331,6.516129,20,11,0.453213,0.385199,0.7114,37.3871,15.83871,14.41935,6.645161,4.129032,17.6129
2006,1437,11.62069,25,4,0.425806,0.38653,0.751196,36.24138,12.62069,11.27586,7.586207,5.034483,18.37931
2006,1326,11.2,25,5,0.469327,0.370588,0.719512,34.03333,15.7,12.13333,7,2.7,15.4
2006,1196,14.48485,27,6,0.508078,0.394184,0.734584,35.24242,17.0303,14.87879,8.030303,4.939394,16.12121
2006,1130,7.65625,25,7,0.489275,0.372816,0.671543,35.1875,17.8125,13.3125,5.9375,4.28125,16.5
2006,1305,9.032258,26,5,0.452287,0.359743,0.72043,38.32258,15.35484,12.96774,5.387097,4.741935,16.25806
2006,1328,5.571429,20,8,0.448525,0.358811,0.715084,36.60714,14.46429,14.03571,7.107143,3.428571,16.92857
2006,1207,7.133333,21,9,0.471785,0.360627,0.704365,32.6,15.53333,11.73333,6.033333,3.533333,14.93333
2006,1112,4.870968,19,12,0.442237,0.315789,0.700321,34.51613,14.77419,13.48387,9.870968,3.774194,16.48387
2006,1458,6.3,19,11,0.432106,0.341772,0.663142,36.56667,13.4,11.63333,5.366667,3.366667,17.2
2006,1320,6.8,21,9,0.454065,0.347751,0.719852,33.2,13.6,12.43333,5.233333,3.433333,14.23333
2006,1454,7.785714,20,8,0.43674,0.337615,0.691339,38.21429,12.5,13.78571,6.785714,2.928571,19.42857
2006,1285,6.814815,21,6,0.489251,0.382857,0.712785,35.14815,17.7037,14.14815,7.296296,2.925926,18.81481
2006,1334,10.13793,22,7,0.485192,0.384774,0.745917,35.17241,15.65517,12.55172,5.931034,2.103448,15.37931
2006,1375,8.206897,23,6,0.454159,0.365243,0.704348,33.93103,14.17241,13.24138,8.482759,1.310345,18.72414
2006,1172,5.407407,17,10,0.449564,0.361801,0.767932,38.51852,17.66667,13.2963,4.481481,1.555556,18.33333
2006,1214,3,16,15,0.41812,0.31685,0.620482,39.22581,12.35484,16.22581,7.645161,3.064516,20.87097
2006,1284,0.84375,18,14,0.443256,0.33777,0.665499,32.65625,14.65625,15.09375,7.65625,3.4375,16.9375
2006,1163,15.9,27,3,0.468062,0.358108,0.701961,44.96667,15.93333,14.2,6.633333,9.333333,15.4
2006,1397,7.642857,21,7,0.466513,0.393365,0.70068,33.35714,17.21429,12.96429,10.21429,3.035714,18
2006,1314,11.48276,22,7,0.482027,0.380952,0.703125,40,17.96552,16.62069,7.896552,3.931034,17.37931
2006,1228,11.87097,25,6,0.456322,0.363057,0.633752,36,15.09677,12.35484,6.225806,2.516129,17.3871
2006,1449,12.96667,24,6,0.474514,0.364815,0.748006,37.86667,16.53333,15.03333,7.933333,3.5,18.93333
2006,1277,5.4375,21,11,0.477441,0.370297,0.771689,35.84375,16.59375,14.09375,6.28125,2.96875,18.09375
2006,1455,6.774194,23,8,0.441317,0.370567,0.72621,36.87097,14.96774,12.90323,5.290323,1.83871,15.45161
2006,1246,4.848485,21,12,0.450712,0.35543,0.65642,35.87879,14.18182,13.39394,5.969697,3.090909,16.90909
2006,1412,8.517241,23,6,0.450504,0.345059,0.649068,30.86207,15.27586,12.86207,11.10345,3.551724,18.2069
2006,1371,1.37931,18,11,0.411909,0.336,0.739482,36.86207,12.51724,13.44828,6.758621,2.586207,18.7931
2006,1206,10.56667,23,7,0.483709,0.351779,0.667904,34.9,15.16667,13.2,7.3,3.533333,15.4
2006,1429,7.133333,22,8,0.49027,0.40255,0.726358,33.26667,16.83333,13,5.3,2.9,15.73333
2006,1102,8.928571,22,6,0.481191,0.397035,0.746377,24.57143,14.17857,10.92857,8,2.107143,15.39286
2006,1293,9.689655,23,6,0.451381,0.356551,0.650854,36.86207,16,12.44828,7.896552,4.827586,18.44828
2006,1457,11.67857,21,7,0.445298,0.367381,0.698835,36.03571,15.71429,13.92857,9.25,3.178571,17.14286
2006,1107,4.580645,21,10,0.447139,0.381533,0.709199,33.96774,12.6129,14.16129,6.387097,2.580645,19.09677
2007,1314,18.14706,28,6,0.504241,0.364991,0.707346,40.70588,18.64706,13.94118,8.382353,4.588235,17.29412
2007,1207,11.59375,26,6,0.50646,0.36612,0.717687,33.28125,14.34375,13.75,5.21875,5.03125,16.5
2007,1450,7.40625,25,7,0.46506,0.371717,0.710993,30.375,13.875,10.3125,6.65625,4.46875,16.25
2007,1400,10.27273,24,9,0.446071,0.397059,0.727723,40.18182,13.87879,12.27273,7.606061,5.757576,17.27273
2007,1425,6.382353,23,11,0.477448,0.403361,0.707214,34,12.82353,14.70588,5.5,3.941176,17.82353
2007,1435,4.266667,19,11,0.454389,0.373641,0.728395,33.23333,16.66667,12.46667,7.366667,2.6,17
2007,1130,4.774194,20,11,0.479394,0.349328,0.723684,34.64516,14.77419,14.12903,5.774194,5.774194,15.3871
2007,1266,7.4375,23,9,0.439913,0.334967,0.671642,36.75,14.1875,14.53125,8.65625,3.375,20.40625
2007,1277,8.393939,22,11,0.470952,0.372807,0.710485,35.15152,16,15.0303,5.121212,4.818182,18.33333
2007,1403,2.939394,21,12,0.452872,0.411885,0.737637,30.75758,13.36364,11.81818,6.878788,1.878788,17.45455
2007,1203,6.870968,23,8,0.463164,0.372506,0.704778,34,14.70968,13.67742,9.322581,4.419355,18.87097
2007,1116,5.676471,21,13,0.464112,0.352445,0.701408,35.52941,15.17647,15.32353,6.911765,6.411765,17.38235
2007,1308,5.5625,24,8,0.478778,0.395349,0.650913,38.03125,13.6875,17.03125,7.125,2.8125,20.8125
2007,1331,6.25,22,10,0.469909,0.372093,0.709554,35.09375,13.5,15.28125,6.25,4.4375,17.875
2007,1125,8.322581,22,9,0.468347,0.366667,0.691606,36.70968,15.70968,15.90323,6.096774,3.225806,18.58065
2007,1184,1.833333,19,11,0.466667,0.358187,0.679458,28.2,14.43333,13.63333,7.666667,2.5,13.9
2007,1326,13.48485,30,3,0.471708,0.363368,0.695518,35.69697,15.57576,11.75758,6.818182,5.939394,13.57576
2007,1272,17.24242,30,3,0.461424,0.351389,0.609871,39.90909,15.06061,13.57576,9.818182,5.909091,19.75758
2007,1401,17.12903,25,6,0.500598,0.421712,0.723781,35.74194,18,12.51613,6.774194,3.387097,19.51613
2007,1438,5.689655,19,10,0.43555,0.36646,0.737135,39,13,13.72414,4.655172,3.068966,20.10345
2007,1397,5.21875,22,10,0.443,0.352217,0.653795,35.5625,15.46875,14.59375,9.8125,3.21875,19.8125
2007,1257,8.387097,22,9,0.432811,0.33189,0.677067,37.03226,14.93548,12.87097,7.451613,4.16129,20.3871
2007,1305,10.41935,27,4,0.487915,0.413547,0.754717,38.16129,16.54839,13.03226,5.451613,4.129032,16.70968
2007,1140,7.71875,24,8,0.489719,0.406897,0.656968,37.3125,15.78125,13.53125,5.84375,3.5,19.40625
2007,1462,11.625,24,8,0.479304,0.389831,0.740648,33.8125,15.09375,12.875,5.75,3.53125,17.59375
2007,1166,6.71875,22,10,0.44626,0.343537,0.755014,32.78125,13.40625,12.84375,6.25,2.5625,16.6875
2007,1390,3.166667,18,12,0.448726,0.351129,0.690635,38.53333,15,14.6,4.733333,6.1,18.26667
2007,1253,6.633333,23,7,0.455961,0.372093,0.705344,36.63333,14.33333,13.73333,7.433333,2.7,17.2
2007,1107,3.78125,23,9,0.455399,0.376936,0.722028,33.96875,13.125,13.375,5.90625,2.4375,19.21875
2007,1335,6.551724,21,8,0.48779,0.366667,0.670989,33.13793,17.24138,13.96552,8.551724,3,18.2069
2007,1317,4.1,20,10,0.455973,0.379439,0.652422,38.96667,12.43333,15.46667,6.166667,4.4,20.4
2007,1148,3.575758,22,11,0.435839,0.380665,0.727139,34.93939,12.60606,14.21212,6.060606,3.393939,16.12121
2007,1196,17.76471,29,5,0.526858,0.408027,0.680426,37.17647,15.76471,14,7.088235,4.823529,15.67647
2007,1458,12.85294,29,5,0.462921,0.356115,0.678887,35.08824,13.73529,11.44118,5.676471,3.264706,14.94118
2007,1332,10.45455,26,7,0.45039,0.384994,0.751189,35.06061,14.27273,12.60606,7.121212,2.060606,16.0303
2007,1268,11.90625,24,8,0.478851,0.382536,0.698539,38.5625,17.34375,15.78125,7.53125,6.90625,18.21875
2007,1139,11.35484,25,6,0.436411,0.368074,0.759375,29.93548,12.29032,9.225806,5,1.870968,19.32258
2007,1323,13.74194,24,7,0.46057,0.396914,0.750667,38.35484,17.48387,12.93548,8.419355,3.483871,18.06452
2007,1424,8.121212,27,6,0.448875,0.363506,0.71189,34.66667,14.84848,11.42424,8.151515,5.606061,17.9697
2007,1112,5.966667,20,10,0.47993,0.342857,0.74548,37.53333,16.2,13.73333,6,3.233333,13.4
2007,1345,6.875,21,11,0.462033,0.360345,0.683002,32.9375,13.75,14.21875,7.6875,2.71875,19.71875
2007,1210,9.580645,20,11,0.492424,0.374291,0.683465,36.29032,15.48387,15.87097,10,3.548387,20.70968
2007,1457,11.25,24,4,0.47619,0.35873,0.633394,37.07143,16.5,13.32143,7.464286,3.607143,17.25
2007,1330,7.96875,24,8,0.434292,0.351064,0.721037,36.6875,14.96875,12.34375,7.625,3.40625,18.71875
2007,1172,11.29032,27,4,0.449033,0.373368,0.754358,39.77419,15.48387,14.64516,7.741935,2.645161,17.93548
2007,1275,2.15625,18,14,0.459566,0.331967,0.709016,30.4375,12.84375,13.34375,5.8125,4.09375,17.03125
2007,1394,8.7,24,6,0.52402,0.403263,0.719577,35.36667,17.93333,16.36667,7.4,2.766667,19.03333
2007,1238,-1.27273,20,13,0.418864,0.317406,0.704735,36.0303,13.51515,15.42424,8.181818,3.121212,20.69697
2007,1242,17.41176,30,4,0.490079,0.381579,0.666667,40.38235,16.76471,14,8.911765,6.676471,18.64706
2007,1417,11.4,25,5,0.480527,0.367568,0.648799,32.9,14.6,12.2,7.366667,3.3,16
2007,1338,8.705882,27,7,0.471092,0.374545,0.666176,35.76471,17.44118,11.70588,5.323529,3.470588,16.47059
2007,1356,5.9375,26,6,0.453877,0.369202,0.692308,29.46875,11.59375,13.96875,6.375,3.28125,20.375
2007,1439,6.903226,20,11,0.470927,0.368159,0.666172,33.54839,13.25806,10.96774,8.387097,4.612903,18.35484
2007,1181,8.6875,22,10,0.46875,0.383104,0.692192,35.09375,13.1875,15.375,7.375,4.71875,17.4375
2007,1231,8.733333,20,10,0.451672,0.383871,0.712014,33.3,13.36667,12.36667,6.633333,4.466667,20.8
2007,1246,6.15625,21,11,0.479049,0.357025,0.699686,36.4375,15.875,14.6875,5.96875,4.8125,15.84375
2007,1437,7.483871,21,10,0.421299,0.352765,0.78352,36.25806,12.64516,13.64516,7.935484,3.290323,19.3871
2007,1211,9.030303,23,10,0.487207,0.39539,0.75067,37.60606,14.48485,14.0303,6.242424,3.575758,19.30303
2007,1433,10.0303,27,6,0.460033,0.4,0.724868,33.33333,13.57576,11.39394,7.454545,3.090909,18.0303
2007,1228,7.352941,23,11,0.431933,0.348665,0.625564,35.11765,14,13.82353,5.941176,2.882353,17.08824
2007,1221,6.878788,25,8,0.437992,0.356473,0.734756,32.15152,13.72727,15.18182,9.545455,3.727273,18.12121
2007,1460,2.96875,23,9,0.441999,0.350701,0.735507,32.1875,12.1875,12.25,5.84375,1.53125,17.46875
2007,1451,0.75,17,11,0.485528,0.390244,0.669876,32.64286,13.60714,15.82143,6.607143,2.5,19.53571
2007,1197,-1.3871,18,13,0.448044,0.362173,0.658635,36.32258,13.41935,17.54839,6.645161,1.709677,18
2007,1310,2.333333,22,11,0.422634,0.350598,0.732283,38.09091,13.57576,13.36364,6.272727,1.575758,17.36364
2008,1314,15.97059,32,2,0.482405,0.37751,0.753986,44.20588,16.73529,14.67647,8.323529,4.588235,16.97059
2008,1397,11.53125,28,4,0.45696,0.36398,0.654206,38.0625,17.875,12.90625,9.15625,3.3125,20.75
2008,1257,10.59375,24,8,0.453333,0.34233,0.654962,37.71875,14.8125,13.25,8.09375,4.90625,18.1875
2008,1450,10,24,8,0.478149,0.381308,0.733441,29.21875,13.6875,10.34375,6.25,2.875,15.3125
2008,1323,10.09677,24,7,0.459318,0.410016,0.73565,41.64516,18.93548,13,6.387097,3.774194,15
2008,1328,5.030303,22,11,0.442211,0.348333,0.68082,35.9697,12.51515,12.90909,6.606061,3.939394,16.90909
2008,1139,10.59375,29,3,0.450155,0.375796,0.737374,29.65625,13,10.25,6.28125,2.53125,16.9375
2008,1231,10.4375,25,7,0.463429,0.34647,0.763369,38.03125,13.1875,13.71875,7.03125,3.8125,17.21875
2008,1116,6.606061,22,11,0.465681,0.339161,0.672365,36.75758,14.54545,15.45455,7,5.30303,18.9697
2008,1375,9.935484,25,6,0.476019,0.367021,0.712062,36.96774,15.58065,13.90323,6.096774,3,17.03226
2008,1386,6.060606,21,12,0.47687,0.384984,0.726106,32.18182,14.87879,12.72727,7.212121,4.666667,17.39394
2008,1206,7.575758,23,10,0.469494,0.351916,0.704185,34.42424,13.24242,11.9697,5.575758,3.212121,15.48485
2008,1457,6.290323,20,11,0.440361,0.373814,0.598007,35,12.90323,12.83871,8.290323,3.419355,17.25806
2008,1129,5.125,24,8,0.502176,0.395738,0.666216,36.0625,17.46875,15.6875,6.09375,2.375,17.75
2008,1110,3.3125,21,11,0.442773,0.409462,0.74339,32.03125,11.90625,13.625,4.59375,2.625,17.53125
2008,1164,-6.97059,14,20,0.394144,0.323256,0.717325,31.29412,9.411765,14.61765,7.029412,2.058824,18.79412
2008,1291,2.5625,18,14,0.446429,0.367113,0.696429,34.03125,12.84375,14.375,7.25,3.65625,19.875
2008,1242,19.51515,30,3,0.504673,0.398577,0.707756,38.72727,18.48485,12.90909,9,6.121212,17.42424
2008,1207,11.75,27,5,0.486077,0.380303,0.66548,35,15.6875,13.21875,7.125,4.9375,17.53125
2008,1458,13.57576,29,4,0.45032,0.358879,0.70901,35.90909,12.78788,12.09091,6.30303,3.333333,14.33333
2008,1435,6.212121,26,7,0.466908,0.404054,0.735724,35.33333,18,14.48485,6,3.575758,18.21212
2008,1155,9.6875,23,9,0.458252,0.379822,0.623003,38.25,15.8125,14.75,9.8125,5.59375,19.21875
2008,1425,5.875,21,11,0.481325,0.383621,0.684543,33.71875,12.40625,14.71875,5.6875,4.40625,15.75
2008,1211,13.25,25,7,0.484305,0.372093,0.715084,37.53125,14.53125,14.1875,7.5625,4.78125,17.65625
2008,1424,7.3125,25,7,0.419956,0.33518,0.745363,34.71875,14.53125,10.625,7.65625,2.84375,17.125
2008,1245,7.647059,28,6,0.467429,0.368914,0.713699,33.29412,14,14.58824,8.529412,3.911765,18.79412
2008,1172,14.19355,25,6,0.471588,0.360743,0.728601,36.09677,16.77419,12.19355,7.967742,3.290323,18.16129
2008,1243,9.8,19,11,0.443796,0.324104,0.695035,41.16667,15.73333,15.16667,7.666667,3.633333,20.1
2008,1437,3.53125,20,12,0.428803,0.342424,0.723315,36.09375,13.6875,14.21875,8.09375,2.90625,20.78125
2008,1373,5.75,22,10,0.45092,0.382906,0.68314,33.90625,14.5,11.09375,9.4375,3.59375,15.4375
2008,1168,9.580645,23,8,0.47624,0.385281,0.705696,35.87097,15.41935,13.41935,8.83871,1.451613,18.87097
2008,1420,5.354839,23,8,0.454495,0.386054,0.731148,33.90323,15.29032,9.677419,5.935484,3.451613,16.25806
2008,1340,5.766667,21,9,0.468902,0.401481,0.670989,33.6,15.73333,14.66667,6.8,3.366667,17.93333
2008,1272,19.05882,33,1,0.465714,0.350195,0.595561,40.79412,16.02941,12.20588,8.705882,6.088235,17.44118
2008,1400,9.939394,27,6,0.449062,0.377219,0.688958,37.57576,12.66667,9.242424,5.969697,5.030303,16.45455
2008,1390,10.06061,26,7,0.448823,0.359596,0.695535,38.84848,14.21212,12.27273,4.363636,5.181818,17.15152
2008,1338,8.942857,26,9,0.459302,0.34019,0.657609,37.8,15.91429,12.2,6.8,3.285714,16.17143
2008,1277,9.30303,25,8,0.479845,0.372727,0.730956,37.21212,17.63636,13.66667,6.090909,4.363636,18.18182
2008,1266,11.59375,23,9,0.446551,0.358934,0.700974,36.75,15.125,13.25,9.46875,3.84375,20.9375
2008,1274,5.774194,21,10,0.433762,0.377698,0.747159,37.45161,12.83871,13.19355,5.774194,4.677419,18.67742
2008,1280,8.03125,22,10,0.461071,0.334333,0.643579,40.875,13.21875,15.28125,6,7.9375,16.5625
2008,1332,4.387097,18,13,0.484919,0.401189,0.689168,34.09677,14.96774,12.64516,4.580645,2.548387,18.12903
2008,1388,12.43333,24,6,0.459225,0.359209,0.663235,38,14.5,13.46667,7.3,5.2,17.13333
2008,1246,3.266667,18,12,0.469038,0.367865,0.733652,33.73333,12.73333,15.93333,6.733333,4.8,18.73333
2008,1396,4.030303,21,12,0.471517,0.372493,0.741214,32.72727,15.06061,12.75758,6.272727,4.424242,17.84848
2008,1331,7.387097,23,8,0.44012,0.366726,0.666667,35.77419,13.3871,12.74194,6.225806,3.83871,16.77419
2008,1165,7.615385,21,5,0.489924,0.407921,0.762677,33.61538,14.88462,13.92308,5.923077,2.884615,18.42308
2008,1122,3.911765,24,10,0.451023,0.385838,0.714458,31.52941,14.44118,12.73529,9.735294,2.176471,17.55882
2008,1426,2.535714,17,11,0.47082,0.34728,0.676145,37.75,13.25,17.39286,6.25,2.464286,20.28571
2008,1417,14.39394,30,3,0.47557,0.337838,0.736091,36.06061,14.39394,12.30303,7.454545,3.636364,14.36364
2008,1181,14.8125,27,5,0.465352,0.384217,0.694618,37.15625,15.03125,13.59375,8.6875,4,19.15625
2008,1462,13,27,6,0.477544,0.391437,0.750341,36.06061,15.54545,13.27273,5.575758,3.454545,17.33333
2008,1163,9.09375,24,8,0.462678,0.359477,0.718644,41.90625,14.8125,13.59375,5.75,8.78125,15.21875
2008,1179,11.23333,26,4,0.444377,0.36631,0.764602,33.73333,14.43333,11.43333,7.166667,2.4,14.56667
2008,1345,7.53125,24,8,0.42299,0.369906,0.706325,32.625,13.375,12.90625,8.5,4.28125,19.59375
2008,1452,11.42424,23,10,0.453882,0.357675,0.679325,35.72727,15.45455,10.93939,7.181818,5.121212,19.15152
2008,1140,10.94118,27,7,0.460574,0.374663,0.658368,39,16.88235,14.26471,5.911765,3.911765,17.73529
2008,1401,9.181818,23,10,0.464844,0.356089,0.637908,38.93939,13.33333,12.63636,4.606061,4.212121,17
2008,1112,4.78125,18,14,0.475646,0.395872,0.7429,31.03125,15.34375,12.21875,5.625,3.59375,16.5
2008,1124,6.266667,20,10,0.452922,0.376488,0.741018,37.33333,11.93333,12.6,7.366667,4.4,20.9
2008,1443,11.48387,25,6,0.473714,0.386207,0.706337,34.93548,12.58065,13.96774,7.645161,3.645161,21.09677
2008,1360,2,20,13,0.445776,0.338983,0.673567,33.57576,13.12121,14.84848,6.818182,3.121212,17.24242
2008,1208,0.90625,16,16,0.425095,0.32931,0.674917,38.46875,11.53125,14.75,6.71875,3.4375,18.0625
2008,1125,5.03125,24,8,0.446612,0.362947,0.698341,36.71875,17.09375,14.90625,8.4375,1.84375,18.5625
2008,1290,-4.6,15,15,0.399363,0.352041,0.672282,33.03333,11,14.36667,5.7,2.666667,17.46667
2009,1338,13.54839,27,4,0.482961,0.356877,0.672788,39.54839,17.90323,12.09677,7.129032,3.806452,16.45161
2009,1181,12.41176,28,6,0.448413,0.348936,0.72343,36.61765,13.38235,12.32353,8.5,4.088235,18.02941
2009,1437,9.545455,26,7,0.45658,0.367622,0.741573,37.42424,14.84848,13.36364,7.969697,3.212121,18.9697
2009,1462,9.96875,25,7,0.463139,0.399274,0.675031,39.46875,13.46875,15,5.375,5.125,18.625
2009,1199,3.617647,25,9,0.434783,0.343042,0.722607,35.88235,12.26471,15.67647,8.176471,5.823529,18.82353
2009,1417,12.72727,25,8,0.49413,0.398387,0.72134,33.0303,15.69697,12.36364,8.363636,3.212121,16.87879
2009,1400,6.878788,22,11,0.442229,0.320675,0.670651,38.87879,12.9697,12.51515,6.242424,5.545455,19.18182
2009,1329,6.909091,22,11,0.456967,0.38404,0.743329,35.48485,12.57576,12.42424,7.666667,2.454545,21.33333
2009,1397,6.121212,21,12,0.455344,0.313669,0.673768,39.0303,16.30303,13.36364,6.69697,3.727273,19
2009,1278,4.709677,21,10,0.443368,0.330241,0.717544,33.87097,14.06452,14.48387,8.354839,6.290323,17.67742
2009,1433,8.636364,24,9,0.462548,0.368601,0.704819,33.9697,13.78788,12.69697,7.636364,4.575758,19.30303
2009,1458,5.387097,19,12,0.442259,0.368807,0.723827,31.09677,12.19355,10.12903,4.967742,2.645161,15.80645
2009,1340,5.354839,22,9,0.452261,0.37831,0.68609,33.6129,15.16129,13.6129,7.548387,2.870968,16.67742
2009,1110,6.032258,24,7,0.466495,0.376712,0.64833,32.96774,13.06452,13.22581,5.419355,2.516129,17.93548
2009,1127,2.966667,22,8,0.43565,0.330896,0.685962,34.63333,12,13.26667,7.066667,4.166667,20.2
2009,1190,7.9375,22,10,0.463555,0.341727,0.71278,37.53125,12.40625,14,8.375,3.71875,18.3125
2009,1314,16.51613,27,4,0.475306,0.372792,0.766169,42.51613,18.19355,13,8.290323,5.290323,15.87097
2009,1328,11.375,27,5,0.488515,0.357605,0.679809,39.1875,14.34375,13.71875,6.9375,4.46875,17.40625
2009,1393,8.058824,25,9,0.487531,0.353566,0.639903,39.55882,18.17647,15.17647,7.647059,5.088235,15.67647
2009,1211,17.23333,25,5,0.487749,0.398564,0.708402,37.86667,15,11.43333,7.5,5,16.13333
2009,1228,8,24,9,0.459489,0.352601,0.711165,33.27273,17.60606,12.36364,5.757576,3.606061,15.06061
2009,1113,9.484848,24,9,0.481595,0.366255,0.739903,31.33333,15.60606,11.51515,5.909091,2.090909,15.90909
2009,1155,10.74194,23,8,0.467471,0.379154,0.68369,36.93548,14.96774,14.35484,9.354839,5.806452,17.96774
2009,1261,9.424242,26,7,0.446302,0.369403,0.718093,39.45455,15.24242,12.09091,7.606061,6.060606,17.30303
2009,1139,8.8,25,5,0.437374,0.352593,0.721362,33.86667,12.76667,12.56667,6,3.233333,17.86667
2009,1276,3.53125,19,13,0.424242,0.331737,0.754491,30.71875,15.5625,11.28125,6.4375,2.59375,15.28125
2009,1396,5.575758,22,11,0.445342,0.367347,0.698113,36.93939,15.57576,12.63636,5.575758,4.151515,17.12121
2009,1443,5.16129,23,8,0.450229,0.370031,0.704202,36.74194,13.48387,13.3871,5.645161,3.225806,17.51613
2009,1103,5.911765,22,12,0.41626,0.329252,0.71535,33.08824,12.11765,13.73529,7.647059,2.264706,20.61765
2009,1372,6.148148,20,7,0.433759,0.319149,0.663657,33.85185,12.44444,11.92593,5.666667,3.074074,18.40741
2009,1288,5.363636,22,11,0.42542,0.340726,0.647149,37.87879,11.21212,13.09091,6.484848,3.121212,19
2009,1347,2.241379,18,11,0.465215,0.347607,0.678129,41.51724,13.86207,16.51724,6.137931,4.37931,18.48276
2009,1257,12.33333,28,5,0.45079,0.360434,0.643423,38,16.57576,13.66667,9.272727,6.181818,17.15152
2009,1277,9,26,6,0.454902,0.352564,0.686327,38.90625,15.90625,14.03125,6.40625,2.84375,19.03125
2009,1242,11.3125,25,7,0.478718,0.379817,0.727648,38.90625,16.21875,14.59375,6.84375,4.28125,19.28125
2009,1448,11.06667,24,6,0.489161,0.317585,0.711563,40.96667,13.16667,15.8,8.466667,5.433333,18.76667
2009,1428,7.5,24,8,0.477315,0.376432,0.786604,34.84375,13.375,13.625,5.03125,4.9375,18.59375
2009,1452,10.76471,23,11,0.430129,0.330893,0.695955,38.32353,15.29412,12.02941,6.794118,4.558824,18.79412
2009,1130,4.484848,22,11,0.445758,0.337061,0.734353,37.24242,14.84848,13.39394,6.151515,4.363636,17.9697
2009,1326,5.0625,22,10,0.483954,0.37931,0.699664,30.84375,13.28125,13.09375,5.90625,5.25,14.96875
2009,1373,7.636364,26,7,0.473214,0.335294,0.662107,36,15.27273,13.06061,8.848485,4.69697,14.75758
2009,1425,4.878788,21,12,0.473775,0.328912,0.665757,35.81818,12.39394,14.0303,6.272727,4.666667,16.39394
2009,1173,6,26,7,0.427952,0.330909,0.645429,37.9697,14.06061,13.78788,6.333333,3.515152,19
2009,1112,3.75,19,13,0.474566,0.39521,0.734375,33.84375,14.4375,12.59375,5.96875,3.0625,15.625
2009,1156,5.125,22,10,0.425274,0.309572,0.70451,33.65625,13.4375,12.46875,8.59375,3.28125,18.375
2009,1295,10.13333,24,6,0.482719,0.401905,0.742378,35.23333,14.63333,11.7,7,3.133333,16.16667
2009,1352,5.705882,24,10,0.475528,0.397482,0.707463,33.32353,15.29412,15.41176,8.617647,3.352941,19.88235
2009,1106,5.896552,20,9,0.46516,0.328685,0.633391,36.13793,14,13.75862,5.758621,4.758621,17.62069
2009,1287,0.65625,17,15,0.435206,0.327309,0.724092,38.375,12.40625,15.40625,6.40625,3.96875,19.21875
2009,1163,13.35484,27,4,0.4701,0.346698,0.677301,42.74194,15.3871,12.67742,5.806452,8,12.90323
2009,1272,17.17647,31,3,0.443108,0.319871,0.696091,39.47059,13.82353,12.44118,8.823529,6.176471,17.47059
2009,1281,14.64706,28,6,0.471698,0.357675,0.668387,36.97059,18.29412,12.35294,10.55882,3.852941,19.88235
2009,1449,9.333333,25,8,0.459392,0.339806,0.698538,40.9697,13.09091,14.87879,7.575758,2.818182,19.45455
2009,1345,10.23529,25,9,0.446561,0.350769,0.700475,34.23529,15.11765,11.64706,7.235294,4.823529,17.35294
2009,1266,9.393939,24,9,0.456159,0.349325,0.720418,35.57576,15.48485,11.72727,8.090909,2.969697,17.84848
2009,1143,6.6875,22,10,0.484628,0.433761,0.7557,33.6875,15.53125,12.03125,4.90625,2,16.8125
2009,1140,12.45161,24,7,0.487209,0.379832,0.728296,36.35484,16.35484,11.41935,7.064516,3.645161,18.64516
2009,1401,5.375,23,9,0.446387,0.36553,0.695122,37.0625,12.1875,12.84375,4.96875,3.875,17.125
2009,1268,3,20,13,0.421616,0.33101,0.767606,36.69697,14.66667,12.48485,7.727273,4.272727,16.57576
2009,1429,10.45455,29,4,0.497083,0.398876,0.745427,34.45455,16.27273,11.39394,4.909091,2.515152,15.39394
2009,1320,4.151515,23,10,0.455433,0.346535,0.752475,33.51515,12.21212,11.60606,4.242424,2.424242,18.12121
2009,1280,5,22,12,0.430928,0.360825,0.704489,38.14706,12.5,14.08824,6.911765,7.352941,16.76471
2009,1165,8.241379,20,9,0.472603,0.407895,0.737643,35.31034,15.41379,13.06897,6.758621,3.931034,18.13793
2009,1169,3.586207,16,13,0.455786,0.359788,0.690311,36.93103,14.10345,17.58621,8.827586,2.62069,21.96552
2009,1151,-1.46875,16,16,0.439756,0.349462,0.651054,38.46875,13.21875,15.40625,5.96875,2.21875,18.0625
2010,1246,13.97059,32,2,0.478873,0.341176,0.678613,41.35294,14.70588,14.5,7.264706,7.235294,16.23529
2010,1452,9.181818,27,6,0.433923,0.335777,0.696185,38.33333,15.69697,11.72727,5.606061,4,18.33333
2010,1307,9.575758,29,4,0.440651,0.374644,0.67664,38.72727,14.42424,11.21212,6.757576,3.515152,17.66667
2010,1458,11.29032,23,8,0.444444,0.36128,0.734962,32.41935,12.77419,8.870968,5.612903,3.612903,16.35484
2010,1396,8.794118,29,5,0.435979,0.338435,0.688931,37.08824,14.73529,10.47059,4.705882,2.941176,14.73529
2010,1266,8.757576,22,11,0.453507,0.406202,0.739535,31.78788,15.15152,10.30303,7.909091,2.151515,17.06061
2010,1155,9.451613,21,10,0.453444,0.336079,0.659375,36.67742,14.16129,14.83871,9.645161,4.83871,17.48387
2010,1400,11.54545,24,9,0.468645,0.345018,0.63432,42.15152,14.48485,13.90909,7.818182,5.757576,19.69697
2010,1448,4.517241,19,10,0.43804,0.313433,0.660112,41.82759,11.7931,15.17241,7.344828,5.344828,20.10345
2010,1281,11.75,22,10,0.44131,0.371041,0.72782,35.375,15.25,13,10.9375,4.65625,19.28125
2010,1449,9.848485,24,9,0.452088,0.325095,0.727485,38.39394,14,12.78788,7.272727,3.939394,21.60606
2010,1165,10.62069,25,4,0.476951,0.437596,0.731915,33.44828,16.24138,12.24138,7.137931,3.62069,18.24138
2010,1459,7.151515,25,8,0.43824,0.347197,0.673418,35.45455,13.51515,11.9697,7.060606,2.090909,17.87879
2010,1285,7.275862,20,9,0.481107,0.397895,0.721519,32.37931,11.89655,12.13793,6.37931,3.241379,18.27586
2010,1288,6.5,27,9,0.432507,0.337793,0.703011,40.27778,12.72222,13.52778,6.583333,4.027778,21.11111
2010,1190,2.636364,19,14,0.434175,0.314126,0.661745,36.33333,10.87879,14.66667,8.272727,3.181818,19.09091
2010,1181,16.26471,29,5,0.440156,0.38244,0.762887,39.05882,13.94118,11.11765,6.941176,4.205882,18.52941
2010,1437,9.677419,24,7,0.464712,0.376378,0.750617,39.06452,13.87097,13.80645,7.774194,3.903226,22.3871
2010,1124,10.16129,24,7,0.48363,0.385841,0.733436,38.64516,13.64516,14,6.387097,6.935484,18.06452
2010,1345,10.1875,27,5,0.445817,0.319109,0.726375,33.3125,14.03125,10.875,6.90625,4.46875,18.6875
2010,1401,6.483871,22,9,0.43964,0.335652,0.663057,36.35484,12,12.32258,6.645161,3.354839,18.48387
2010,1323,7.147059,23,11,0.473601,0.394127,0.723347,35.64706,16.85294,10.35294,5.529412,3,15.17647
2010,1350,7.058824,26,8,0.446032,0.351391,0.696921,33,12.70588,11.26471,8.323529,4.588235,17.97059
2010,1143,9.575758,23,10,0.477449,0.372852,0.756996,35.75758,14.45455,12,5.666667,2.484848,17
2010,1257,6.75,20,12,0.447368,0.33905,0.703329,36.875,15.5625,13.6875,7.78125,4.1875,20.125
2010,1388,12.53333,25,5,0.483333,0.41129,0.765233,36.66667,16.4,11.46667,5.166667,5.266667,16.83333
2010,1330,10.38235,26,8,0.448469,0.315895,0.64467,39.17647,15.5,12.79412,7.823529,2.941176,15.67647
2010,1429,13.39394,26,7,0.492265,0.421933,0.761818,35.30303,16.93939,10.24242,4.515152,3.484848,16.18182
2010,1373,10.18182,27,6,0.458544,0.323045,0.669677,38.33333,14.45455,12.24242,8.818182,3.575758,13.78788
2010,1358,7.571429,21,7,0.466707,0.384969,0.708978,36.42857,19.64286,13.42857,7.535714,2.25,20.57143
2010,1352,2.823529,23,11,0.437397,0.365019,0.661465,35.05882,12.5,14.67647,7.558824,2.294118,21.35294
2010,1115,-0.28125,17,15,0.411065,0.303944,0.663438,38.21875,12.53125,16.9375,6.84375,3.4375,22.78125
2010,1457,0.633333,17,13,0.384921,0.264901,0.639423,38.36667,10.8,12.2,8.733333,3.766667,18.96667
2010,1242,17.97059,32,2,0.488431,0.40894,0.701068,40.52941,17.14706,12.97059,8.411765,6.411765,18.26471
2010,1326,13.02941,27,7,0.496192,0.38785,0.6875,33.47059,14.70588,11.32353,7.147059,4.088235,15.29412
2010,1207,8.121212,23,10,0.49829,0.387833,0.712098,33.36364,15.45455,13.78788,7.030303,4.727273,16.90909
2010,1268,11.23333,22,8,0.471922,0.387665,0.72293,38.33333,16.33333,11.86667,8,4.633333,16.83333
2010,1277,8.9375,24,8,0.473337,0.333333,0.681335,39.03125,16.6875,14.03125,6.71875,3.09375,17.65625
2010,1397,8.69697,25,8,0.452588,0.313409,0.668563,36.72727,14.33333,13.24242,8.090909,3.757576,19.90909
2010,1329,6.21875,22,10,0.449642,0.351706,0.714715,36,12.53125,12.71875,6.4375,2.59375,20.125
2010,1424,8.78125,24,8,0.463468,0.330769,0.720768,33.71875,16.25,11.78125,7.625,3.5,20.21875
2010,1320,9.03125,28,4,0.430808,0.352843,0.754296,32.46875,10.65625,10.53125,5.5,2,15.96875
2010,1210,6.424242,21,12,0.45445,0.366667,0.641958,40.24242,13.75758,16.33333,7.757576,5.484848,18.66667
2010,1361,7.451613,23,8,0.470729,0.322957,0.614265,36.83871,13.22581,13.54839,7.387097,4.645161,16.67742
2010,1308,0.5,21,11,0.461743,0.374486,0.700699,35.4375,14.5,12.90625,6,3.28125,17.4375
2010,1222,3.727273,18,15,0.418165,0.355844,0.709544,34.33333,12.54545,9.030303,9.515152,2.939394,18.60606
2010,1325,4.882353,20,14,0.425869,0.357558,0.733083,36.73529,14.08824,12.70588,7.529412,2.617647,18.85294
2010,1364,1.607143,19,9,0.444523,0.377953,0.681818,32.75,13.64286,15.5,6.571429,3.142857,18.85714
2010,1250,5.09375,22,10,0.45617,0.400376,0.715938,36.5,15.125,13,6.15625,2.53125,17.90625
2010,1393,14.59375,28,4,0.515818,0.385305,0.671449,38.15625,19.375,15.09375,10,6.5625,14.625
2010,1243,10.25,25,7,0.448478,0.356551,0.664615,39.25,14.625,14.59375,7.46875,4.8125,22.46875
2010,1338,6.71875,24,8,0.44589,0.344828,0.694868,37.21875,15.8125,12.40625,5.09375,4.1875,17.1875
2010,1435,7.645161,23,8,0.471963,0.36965,0.727494,35.90323,13.16129,13.64516,5.806452,5.096774,19.41935
2010,1139,10.0625,28,4,0.452677,0.341772,0.748042,32.84375,12.8125,12.40625,6.84375,2.46875,18.5
2010,1462,10.96875,24,8,0.466455,0.371667,0.713217,40.09375,14.3125,13.21875,6.78125,3.8125,18.78125
2010,1140,16.93939,28,5,0.481996,0.415504,0.786003,36.9697,15.78788,11.30303,8.545455,3.484848,17.36364
2010,1211,9.645161,25,6,0.493223,0.36518,0.666268,37.93548,13.51613,13.06452,6.451613,4.096774,18.09677
2010,1199,8.322581,22,9,0.454925,0.335196,0.645609,38.03226,13.90323,16.77419,8.387097,6.322581,17.83871
2010,1196,6.181818,21,12,0.443983,0.313312,0.702454,36.9697,14.06061,12.18182,7.151515,2.727273,14.45455
2010,1278,8.882353,21,13,0.473238,0.404399,0.7017,35.17647,16.73529,12.73529,7.970588,5.529412,16.5
2010,1431,11.59375,26,6,0.475851,0.346831,0.672109,36.34375,14.78125,13.15625,8.75,3.71875,19.34375
2010,1293,15.0625,28,4,0.496524,0.371534,0.702703,36.25,15.1875,14.5,9.28125,5.40625,17.46875
2010,1324,3.5,24,8,0.44474,0.320138,0.715033,38.03125,12.875,13.71875,6.40625,4.9375,17.9375
2010,1317,3.566667,22,8,0.4591,0.330544,0.717887,36.43333,11.96667,14.76667,4.433333,3,18.1
2010,1436,6.264706,25,9,0.441694,0.320717,0.68913,37.11765,12.05882,14.05882,6.794118,4.117647,18.35294
2011,1326,17.26471,32,2,0.493651,0.412829,0.704895,34.5,15.61765,10.17647,7.176471,3.323529,14.26471
2011,1314,8.909091,26,7,0.449488,0.333333,0.662806,42.51515,15.33333,13.51515,6.121212,5.333333,16.24242
2011,1393,10.27273,26,7,0.468816,0.351759,0.659259,37.84848,16.30303,12.12121,8.757576,6.818182,15.36364
2011,1246,12.57576,25,8,0.460417,0.397059,0.717697,38.09091,12.69697,10.66667,5.484848,6.272727,16.09091
2011,1452,5.451613,20,11,0.427241,0.33506,0.705714,37.41935,15.06452,12.09677,4.612903,4.290323,17.87097
2011,1462,8.064516,24,7,0.462705,0.333333,0.747638,35.48387,13.32258,11.96774,5.516129,3.096774,17.16129
2011,1449,13.12121,23,10,0.470865,0.371173,0.667149,39.33333,17.15152,12.36364,6.727273,5.333333,20.27273
2011,1206,11.8125,26,6,0.473985,0.396679,0.689956,35.09375,14.3125,10.9375,6.75,3.3125,17.15625
2011,1437,7.15625,21,11,0.439728,0.348797,0.757979,37.125,13.75,11.96875,6.34375,3.75,17.46875
2011,1208,4.53125,21,11,0.451467,0.34009,0.695988,37.71875,15.1875,13.40625,6.5,5.03125,16.5
2011,1266,7.029412,20,14,0.4677,0.352362,0.691329,36.20588,15.82353,11.97059,7.176471,3.617647,16.88235
2011,1155,7.3125,21,11,0.441536,0.348993,0.69289,34.90625,12.90625,13.34375,8.03125,4.875,18.375
2011,1412,6.566667,22,8,0.440072,0.336795,0.719368,36,13.66667,12.26667,5.333333,3.133333,16.8
2011,1343,5.566667,24,6,0.462753,0.373225,0.733558,34.5,13.26667,12.3,5.833333,4.166667,17.6
2011,1232,1.0625,19,13,0.424332,0.35468,0.712519,34.9375,12.375,14.0625,6,4.28125,20.3125
2011,1254,8.71875,27,5,0.466216,0.365894,0.644764,41.84375,15.125,15.34375,7.34375,3.4375,17.25
2011,1106,-2.875,15,17,0.397741,0.29222,0.608917,35.59375,11.625,15.71875,7.3125,4.5625,22.3125
2011,1427,-0.24138,16,13,0.429112,0.363158,0.719697,34.41379,12.58621,13.48276,6.793103,2.37931,19.75862
2011,1181,16.79412,30,4,0.468857,0.375172,0.749672,38.26471,14.41176,12.23529,7.470588,4.411765,17.88235
2011,1361,12.125,30,2,0.457785,0.335753,0.700168,37.28125,13.21875,11.03125,6.1875,4.71875,15.1875
2011,1163,7.028571,26,9,0.432921,0.331707,0.754848,39.57143,13.11429,11.74286,6.628571,5.628571,16.02857
2011,1400,13.52941,27,7,0.453858,0.376699,0.645274,40.5,13.47059,11.82353,5.823529,4.911765,17.20588
2011,1112,9.058824,27,7,0.470588,0.399408,0.746601,34.58824,14.08824,12.85294,5.029412,2.647059,18.61765
2011,1153,9.757576,25,8,0.435519,0.338658,0.665722,35.63636,14.27273,11.57576,7.575758,3.787879,17.30303
2011,1396,8.78125,25,7,0.448031,0.353902,0.693651,36.09375,15.25,10.78125,6.9375,4.6875,15.9375
2011,1276,2.875,19,13,0.442353,0.354223,0.700422,31.59375,13.40625,10.15625,4.6875,2.0625,16.78125
2011,1397,3.333333,19,14,0.433087,0.304425,0.683024,37.9697,13.12121,13.21212,7.454545,3.666667,19.66667
2011,1336,0.606061,19,14,0.437426,0.336026,0.724907,31.57576,12.15152,10.54545,4.454545,2.484848,15.66667
2011,1281,9,22,10,0.460848,0.363782,0.735632,34.53125,16.21875,12.53125,9.71875,4.96875,20.59375
2011,1272,3.941176,25,9,0.450286,0.326923,0.67942,35.67647,14.58824,15.29412,8.529412,5.352941,20.23529
2011,1324,8.545455,24,9,0.494732,0.377143,0.717691,38.75758,16.09091,13.66667,6.151515,5.454545,18.60606
2011,1137,7.333333,25,8,0.449557,0.402482,0.786408,34.12121,14.72727,11.36364,4.757576,3.181818,18.24242
2011,1294,4.37931,19,10,0.426144,0.383721,0.772059,35.58621,11.58621,14.48276,5.793103,1.896552,19.44828
2011,1214,5.032258,23,8,0.404268,0.321486,0.647059,35.58065,11.80645,12.12903,7.322581,5.709677,18.48387
2011,1338,13.09375,27,5,0.474162,0.390041,0.671916,39.875,17.375,11.65625,4.8125,3.4375,18
2011,1196,8.484848,26,7,0.461704,0.355903,0.666667,37.51515,13.72727,12.42424,5.878788,3.545455,14.42424
2011,1140,13.42424,29,4,0.450893,0.360963,0.755725,38.45455,14.27273,11,7.969697,4.181818,17.60606
2011,1458,9.870968,23,8,0.445247,0.371471,0.824034,32.06452,13.16129,7.387097,3.451613,3.16129,15.06452
2011,1243,6.580645,21,10,0.435102,0.374359,0.651255,37.77419,14.12903,14.96774,6.225806,4.645161,20.45161
2011,1385,3.65625,21,11,0.45481,0.330097,0.710938,32.75,12.75,12.4375,8,2.8125,18.875
2011,1417,4.1875,22,10,0.456395,0.328063,0.683424,37.21875,14.625,14.84375,5.4375,5.78125,17.5
2011,1139,7.483871,22,9,0.442775,0.362069,0.72782,34.93548,12.41935,11.29032,5.935484,1.516129,19.16129
2011,1330,7.545455,27,6,0.441391,0.328571,0.663636,40.18182,14.45455,12.39394,6.818182,4.363636,14.72727
2011,1277,2.15625,18,14,0.429538,0.347676,0.697389,37.1875,14.875,13.3125,6.3125,4.96875,18.84375
2011,1211,10.6875,23,9,0.474395,0.356436,0.759459,37.34375,14.90625,13.53125,7.34375,3.625,18.6875
2011,1429,13.28125,29,3,0.466228,0.358238,0.735537,37.21875,14.46875,11.8125,4.84375,3.25,17.25
2011,1125,18.41176,30,4,0.463928,0.381235,0.736495,36.35294,16.38235,13.94118,9.735294,3.470588,20.82353
2011,1459,5.969697,21,12,0.479132,0.407173,0.690981,32.48485,14.39394,11.84848,6.757576,2.484848,19.21212
2011,1364,2.103448,16,13,0.450941,0.369963,0.765343,32.68966,14,14.31034,7.206897,4.172414,19.68966
2011,1114,-1.27273,17,16,0.413577,0.397482,0.694482,32.48485,11.0303,11.63636,5.69697,2.363636,20.72727
2011,1421,3,16,13,0.448804,0.329439,0.700441,34.62069,14,15.2069,8.965517,4.37931,19.65517
2011,1242,17.14706,32,2,0.513527,0.387147,0.680905,38.55882,17.88235,13.47059,7.941176,4.147059,17.88235
2011,1323,10.375,26,6,0.466048,0.391831,0.725064,36.9375,16.71875,10.6875,4.59375,3.6875,15.03125
2011,1345,11.21875,25,7,0.447712,0.366942,0.711628,35.21875,15.8125,10.34375,6.28125,4.125,18.03125
2011,1257,10.73529,25,9,0.452416,0.360676,0.669394,36.55882,17.47059,13.02941,9.205882,4.941176,19.20588
2011,1435,8.575758,23,10,0.456558,0.369784,0.746929,36.93939,13.39394,13.15152,5.272727,4.848485,16.30303
2011,1207,4.935484,21,10,0.477892,0.360331,0.731532,33.70968,15.12903,13.41935,6.129032,4.451613,18.6129
2011,1401,7.129032,23,8,0.444167,0.337398,0.703801,35.87097,13.3871,13.06452,6.516129,1.580645,18.51613
2011,1424,9.28125,24,8,0.460718,0.331461,0.689557,35.1875,15.53125,12.65625,8.125,3.78125,19.34375
2011,1228,6.0625,19,13,0.467554,0.386926,0.728682,34.8125,16.59375,12.71875,5.5625,4.625,17.59375
2011,1199,7.064516,21,10,0.435956,0.330465,0.663142,39.03226,12.48387,16.12903,8.774194,5.741935,19.25806
2011,1425,4.060606,19,14,0.444816,0.357394,0.653291,34,12.06061,11.36364,5.969697,2.969697,17.24242
2011,1433,4.088235,23,11,0.435127,0.359173,0.718973,32,14.20588,11.55882,8.529412,3.676471,18.23529
2011,1350,9.176471,27,7,0.463135,0.399701,0.691176,33.17647,14.97059,10.67647,6.117647,4.117647,16.08824
2011,1287,6.83871,22,9,0.453277,0.342644,0.677037,36.93548,12.12903,15.06452,8.451613,3.258065,19.19355
2011,1389,1.484848,20,13,0.403712,0.347826,0.643377,35.78788,11.33333,15.06061,7.666667,4.606061,19.48485
2011,1103,3.647059,22,12,0.42982,0.360215,0.708065,34.26471,14.35294,12.02941,6.441176,3.411765,19.23529
2011,1131,1.970588,21,13,0.403422,0.355062,0.7306,36,9.852941,11.94118,5.382353,3.705882,18.20588
2012,1393,14.18182,31,2,0.465711,0.345336,0.691318,35.33333,15.81818,10.54545,9.606061,7.090909,15.12121
2012,1326,15.70588,27,7,0.483007,0.326087,0.697772,36.94118,14.97059,11.61765,7.205882,3,16.05882
2012,1199,7.424242,24,9,0.458242,0.353043,0.703125,36.69697,12.21212,16.27273,7.606061,5.939394,18.75758
2012,1458,11,24,9,0.42368,0.360632,0.740672,33.78788,11.66667,8.969697,5.212121,3.484848,14.21212
2012,1435,7.941176,24,10,0.459267,0.389404,0.697514,34.52941,12.85294,13.17647,5.941176,4,16.02941
2012,1153,7.323529,24,10,0.419911,0.342736,0.64094,36.20588,12.97059,10.58824,8.117647,4.588235,15.14706
2012,1211,10.77419,25,6,0.473072,0.375712,0.714844,37.12903,13.74194,13.35484,6.806452,3.290323,15.16129
2012,1243,7.709677,21,10,0.442529,0.34236,0.66622,37.25806,14.45161,14.48387,6.16129,4.806452,20.12903
2012,1379,4.516129,23,8,0.409471,0.355019,0.736842,36.16129,10.74194,10.80645,5.870968,2.935484,19.19355
2012,1452,5.46875,19,13,0.440751,0.30212,0.670886,38.375,14.59375,12.875,6.5,2.5625,16.8125
2012,1400,6.242424,20,13,0.436364,0.327022,0.730769,36.18182,12.36364,12.57576,6.818182,3.636364,19.51515
2012,1217,10.03448,25,4,0.46439,0.35518,0.75,32.93103,12.89655,12.51724,5.862069,4.413793,15.17241
2012,1285,9.034483,23,6,0.467836,0.382716,0.718954,32.89655,13.82759,12.41379,7.103448,3.758621,18.55172
2012,1382,5.677419,20,11,0.458282,0.340816,0.760402,35.67742,13.80645,14.19355,5.709677,4.193548,18.58065
2012,1259,3.78125,24,8,0.427658,0.340426,0.717568,35.34375,12,13.46875,7.78125,4.34375,18.875
2012,1421,6.2,21,9,0.468485,0.347826,0.771536,33.33333,15.3,13.5,8.066667,2.233333,17.93333
2012,1314,15.11765,29,5,0.460705,0.33925,0.682088,45.05882,17.44118,11.76471,6.823529,5.588235,14.79412
2012,1242,13.09091,27,6,0.485383,0.358047,0.696237,36.90909,15.60606,13.27273,7.393939,5.636364,17.63636
2012,1207,9.333333,22,8,0.458386,0.343096,0.696,36.33333,13.5,12.6,6.233333,4.866667,17.83333
2012,1276,4.5,23,9,0.458308,0.352782,0.721992,30.59375,12.75,10.9375,4.96875,2.09375,15.75
2012,1396,6.129032,24,7,0.471572,0.402135,0.718494,35.03226,15.6129,12.51613,7.225806,4.16129,17.67742
2012,1361,5.870968,24,7,0.452754,0.337232,0.7024,36.58065,12.32258,12.70968,5.419355,2.322581,16.16129
2012,1388,10.93333,25,5,0.469287,0.344498,0.728682,36.2,15.4,11.73333,6.8,2.933333,15.93333
2012,1166,10.48485,28,5,0.509081,0.424528,0.731742,36.15152,17.90909,12.27273,4.787879,2.30303,17.06061
2012,1104,6.8125,21,11,0.451613,0.284768,0.715221,35.1875,12.28125,12.9375,7.3125,4.15625,18.40625
2012,1345,6.181818,21,12,0.4409,0.376912,0.65184,33.0303,13.69697,8.666667,6.545455,3.242424,17.78788
2012,1301,5.352941,22,12,0.462755,0.355469,0.707801,37.17647,15.97059,12.82353,6.911765,4.058824,17.02941
2012,1143,9.878788,24,9,0.479121,0.367788,0.746411,34.87879,16.06061,12.24242,4.787879,3.151515,14.39394
2012,1378,1.5,19,13,0.434615,0.310782,0.709738,33.6875,11.625,13.6875,5.5625,3.5625,15.375
2012,1325,7.545455,26,7,0.426752,0.333333,0.681159,34.24242,12.93939,13.21212,9.454545,2.69697,19.75758
2012,1125,13.87879,26,7,0.481191,0.381389,0.737333,36.30303,17.33333,12.21212,7.363636,2.242424,18.27273
2012,1178,2.939394,20,13,0.444568,0.295775,0.740554,33.30303,12.57576,12.75758,7.30303,4.484848,19.27273
2012,1249,6.75,21,11,0.429402,0.331707,0.724005,39.21875,12.4375,12.125,7.875,4.375,17.53125
2012,1436,6.735294,23,11,0.443087,0.345865,0.741935,35.35294,13.26471,12.35294,6.235294,2.382353,17.32353
2012,1246,17.67647,32,2,0.482848,0.371429,0.720416,39.11765,13.23529,11.35294,6.323529,8.794118,14.55882
2012,1181,9.060606,27,6,0.457728,0.375877,0.701546,36.57576,12.45455,12.18182,6.242424,4.030303,18.18182
2012,1124,9,26,7,0.465909,0.37691,0.752226,36.0303,14.72727,13.84848,7.636364,4.636364,17.63636
2012,1231,11.72727,25,8,0.487209,0.433265,0.762195,34.90909,13.42424,12.75758,6.424242,3.363636,17.57576
2012,1455,14.16129,26,5,0.480204,0.370307,0.752809,37.87097,14.54839,12.09677,6,3.967742,17.03226
2012,1424,9.59375,24,8,0.460668,0.372549,0.683735,37.5625,17.5625,13.71875,8.125,4.875,17.375
2012,1323,4.969697,22,11,0.431753,0.329193,0.707831,34.0303,14.48485,10.0303,5.181818,3.424242,13.75758
2012,1235,6.46875,22,10,0.448957,0.379679,0.6793,36.71875,14.59375,12.53125,5.875,2.8125,16.0625
2012,1163,4.727273,20,13,0.453905,0.330855,0.661417,37.84848,13.60606,12.54545,5.818182,6.909091,14.39394
2012,1462,3.333333,21,12,0.452758,0.349241,0.692102,36.42424,13.39394,12.72727,6.090909,3.757576,18.84848
2012,1160,2.71875,21,11,0.439541,0.340996,0.686798,34.8125,11.375,12.5625,5.875,3.25,17.09375
2012,1433,8.617647,28,6,0.410083,0.337349,0.689415,33.67647,12.23529,11.38235,10.61765,3.705882,18.14706
2012,1308,9.30303,24,9,0.46713,0.327549,0.663627,40,13.87879,14.66667,6.787879,4.090909,17.93939
2012,1355,9.75,25,7,0.464765,0.393072,0.729692,34.03125,13.90625,10.40625,6.46875,1.84375,16.21875
2012,1250,10.21875,25,7,0.445405,0.35479,0.77424,35.5625,13,11.53125,7.8125,2.90625,17.78125
2012,1290,-0.36364,21,12,0.40224,0.328477,0.650146,37.12121,13.30303,14.48485,8.757576,2.393939,20.42424
2012,1443,-2.93939,15,18,0.396825,0.308072,0.692935,35.90909,11.06061,15.0303,5.515152,4.090909,19.81818
2012,1277,13.02941,27,7,0.476474,0.365049,0.697642,38,15.32353,13,7.323529,4.382353,17.61765
2012,1281,14.55882,30,4,0.503704,0.39548,0.765778,32.20588,16.20588,10.29412,8.205882,2.823529,14.11765
2012,1266,9.71875,25,7,0.459123,0.337037,0.720627,35.8125,16.84375,13.25,8.8125,3.5,17.875
2012,1257,7.657143,26,9,0.424637,0.310709,0.686062,38.22857,13.77143,14.65714,9.114286,4.857143,17.85714
2012,1307,12.90625,26,6,0.458478,0.384977,0.711567,37.59375,16.09375,13.3125,6.84375,3.28125,17.625
2012,1293,11.85714,27,1,0.475534,0.407045,0.728083,33.25,12.53571,13.96429,8.035714,4.285714,18.21429
2012,1196,10.24242,23,10,0.460644,0.390012,0.712,35.15152,15,10.90909,6.484848,3.272727,15.84848
2012,1272,12.14706,26,8,0.494309,0.368952,0.720052,34.41176,14.76471,12.73529,7.941176,5.676471,19.05882
2012,1387,11.70968,24,7,0.453832,0.368771,0.714777,32.74194,14,11.29032,6.967742,3.032258,16.96774
2012,1438,9.387097,22,9,0.459778,0.337029,0.724453,32.48387,12.32258,11.41935,6.516129,2.806452,15.83871
2012,1161,2.677419,20,11,0.475524,0.405229,0.769231,31.32258,12.32258,12.45161,5.354839,1.903226,18.83871
2012,1253,9.16129,23,8,0.465649,0.358392,0.671177,35.64516,14.12903,12.87097,6.806452,2.741935,15.74194
2012,1172,9.451613,24,7,0.4479,0.340426,0.766716,38.51613,13.54839,11.90323,5.419355,3.451613,20.45161
2012,1140,10.77419,23,8,0.465879,0.348185,0.708638,37.90323,17.03226,12.90323,8.322581,4.193548,18.45161
2012,1233,10.6875,25,7,0.50433,0.393027,0.715928,34.75,19.34375,12.375,7.21875,2.125,16.875
2012,1313,2.8125,24,8,0.447899,0.313761,0.656579,36.125,12,14.8125,6.53125,4.75,19.09375
2012,1254,4.545455,25,8,0.475132,0.368421,0.731423,38.63636,14.84848,16.18182,6.060606,3.30303,15.78788
2013,1231,17.54545,27,6,0.486294,0.411263,0.744934,38.60606,14.54545,13,7.484848,3.727273,17.09091
2013,1274,9.242424,27,6,0.459956,0.35828,0.677215,35.75758,11.27273,10.90909,6.333333,4.545455,14.72727
2013,1266,6.258065,23,8,0.466544,0.300683,0.722552,34.96774,14.35484,13.6129,6.741935,3.419355,16.96774
2013,1393,11.25714,26,9,0.440039,0.334385,0.675451,38.74286,14.54286,12.62857,8.885714,6.2,16.17143
2013,1424,7.515152,24,9,0.436605,0.327217,0.706395,39.84848,16,14.06061,7.181818,5.818182,16.93939
2013,1139,4.909091,25,8,0.448609,0.343402,0.688525,36.48485,12.87879,13.27273,5.666667,2.30303,18.06061
2013,1228,3.212121,21,12,0.41318,0.322745,0.721943,33.30303,10.15152,11.48485,6.878788,3.909091,18.21212
2013,1301,7.470588,24,10,0.494057,0.393013,0.68256,36.82353,14.61765,12.35294,6.588235,4.264706,15.32353
2013,1396,4.65625,23,9,0.429867,0.333811,0.725225,34.4375,14.875,10.96875,8.03125,3.6875,16.40625
2013,1160,4.375,21,11,0.436385,0.34739,0.684284,37.21875,10.03125,13.25,7.03125,3.125,15.78125
2013,1137,9.5625,27,5,0.455405,0.360097,0.746365,36.15625,13.4375,9.4375,3.5,4.0625,14.65625
2013,1143,3.16129,20,11,0.446023,0.304136,0.725455,37.19355,14.06452,12.54839,5.774194,4.741935,16.32258
2013,1285,4.827586,23,6,0.472678,0.377649,0.766942,30.82759,12.55172,12.31034,5.758621,3,17.06897
2013,1172,11.09375,25,7,0.462081,0.366412,0.800912,33.46875,13.75,11,5.71875,2.75,17.625
2013,1334,1.84375,20,12,0.445978,0.391304,0.700157,31.5625,14.34375,11.21875,5.53125,1.21875,18.3125
2013,1241,0.823529,20,14,0.420187,0.333333,0.700573,32.70588,11.73529,11.17647,7.882353,4.5,17.14706
2013,1254,3.060606,20,13,0.483505,0.385103,0.689615,35.39394,15.27273,14.39394,6.818182,3.515152,17.72727
2013,1242,13.91176,29,5,0.479852,0.367384,0.73262,39.11765,15.64706,13.67647,7.176471,6.617647,16.97059
2013,1207,8.83871,25,6,0.456174,0.357564,0.680484,32.93548,14.80645,12.67742,7.548387,3.83871,16.87097
2013,1196,17.93939,26,7,0.480823,0.380495,0.681298,35.06061,14.81818,11.12121,6.969697,3.30303,14.12121
2013,1276,11.4375,25,7,0.480456,0.375399,0.710227,34.90625,14.125,9.21875,6.03125,2.84375,13.0625
2013,1433,12.52941,26,8,0.449057,0.351563,0.701079,34.82353,14.70588,11.82353,11.82353,3.147059,19.91176
2013,1417,5.794118,25,9,0.455029,0.339431,0.722467,36.29412,16.14706,11.05882,8.176471,3.676471,14.91176
2013,1361,7.1,20,10,0.432047,0.324176,0.68369,36.66667,12.03333,11.93333,6.566667,4.366667,15.2
2013,1314,7.060606,23,10,0.438761,0.370031,0.673367,38.84848,17.0303,12.27273,7.969697,3.30303,14.90909
2013,1437,2.5,19,13,0.413667,0.336788,0.72176,36.125,12.28125,15.625,7.53125,3.46875,19.03125
2013,1328,4.935484,20,11,0.435998,0.326271,0.760062,36.74194,12.3871,11.83871,6.451613,2.806452,17.32258
2013,1278,6.75,20,12,0.442386,0.326172,0.684647,38.84375,14.78125,13.8125,7.5625,5.71875,17.53125
2013,1103,9.677419,25,6,0.452691,0.332303,0.642527,37.80645,15,13.74194,7.129032,5.580645,18
2013,1355,6.290323,22,9,0.463127,0.394481,0.772887,33.93548,13.90323,10.54839,5.096774,2.193548,14.32258
2013,1322,5.518519,19,8,0.446386,0.314402,0.690265,38.14815,14.62963,14,9.333333,4.518519,19.88889
2013,1195,5.03125,22,10,0.455978,0.330733,0.670347,36.4375,13.71875,14.65625,8.8125,3.78125,17.59375
2013,1443,0.705882,19,15,0.430593,0.332335,0.680057,35.67647,11.26471,15.05882,6.088235,3.264706,18.94118
2013,1257,15.58824,29,5,0.445289,0.330551,0.711488,37.5,15,12.67647,10.73529,4.235294,17.73529
2013,1181,12.875,27,5,0.47632,0.405892,0.731602,33.8125,14.6875,10.71875,6.53125,3.78125,17.71875
2013,1277,8.125,24,8,0.460449,0.344156,0.710145,36.46875,13.09375,13.15625,8.0625,3.8125,16
2013,1387,10.57576,27,6,0.447507,0.347009,0.706037,32.84848,12.87879,11.48485,7.484848,3.151515,17.36364
2013,1329,9.53125,24,8,0.440067,0.316163,0.75,36.40625,12.0625,12.40625,7.5,4.75,17.96875
2013,1272,10.70588,30,4,0.47855,0.379061,0.666218,37.79412,17.20588,14.61765,8.970588,6.294118,18.08824
2013,1166,12.29412,27,7,0.507555,0.420904,0.750416,35.23529,17.17647,12.26471,5,2.588235,16.20588
2013,1161,8.709677,23,8,0.44298,0.334034,0.708609,39.96774,12.83871,10.70968,4.645161,1.806452,17.06452
2013,1281,10.06061,23,10,0.459653,0.339869,0.739447,41.42424,13.93939,13.24242,6.757576,3.515152,16.45455
2013,1153,7.878788,22,11,0.402317,0.317348,0.649199,40,12.21212,12.81818,7,6.181818,17.69697
2013,1292,13.45455,28,5,0.463264,0.378205,0.693227,36.81818,14.15152,13.78788,7.090909,3.787879,20.60606
2013,1388,11.5625,26,6,0.471719,0.372957,0.730475,36.8125,14.5,11.9375,6.03125,2.96875,17.53125
2013,1332,8.117647,26,8,0.447083,0.322642,0.709934,37.41176,13,14.91176,8.5,4,17.38235
2013,1308,5.151515,23,10,0.461313,0.325926,0.657702,37.18182,11.45455,14.36364,5.515152,5.545455,15.21212
2013,1434,8.875,25,7,0.486826,0.374803,0.737389,32.84375,13.875,14.40625,6.375,3.25,17.5
2013,1107,4.117647,24,10,0.4375,0.364286,0.733918,33.58824,11.17647,13.38235,5.441176,2.029412,16.02941
2013,1251,-3.40625,12,20,0.421358,0.367174,0.733434,34.875,11.625,13.3125,5.125,2.90625,18.90625
2013,1299,0.205882,18,16,0.396034,0.301685,0.656168,35.08824,10.91176,15.05882,6.823529,4.529412,19.41176
2013,1211,17.3125,30,2,0.498574,0.364469,0.711699,37.09375,14.84375,11.15625,7.875,2.78125,15.90625
2013,1326,11.36364,26,7,0.453947,0.35097,0.693419,35.48485,13.33333,10.60606,6.787879,4.30303,15.54545
2013,1307,7.029412,29,5,0.424673,0.354472,0.721739,35.23529,14.61765,11.5,6.117647,3.911765,15.44118
2013,1243,7.272727,26,7,0.432059,0.359425,0.689482,34.66667,16,11.60606,7.030303,3.636364,18.27273
2013,1458,9.617647,23,11,0.425263,0.334218,0.632689,36.67647,13.38235,9.735294,5.676471,4.294118,13.97059
2013,1112,9.59375,25,7,0.449747,0.362963,0.747748,36.25,13.84375,13.09375,6.9375,3.90625,16.34375
2013,1323,7.235294,25,9,0.463259,0.373333,0.707438,36.23529,17,11.05882,5.088235,3.823529,14.23529
2013,1338,14.15625,24,8,0.475305,0.36,0.664087,35.34375,16.53125,10.90625,6.65625,3.9375,17.125
2013,1455,8.735294,26,8,0.443031,0.336842,0.68787,38.44118,13.79412,12.79412,7.470588,4.470588,17.70588
2013,1235,8.424242,22,11,0.455,0.370159,0.730711,38.72727,15.9697,13.27273,6.515152,2.909091,16.9697
2013,1125,12.26667,24,6,0.493746,0.375566,0.735294,32.2,15.8,13.56667,9.533333,2.733333,18.2
2013,1279,10.61765,26,8,0.438389,0.329529,0.683957,38.73529,12.58824,11.35294,8.411765,5.147059,16.94118
2013,1129,4.62069,19,10,0.448254,0.386525,0.748614,32.93103,12.37931,12.27586,6.62069,1.655172,19.27586
2013,1247,6.466667,21,9,0.448316,0.370732,0.73849,31.7,14.36667,11.7,8.066667,3.566667,15.3
2013,1217,4.703704,18,9,0.482677,0.400932,0.723438,29.11111,13.07407,13.66667,7.37037,4.148148,15.11111
2013,1233,4.939394,20,13,0.457129,0.372813,0.778443,36.0303,15.45455,12.18182,6.606061,3,17.09091
2013,1380,8.172414,20,9,0.428292,0.363636,0.687702,34.55172,10.75862,11,7.034483,4,17.48276
2014,1438,10.64706,28,6,0.452395,0.364522,0.663488,35.55882,13.08824,10.20588,5.323529,3.970588,16.05882
2014,1437,11.9375,28,4,0.459309,0.360799,0.712871,37.09375,15.625,11.84375,6.9375,4.03125,19.71875
2014,1235,8.969697,26,7,0.471449,0.350832,0.694226,38.78788,18.54545,10.54545,6.030303,2.939394,17.42424
2014,1277,10.61765,26,8,0.474654,0.391429,0.69313,37.05882,17,11.44118,6.941176,4.823529,18.88235
2014,1153,10.39394,27,6,0.427015,0.335079,0.708508,36.06061,12.72727,11.09091,7.939394,5.515152,17.45455
2014,1314,7.25,23,9,0.462944,0.33584,0.625293,39.75,15.5625,12.03125,7.3125,4.78125,20.3125
2014,1163,8.735294,26,8,0.44835,0.3872,0.760504,35.38235,12.58824,11.67647,6.970588,6.205882,18.26471
2014,1272,6.677419,22,9,0.474863,0.335341,0.652531,37.3871,17,13.3871,8.645161,4.774194,18.03226
2014,1203,6.53125,24,8,0.463554,0.368526,0.653659,37.375,14.15625,13.0625,7.0625,4.15625,18.09375
2014,1386,4.333333,24,9,0.468588,0.380282,0.641434,35.90909,14.06061,12.33333,4.484848,4.606061,15.81818
2014,1344,3.676471,23,11,0.425168,0.349673,0.781481,36.82353,13.64706,11.64706,5.588235,4.852941,17.32353
2014,1217,12.13793,25,4,0.467974,0.388889,0.726027,34.13793,14.48276,11.55172,7.448276,4.965517,17.89655
2014,1174,4.382353,25,9,0.446176,0.34512,0.708804,36.47059,10.88235,9.588235,6,3.588235,18.85294
2014,1300,12.96774,26,5,0.454323,0.325678,0.725845,34.6129,14.09677,11.3871,7.677419,3.83871,20.09677
2014,1454,-0.51515,20,13,0.429224,0.329593,0.732748,33.30303,13.24242,13.63636,5.636364,2.424242,18.30303
2014,1157,1.5,18,12,0.429234,0.320298,0.692537,38.83333,9.933333,14.1,6.2,2.8,19.93333
2014,1196,12.79412,32,2,0.462096,0.368088,0.660668,35.67647,13.35294,11.32353,7.205882,2.852941,16.20588
2014,1242,9.151515,24,9,0.495071,0.345216,0.711086,38.12121,15.12121,13.18182,5.848485,5.666667,21.09091
2014,1393,8.65625,27,5,0.437003,0.334728,0.703216,35.25,11.9375,8.90625,8.03125,4.9375,15.90625
2014,1417,11.05882,26,8,0.490079,0.390991,0.749364,35.64706,17.20588,10.52941,9.382353,2.882353,17.73529
2014,1433,10.11765,26,8,0.418583,0.348548,0.674113,37.88235,13.11765,12.26471,11.17647,4.264706,19.55882
2014,1326,10.02941,25,9,0.448767,0.32562,0.68886,34.08824,12.02941,11.17647,7.647059,4.5,16.5
2014,1307,8.272727,27,6,0.460256,0.337413,0.726627,38.15152,15.45455,10.60606,4.848485,5.151515,16.93939
2014,1160,2.911765,23,11,0.436851,0.320072,0.716384,37.52941,11.52941,13.20588,6.029412,3.382353,16.58824
2014,1338,10.11765,25,9,0.461245,0.356415,0.710558,36.08824,15.61765,10.55882,7,3,17.5
2014,1390,4.878788,21,12,0.464365,0.370722,0.702871,34.84848,11.78788,11.24242,5.090909,4.242424,18.06061
2014,1173,5.757576,23,10,0.466153,0.378049,0.681333,35.30303,13.06061,12,5.818182,2.606061,20.06061
2014,1372,12.80645,29,2,0.461407,0.351823,0.711457,33.6129,16.41935,10.96774,7.032258,3.16129,20.90323
2014,1409,5.727273,21,12,0.441911,0.325342,0.675,36.30303,12.51515,11.45455,6.969697,3.787879,21.42424
2014,1444,4.064516,22,9,0.466667,0.32971,0.717791,34.51613,11.09677,14.16129,5.741935,3.483871,18.29032
2014,1184,5.451613,22,9,0.484997,0.386332,0.753501,25.70968,14.03226,10.77419,8,1.741935,21.03226
2014,1107,2.1875,18,14,0.439144,0.364269,0.748201,34.5625,11.0625,12.625,5.53125,3.0625,17.25
2014,1291,-1.71875,16,16,0.440687,0.356336,0.740634,32.1875,11.75,12,7.15625,3.0625,18.75
2014,1455,15.06061,33,0,0.457143,0.347158,0.728673,38.60606,13.36364,10.45455,6.848485,5.121212,16.90909
2014,1276,9.030303,25,8,0.475788,0.393812,0.761381,31.78788,14.21212,9.393939,5.121212,2.515152,14.54545
2014,1181,11.55882,26,8,0.463228,0.393979,0.725974,34.47059,14.52941,9.470588,7,3.058824,19.38235
2014,1257,21.14706,29,5,0.473735,0.371274,0.658711,37.88235,15.67647,10.29412,10.11765,4.617647,19.5
2014,1387,8.258065,25,6,0.44451,0.320072,0.710756,35.67742,14.09677,12.6129,7.387097,4.225806,17.29032
2014,1269,5.34375,24,8,0.460158,0.347305,0.682058,38.5625,15.1875,13.53125,6.8125,5.53125,19.625
2014,1400,4.090909,23,10,0.430886,0.324376,0.663972,41.75758,12.75758,12.36364,5.757576,6,19.06061
2014,1246,9.264706,24,10,0.451239,0.325188,0.682353,41.14706,11.5,12.20588,4.764706,6.235294,19
2014,1243,4,20,12,0.435926,0.334489,0.658436,36,15.46875,12.3125,6.1875,2.96875,21.6875
2014,1113,6.15625,21,11,0.450445,0.38633,0.693634,35.625,14.1875,11.46875,5.15625,5.65625,19.28125
2014,1234,11.90625,20,12,0.464694,0.35283,0.732729,40.65625,16.1875,11.375,7.25,5.0625,17.96875
2014,1397,9.125,20,12,0.442493,0.32963,0.707819,38.75,12.09375,10.875,5.1875,4.71875,17.1875
2014,1301,1.323529,21,13,0.458654,0.302789,0.661495,34.32353,12.94118,10.41176,4.764706,3.970588,18.70588
2014,1462,4.272727,21,12,0.471309,0.353909,0.688329,35.81818,14.84848,12.36364,5.848485,2.939394,19.90909
2014,1264,7.375,25,7,0.450728,0.366726,0.662325,37.59375,13.1875,14.15625,8.28125,6.09375,24.125
2014,1273,9.741935,23,8,0.466403,0.388467,0.734848,36.41935,15.83871,12.19355,6.193548,4.193548,19.09677
2014,1459,2.275862,17,12,0.439413,0.358531,0.664783,32.51724,12.13793,10.27586,6.068966,1.551724,17.62069
2014,1142,-2.73333,11,19,0.403715,0.335097,0.686679,31.46667,11.36667,8.966667,5.533333,2.666667,18.8
2014,1411,2.09375,18,14,0.458213,0.358792,0.710956,36.71875,13.65625,13.21875,4.59375,3.53125,16.5625
2014,1112,14.91176,30,4,0.468487,0.356436,0.654912,38.88235,15.08824,10.44118,5.882353,4.235294,16.44118
2014,1458,8.969697,26,7,0.45788,0.373178,0.744156,33.18182,12.12121,8.060606,5,3.515152,14.93939
2014,1166,12.12121,26,7,0.4989,0.421182,0.751603,34.36364,17.72727,9.939394,4.090909,1.393939,17.63636
2014,1361,10.51613,27,4,0.42516,0.339492,0.664073,36.80645,9.354839,9.774194,7.451613,4.967742,16.64516
2014,1328,6.28125,23,9,0.450561,0.378116,0.75,37.65625,14.65625,11.4375,6.84375,3.28125,19.03125
2014,1124,5.393939,22,11,0.448126,0.384252,0.672886,38.24242,14.51515,11.78788,5.090909,5.666667,17.54545
2014,1332,7.84375,23,9,0.467983,0.392126,0.766169,34.28125,14.4375,11.65625,7.9375,3.375,21.25
2014,1211,11.27273,27,6,0.49024,0.387372,0.710165,35.87879,14.48485,11.24242,6.69697,3.909091,18.09091
2014,1329,11.24242,21,12,0.464819,0.368175,0.72384,35.24242,13.63636,10.42424,7.575758,4.787879,19.60606
2014,1140,6.666667,22,11,0.46825,0.373362,0.688391,41.09091,15.63636,11.48485,7.121212,3.030303,19.57576
2014,1304,2.129032,19,12,0.426994,0.338858,0.718795,33.35484,9.580645,10.90323,6.870968,2.967742,20.29032
2014,1295,7.285714,22,6,0.503043,0.349127,0.753647,32.03571,11.5,9.928571,6.142857,4.285714,18.28571
2014,1308,9.147059,25,9,0.486681,0.362319,0.685917,37.29412,13,12.64706,4.647059,6.205882,17.14706
2014,1418,3.612903,20,11,0.458423,0.373957,0.664663,37.83871,13.09677,13.87097,7,3.935484,21.16129
2014,1110,5.3125,20,12,0.494631,0.382298,0.709615,30.0625,15.125,13.96875,6.03125,3.4375,17.21875
2014,1451,3.75,17,11,0.474182,0.393762,0.737991,33.35714,12.89286,12.39286,3.75,3.857143,18.39286
2015,1437,15.38235,32,2,0.469722,0.388818,0.727156,34.41176,15.91176,10.85294,7.794118,4.029412,16.58824
2015,1438,14.59375,29,3,0.462895,0.360802,0.722913,36.1875,12.90625,9.5,5.59375,4.28125,14.25
2015,1328,9.1875,22,10,0.436499,0.343402,0.735294,38.09375,12.5,12.125,6.90625,5.03125,16.40625
2015,1257,9.6875,24,8,0.428571,0.304202,0.660085,38.15625,11.6875,11.8125,8.3125,5.5,17.71875
2015,1320,11.06061,30,3,0.482917,0.398026,0.725938,30.81818,11.93939,10.48485,5.939394,2.484848,14.36364
2015,1344,4.727273,22,11,0.44153,0.309615,0.709593,36.0303,14.09091,11.84848,7.212121,4.666667,18.39394
2015,1277,8.470588,23,11,0.471234,0.386124,0.632787,37.67647,17.11765,11.61765,5.323529,4.558824,18.55882
2015,1301,4.969697,20,13,0.437333,0.360791,0.683358,37.84848,11.60606,10.51515,3.969697,5.30303,17.63636
2015,1261,5.96875,22,10,0.456362,0.338858,0.688679,39.15625,15.6875,14.625,7.34375,6.1875,15.8125
2015,1208,4.15625,21,11,0.435146,0.343511,0.68875,38.03125,12.59375,12.75,5.59375,4.65625,18.40625
2015,1129,8.935484,23,8,0.453446,0.391304,0.727941,32.54839,11.70968,10.22581,5.967742,2.322581,17.22581
2015,1173,7.30303,25,8,0.462963,0.352066,0.681876,31.54545,13.81818,11.48485,6.969697,2.545455,15.90909
2015,1461,4.5,23,9,0.456949,0.322526,0.709091,29.78125,14.03125,11.1875,5.53125,2.875,13.90625
2015,1414,3.354839,19,12,0.448255,0.382524,0.683206,35.3871,13.80645,11.6129,5.612903,4.709677,17.25806
2015,1107,5.28125,24,8,0.439875,0.360146,0.760938,33.625,10.4375,11.6875,5.65625,1.625,16.5
2015,1125,3.612903,21,10,0.474184,0.378713,0.69009,33.29032,15.19355,13.74194,6.354839,1.967742,16.45161
2015,1248,1.064516,19,12,0.48926,0.414141,0.764933,30.29032,15.3871,10.93548,5.451613,2.580645,15.80645
2015,1181,15.0303,29,4,0.502128,0.385802,0.691391,37.33333,15.51515,11.24242,7.181818,3.757576,16
2015,1211,17.12121,31,2,0.518952,0.407986,0.689459,37.66667,16.21212,10.60606,6.060606,3.272727,17.15152
2015,1235,9.090909,25,8,0.480084,0.365576,0.696078,35.87879,16.18182,11.0303,6.333333,3.757576,15.51515
2015,1207,6.064516,21,10,0.454545,0.347409,0.701923,35.12903,13.16129,12.64516,7.741935,4.903226,20.19355
2015,1428,14.48387,23,8,0.479975,0.401681,0.70178,34.80645,14.06452,11.22581,5.806452,5.096774,16.96774
2015,1374,9.6875,26,6,0.482569,0.36,0.704577,36.375,15.5625,12.4375,6.78125,4.03125,16.28125
2015,1234,7.53125,21,11,0.426802,0.33211,0.745377,37.6875,14.375,11.28125,6.59375,4.6875,15.875
2015,1361,8.242424,25,8,0.418099,0.320826,0.629747,35.12121,10.42424,11.36364,6.666667,4.969697,14.48485
2015,1385,3.290323,20,11,0.439977,0.350649,0.690625,34.96774,12.35484,10.6129,7.483871,6.580645,17.54839
2015,1172,10.1,23,7,0.469933,0.392683,0.701923,35.7,17.13333,9.633333,5.433333,2.866667,18.7
2015,1417,3.969697,20,13,0.440581,0.363475,0.675714,37.9697,13.90909,11.87879,6.848485,3.727273,17.87879
2015,1372,13.46667,26,4,0.492736,0.381271,0.731812,34.36667,17.66667,13.83333,7.233333,3.366667,21.66667
2015,1186,5.096774,23,8,0.468179,0.396154,0.713841,33.87097,12.67742,11,6.290323,4.612903,18.16129
2015,1412,0.818182,18,15,0.428024,0.331502,0.739323,36.15152,14.15152,13.75758,6.575758,5.242424,17.87879
2015,1295,2.3,21,9,0.425532,0.378871,0.69395,33.6,9.433333,9.866667,4.533333,3.7,15.2
2015,1316,5.419355,20,11,0.455569,0.379747,0.72782,34.25806,13.41935,12.19355,6.096774,3.935484,16.58065
2015,1352,1.272727,19,14,0.446051,0.38018,0.714065,33.42424,12.24242,13.75758,8.545455,2.939394,18.54545
2015,1246,20.94118,34,0,0.468684,0.349716,0.722424,38.17647,14.70588,10.61765,6.558824,6.882353,17.02941
2015,1242,6.529412,26,8,0.439807,0.375,0.720149,37.94118,13.26471,12.79412,6.529412,5.029412,17.61765
2015,1323,13.17647,29,5,0.509984,0.392458,0.739826,32.76471,15.11765,9.382353,6.882353,3.558824,14.20588
2015,1268,6.242424,27,6,0.437685,0.372488,0.756972,35.06061,10.90909,12.0303,4.848485,4.212121,16.54545
2015,1452,7.09375,23,9,0.411646,0.318386,0.660401,36.78125,14.53125,13.0625,10.9375,2.84375,23.34375
2015,1139,8.375,22,10,0.438735,0.357977,0.679666,36.71875,11.5,11.375,6.375,2.9375,17.625
2015,1455,12.80645,27,4,0.443458,0.35906,0.691152,34.87097,13.64516,9.354839,7.064516,3.774194,16.6129
2015,1153,7.09375,22,10,0.452878,0.333333,0.673913,34.21875,11.875,12.78125,6.5625,5.4375,14.65625
2015,1345,5.484848,21,12,0.453363,0.334501,0.68484,36.30303,14.90909,13.09091,5.454545,5.333333,18.90909
2015,1231,6.060606,20,13,0.465803,0.403141,0.714739,35.9697,14.0303,11.48485,5.060606,3.181818,17.57576
2015,1400,7.545455,20,13,0.435926,0.339374,0.725341,39.69697,13.18182,12.72727,3.757576,7.878788,16.15152
2015,1138,6.71875,23,9,0.435037,0.340388,0.721662,38.4375,13.15625,11.28125,7.625,4.03125,18.40625
2015,1434,8.666667,25,5,0.450687,0.381308,0.687075,36.76667,12.36667,12.13333,5.633333,4.366667,16.63333
2015,1318,3.588235,23,11,0.485629,0.38835,0.725462,33.14706,14.26471,13.73529,5.323529,3.794118,14.23529
2015,1308,8.225806,21,10,0.463832,0.364322,0.707214,35.03226,11.77419,13.87097,6.322581,3.645161,16.12903
2015,1214,-0.84848,16,17,0.407688,0.304065,0.65212,37.09091,10.60606,14.21212,6.666667,4.090909,21.54545
2015,1264,2.375,19,13,0.434757,0.339837,0.694307,32,13.90625,14.5,8.09375,2.78125,22.90625
2015,1458,15.76471,31,3,0.479643,0.357466,0.763323,33.67647,12.70588,7.411765,4.529412,3.5,12.02941
2015,1112,17.82353,31,3,0.489488,0.359833,0.699085,37.23529,14.20588,11.20588,7.176471,3.588235,17.91176
2015,1124,8.8125,23,9,0.433994,0.382253,0.666667,38.53125,14.40625,12.375,8.03125,3.84375,16.71875
2015,1314,9.514286,24,11,0.47528,0.345041,0.699732,41.02857,17.74286,12.68571,6.657143,4.4,19.28571
2015,1116,7.882353,26,8,0.447432,0.350309,0.724227,35.76471,16.14706,11.73529,7.764706,4.764706,18.97059
2015,1462,5.911765,21,13,0.473262,0.349103,0.725105,34.82353,16.38235,12.08824,6.088235,2.852941,18.05882
2015,1433,6.971429,26,9,0.420039,0.341787,0.655527,35.42857,12.62857,10.65714,9.657143,4.314286,19.22857
2015,1332,4.030303,24,9,0.458739,0.367069,0.768696,35.63636,13.93939,11.66667,5.636364,4.242424,18.51515
2015,1329,3.633333,17,13,0.434585,0.346218,0.730832,31.6,11.3,12,7.766667,5,19.26667
2015,1326,13.42424,23,10,0.485684,0.371901,0.678354,35.84848,15.42424,11.30303,7.787879,5.090909,16.0303
2015,1140,8.90625,23,9,0.460317,0.384503,0.77,37.78125,16.25,11.5625,7.125,2.875,20.53125
2015,1279,5.125,20,12,0.425946,0.338235,0.778417,37.5625,12.8125,11.34375,6.59375,3.6875,19.5625
2015,1459,5.8125,26,6,0.454323,0.371269,0.689822,32,13.125,10.75,6.40625,2.5625,17.03125
2015,1217,4.962963,20,7,0.427443,0.341463,0.713235,34.11111,12.55556,11.55556,6.666667,4.518519,15.88889
2015,1209,8.1875,23,9,0.474912,0.318471,0.732523,32.59375,13.21875,10.6875,8.90625,4.25,18.4375
2015,1411,0.735294,22,12,0.443823,0.320285,0.661853,34.52941,10.88235,13.08824,6.147059,3.117647,17.35294
2015,1157,5.827586,20,9,0.438202,0.354015,0.70347,37.55172,11.24138,11.51724,6.310345,3.310345,16.82759
2016,1314,12.70588,28,6,0.478738,0.313894,0.737589,40.97059,18.11765,10.91176,6.882353,4.382353,17.91176
2016,1462,10.3125,27,5,0.452012,0.361607,0.730769,41,16.375,12.75,7.3125,3.0625,20.1875
2016,1452,12.58824,26,8,0.452195,0.328549,0.669841,39.17647,14.76471,14,9.941176,2.529412,23.38235
2016,1246,11.41176,26,8,0.478561,0.370487,0.683398,38.58824,14.41176,11,5.617647,5.647059,20.47059
2016,1231,13.375,25,7,0.501073,0.414698,0.723027,37.375,15.96875,13.65625,6.9375,3.96875,18.1875
2016,1323,5.125,21,11,0.471258,0.368917,0.735294,36.0625,13.46875,9.71875,5.59375,3.90625,15.5
2016,1458,4.3125,20,12,0.429634,0.357627,0.707493,34.90625,11.59375,10.96875,5.875,3.1875,16.9375
2016,1425,6.090909,21,12,0.457554,0.385185,0.678426,39.45455,14.87879,12.21212,6.333333,5.454545,17.45455
2016,1344,4.242424,23,10,0.421986,0.320988,0.727151,36.57576,15.90909,11.51515,6.636364,3.606061,16.90909
2016,1338,7.064516,20,11,0.459189,0.351351,0.757576,37.6129,16.77419,11.67742,5.032258,3.451613,17.48387
2016,1276,6.242424,21,12,0.464781,0.384154,0.739212,32.0303,14.9697,9.727273,5.424242,2.090909,15.66667
2016,1409,4.322581,20,11,0.443949,0.329268,0.677824,35.03226,13.70968,10.80645,6.806452,2.677419,17.70968
2016,1151,7.6875,27,5,0.450617,0.361027,0.73262,35.4375,13.96875,12.1875,7.34375,4.75,17.4375
2016,1392,10.26667,24,6,0.47681,0.375242,0.66899,38.33333,16.3,11.66667,5.9,4.6,16.23333
2016,1372,15.28571,23,5,0.486553,0.37479,0.743682,33.78571,18.35714,12.57143,8.357143,3.285714,20.92857
2016,1451,6.064516,23,8,0.473072,0.360465,0.677165,36.83871,13,13.74194,4.677419,3.322581,18.09677
2016,1192,-1.67742,17,14,0.456383,0.364668,0.698891,33.12903,14.09677,13,7.354839,2.516129,21.58065
2016,1195,2.724138,16,13,0.469575,0.345882,0.64511,39.41379,12.89655,12,6.137931,4.034483,19.62069
2016,1438,10.69697,26,7,0.487091,0.404908,0.753982,31.87879,14.33333,9.393939,5.484848,2.939394,16.36364
2016,1277,16.38235,29,5,0.483696,0.433566,0.730263,41.85294,20.55882,11.79412,4.411765,5.147059,19.08824
2016,1428,7.484848,25,8,0.483889,0.360465,0.716927,36.84848,15.27273,12.15152,5.272727,4.212121,15.66667
2016,1235,6.875,21,11,0.501508,0.380201,0.706114,36.0625,16.53125,11.5625,6.15625,4.21875,15.53125
2016,1345,13.14706,26,8,0.471717,0.368421,0.742446,40.82353,17.58824,11.94118,4.264706,4.647059,17.17647
2016,1371,7.060606,25,8,0.450181,0.352531,0.66582,40.0303,13.54545,13.84848,7.272727,4.666667,18.66667
2016,1173,7.375,25,7,0.459551,0.346774,0.672603,38.65625,14.6875,13.0625,5.90625,4.4375,19.0625
2016,1403,2.548387,19,12,0.447059,0.344294,0.745902,34.16129,13.03226,11.96774,5.870968,4.193548,18.48387
2016,1139,9.419355,21,10,0.465665,0.386643,0.731444,36.41935,14.35484,10.22581,6.774194,3.354839,19.90323
2016,1393,4.5,19,13,0.426503,0.360825,0.682889,35.53125,14.0625,12.125,8.09375,4.0625,16.5625
2016,1211,12.75,25,7,0.485374,0.376133,0.759819,39.375,13.875,11.34375,5,3,17.59375
2016,1114,9.935484,27,4,0.457008,0.387097,0.734463,32.90323,12.90323,10.22581,6.290323,3.064516,18.25806
2016,1233,5.9375,22,10,0.456086,0.372093,0.71248,36.90625,16.84375,12.78125,7.5625,4.125,19.4375
2016,1201,3.46875,23,9,0.430484,0.343003,0.695946,37.03125,13.0625,10.625,8.15625,3.71875,22.25
2016,1292,4.096774,22,9,0.448854,0.388715,0.607199,36.80645,13.03226,11.93548,6.258065,3.483871,20.45161
2016,1214,0.9,20,10,0.417975,0.308892,0.654194,41.3,12.26667,13.86667,5.233333,3.666667,20.46667
2016,1242,12.69697,29,4,0.48869,0.422047,0.706199,37.33333,15.45455,12.54545,6.757576,4,18.90909
2016,1437,13.26471,29,5,0.467459,0.343566,0.777108,35.61765,16.14706,11.11765,6.735294,3.411765,17.52941
2016,1274,8.8125,25,7,0.476651,0.365609,0.750712,34.75,12.8125,10.65625,6.0625,3.625,16.5625
2016,1143,8.090909,23,10,0.460925,0.368671,0.65641,39.9697,12.9697,12.21212,4.121212,4.818182,20.66667
2016,1268,9.125,24,8,0.485404,0.375758,0.76045,35.375,14.0625,12.84375,5.75,5.375,16.625
2016,1112,12.21212,25,8,0.48179,0.382562,0.722877,40.24242,14.51515,12.81818,4.909091,4.787879,18.21212
2016,1234,9.387097,21,10,0.450474,0.382309,0.719243,38.3871,16,10.41935,6.806452,4.83871,16.25806
2016,1160,4.75,21,11,0.421245,0.389338,0.736911,42.3125,13.46875,13.46875,5.1875,5.03125,18.71875
2016,1163,10.32353,24,10,0.459418,0.362121,0.786575,36.52941,13.85294,11.11765,5.705882,5.029412,18
2016,1396,1.21875,21,11,0.404701,0.339648,0.68431,36.75,13.53125,9.15625,5.34375,3.125,16.125
2016,1435,9.40625,19,13,0.46057,0.388489,0.699029,38.5625,14.9375,11.6875,4.3125,5.53125,19.125
2016,1455,13.70968,23,8,0.432869,0.328509,0.715758,37.48387,14.32258,9.83871,7.258065,3.580645,20.22581
2016,1355,7.032258,24,7,0.447398,0.361538,0.74234,37.51613,11.29032,11.74194,4.612903,2.129032,19.96774
2016,1218,10.8,25,5,0.459268,0.327869,0.686224,37.36667,15.63333,13.16667,7.733333,3.9,20.46667
2016,1138,0.666667,19,14,0.434251,0.335172,0.709402,38.81818,12.54545,13.81818,6.727273,3.484848,21.27273
2016,1421,5.451613,20,11,0.450365,0.32216,0.701058,37,12,13.16129,9.225806,3.225806,17.67742
2016,1122,-2.36364,16,17,0.459445,0.348639,0.670175,35.87879,12.87879,14.54545,6.909091,2.757576,17.63636
2016,1332,9.151515,27,6,0.463716,0.350531,0.714834,35.75758,13.63636,11.36364,7.606061,5.818182,18.0303
2016,1328,9.96875,25,7,0.458506,0.42602,0.727975,38.8125,14.53125,12.96875,6.90625,5.25,16.8125
2016,1401,10.38235,26,8,0.449405,0.350336,0.672848,38.88235,16.88235,11.79412,6.911765,3.764706,18.08824
2016,1181,9.393939,23,10,0.458925,0.386852,0.722222,36.33333,13.48485,9.878788,6.393939,4.181818,16.63636
2016,1124,6.6875,21,11,0.463283,0.373585,0.727273,36.78125,17.09375,12.8125,7.71875,3.96875,19.40625
2016,1400,3.28125,20,12,0.431619,0.338906,0.664828,34.53125,11.46875,10.375,5.15625,4.375,20.75
2016,1333,1.433333,18,12,0.43949,0.372727,0.680685,34.53333,13.36667,11.53333,7.333333,3.266667,20.23333
2016,1386,7.676471,27,7,0.454367,0.326923,0.712614,38.58824,15.11765,10.11765,5.147059,3.382353,16.02941
2016,1153,10.3125,22,10,0.427532,0.345221,0.703876,39.375,15.46875,11.0625,7.9375,5.8125,15.625
2016,1433,9.911765,24,10,0.450378,0.355908,0.690058,37.35294,14.35294,11.44118,8.794118,3.823529,19.55882
2016,1320,4.636364,21,12,0.454331,0.371866,0.754039,29.69697,11.84848,9.69697,5.787879,2.636364,15.33333
2016,1463,10.96296,21,6,0.467284,0.371245,0.666667,40.2963,15.07407,13.48148,5.592593,4.518519,17.96296
2016,1423,6.366667,23,7,0.455041,0.340946,0.703647,37.23333,13.23333,11.43333,6.9,4.166667,23.86667
2016,1453,2.69697,21,12,0.44429,0.350299,0.657143,38.60606,13.87879,12.09091,9.272727,4.606061,19.81818
2016,1167,8.482759,21,8,0.446492,0.345815,0.651235,38,14.96552,12.41379,7.724138,5.068966,21.48276
2016,1221,-4.33333,14,19,0.412885,0.327323,0.692547,30.12121,13.90909,10.9697,6.454545,2.515152,16.81818
2016,1380,1.870968,19,12,0.435998,0.344697,0.67341,35.41935,10.32258,11.32258,7.354839,3.322581,19.74194