Id,Pred,Wteam,Lteam,Year
2016_1112_1114,0.5,1112,1114,2016
2016_1112_1122,0.5,1112,1122,2016
2016_1112_1124,0.5,1112,1124,2016
2016_1112_1138,0.5,1112,1138,2016
2016_1112_1139,0.5,1112,1139,2016
2016_1112_1143,0.5,1112,1143,2016
2016_1112_1151,0.5,1112,1151,2016
2016_1112_1153,0.5,1112,1153,2016
2016_1112_1160,0.5,1112,1160,2016
2016_1112_1163,0.5,1112,1163,2016
2016_1112_1167,0.5,1112,1167,2016
2016_1112_1173,0.5,1112,1173,2016
2016_1112_1181,0.5,1112,1181,2016
2016_1112_1192,0.5,1112,1192,2016
2016_1112_1195,0.5,1112,1195,2016
2016_1112_1201,0.5,1112,1201,2016
2016_1112_1211,0.5,1112,1211,2016
2016_1112_1214,0.5,1112,1214,2016
2016_1112_1218,0.5,1112,1218,2016
2016_1112_1221,0.5,1112,1221,2016
2016_1112_1231,0.5,1112,1231,2016
2016_1112_1233,0.5,1112,1233,2016
2016_1112_1234,0.5,1112,1234,2016
2016_1112_1235,0.5,1112,1235,2016
2016_1112_1242,0.5,1112,1242,2016
2016_1112_1246,0.5,1112,1246,2016
2016_1112_1268,0.5,1112,1268,2016
2016_1112_1274,0.5,1112,1274,2016
2016_1112_1276,0.5,1112,1276,2016
2016_1112_1277,0.5,1112,1277,2016
2016_1112_1292,0.5,1112,1292,2016
2016_1112_1314,0.5,1112,1314,2016
2016_1112_1320,0.5,1112,1320,2016
2016_1112_1323,0.5,1112,1323,2016
2016_1112_1328,0.5,1112,1328,2016
2016_1112_1332,0.5,1112,1332,2016
2016_1112_1333,0.5,1112,1333,2016
2016_1112_1338,0.5,1112,1338,2016
2016_1112_1344,0.5,1112,1344,2016
2016_1112_1345,0.5,1112,1345,2016
2016_1112_1355,0.5,1112,1355,2016
2016_1112_1371,0.5,1112,1371,2016
2016_1112_1372,0.5,1112,1372,2016
2016_1112_1380,0.5,1112,1380,2016
2016_1112_1386,0.5,1112,1386,2016
2016_1112_1392,0.5,1112,1392,2016
2016_1112_1393,0.5,1112,1393,2016
2016_1112_1396,0.5,1112,1396,2016
2016_1112_1400,0.5,1112,1400,2016
2016_1112_1401,0.5,1112,1401,2016
2016_1112_1403,0.5,1112,1403,2016
2016_1112_1409,0.5,1112,1409,2016
2016_1112_1421,0.5,1112,1421,2016
2016_1112_1423,0.5,1112,1423,2016
2016_1112_1425,0.5,1112,1425,2016
2016_1112_1428,0.5,1112,1428,2016
2016_1112_1433,0.5,1112,1433,2016
2016_1112_1435,0.5,1112,1435,2016
2016_1112_1437,0.5,1112,1437,2016
2016_1112_1438,0.5,1112,1438,2016
2016_1112_1451,0.5,1112,1451,2016
2016_1112_1452,0.5,1112,1452,2016
2016_1112_1453,0.5,1112,1453,2016
2016_1112_1455,0.5,1112,1455,2016
2016_1112_1458,0.5,1112,1458,2016
2016_1112_1462,0.5,1112,1462,2016
2016_1112_1463,0.5,1112,1463,2016
2016_1114_1122,0.5,1114,1122,2016
2016_1114_1124,0.5,1114,1124,2016
2016_1114_1138,0.5,1114,1138,2016
2016_1114_1139,0.5,1114,1139,2016
2016_1114_1143,0.5,1114,1143,2016
2016_1114_1151,0.5,1114,1151,2016
2016_1114_1153,0.5,1114,1153,2016
2016_1114_1160,0.5,1114,1160,2016
2016_1114_1163,0.5,1114,1163,2016
2016_1114_1167,0.5,1114,1167,2016
2016_1114_1173,0.5,1114,1173,2016
2016_1114_1181,0.5,1114,1181,2016
2016_1114_1192,0.5,1114,1192,2016
2016_1114_1195,0.5,1114,1195,2016
2016_1114_1201,0.5,1114,1201,2016
2016_1114_1211,0.5,1114,1211,2016
2016_1114_1214,0.5,1114,1214,2016
2016_1114_1218,0.5,1114,1218,2016
2016_1114_1221,0.5,1114,1221,2016
2016_1114_1231,0.5,1114,1231,2016
2016_1114_1233,0.5,1114,1233,2016
2016_1114_1234,0.5,1114,1234,2016
2016_1114_1235,0.5,1114,1235,2016
2016_1114_1242,0.5,1114,1242,2016
2016_1114_1246,0.5,1114,1246,2016
2016_1114_1268,0.5,1114,1268,2016
2016_1114_1274,0.5,1114,1274,2016
2016_1114_1276,0.5,1114,1276,2016
2016_1114_1277,0.5,1114,1277,2016
2016_1114_1292,0.5,1114,1292,2016
2016_1114_1314,0.5,1114,1314,2016
2016_1114_1320,0.5,1114,1320,2016
2016_1114_1323,0.5,1114,1323,2016
2016_1114_1328,0.5,1114,1328,2016
2016_1114_1332,0.5,1114,1332,2016
2016_1114_1333,0.5,1114,1333,2016
2016_1114_1338,0.5,1114,1338,2016
2016_1114_1344,0.5,1114,1344,2016
2016_1114_1345,0.5,1114,1345,2016
2016_1114_1355,0.5,1114,1355,2016
2016_1114_1371,0.5,1114,1371,2016
2016_1114_1372,0.5,1114,1372,2016
2016_1114_1380,0.5,1114,1380,2016
2016_1114_1386,0.5,1114,1386,2016
2016_1114_1392,0.5,1114,1392,2016
2016_1114_1393,0.5,1114,1393,2016
2016_1114_1396,0.5,1114,1396,2016
2016_1114_1400,0.5,1114,1400,2016
2016_1114_1401,0.5,1114,1401,2016
2016_1114_1403,0.5,1114,1403,2016
2016_1114_1409,0.5,1114,1409,2016
2016_1114_1421,0.5,1114,1421,2016
2016_1114_1423,0.5,1114,1423,2016
2016_1114_1425,0.5,1114,1425,2016
2016_1114_1428,0.5,1114,1428,2016
2016_1114_1433,0.5,1114,1433,2016
2016_1114_1435,0.5,1114,1435,2016
2016_1114_1437,0.5,1114,1437,2016
2016_1114_1438,0.5,1114,1438,2016
2016_1114_1451,0.5,1114,1451,2016
2016_1114_1452,0.5,1114,1452,2016
2016_1114_1453,0.5,1114,1453,2016
2016_1114_1455,0.5,1114,1455,2016
2016_1114_1458,0.5,1114,1458,2016
2016_1114_1462,0.5,1114,1462,2016
2016_1114_1463,0.5,1114,1463,2016
2016_1122_1124,0.5,1122,1124,2016
2016_1122_1138,0.5,1122,1138,2016
2016_1122_1139,0.5,1122,1139,2016
2016_1122_1143,0.5,1122,1143,2016
2016_1122_1151,0.5,1122,1151,2016
2016_1122_1153,0.5,1122,1153,2016
2016_1122_1160,0.5,1122,1160,2016
2016_1122_1163,0.5,1122,1163,2016
2016_1122_1167,0.5,1122,1167,2016
2016_1122_1173,0.5,1122,1173,2016
2016_1122_1181,0.5,1122,1181,2016
2016_1122_1192,0.5,1122,1192,2016
2016_1122_1195,0.5,1122,1195,2016
2016_1122_1201,0.5,1122,1201,2016
2016_1122_1211,0.5,1122,1211,2016
2016_1122_1214,0.5,1122,1214,2016
2016_1122_1218,0.5,1122,1218,2016
2016_1122_1221,0.5,1122,1221,2016
2016_1122_1231,0.5,1122,1231,2016
2016_1122_1233,0.5,1122,1233,2016
2016_1122_1234,0.5,1122,1234,2016
2016_1122_1235,0.5,1122,1235,2016
2016_1122_1242,0.5,1122,1242,2016
2016_1122_1246,0.5,1122,1246,2016
2016_1122_1268,0.5,1122,1268,2016
2016_1122_1274,0.5,1122,1274,2016
2016_1122_1276,0.5,1122,1276,2016
2016_1122_1277,0.5,1122,1277,2016
2016_1122_1292,0.5,1122,1292,2016
2016_1122_1314,0.5,1122,1314,2016
2016_1122_1320,0.5,1122,1320,2016
2016_1122_1323,0.5,1122,1323,2016
2016_1122_1328,0.5,1122,1328,2016
2016_1122_1332,0.5,1122,1332,2016
2016_1122_1333,0.5,1122,1333,2016
2016_1122_1338,0.5,1122,1338,2016
2016_1122_1344,0.5,1122,1344,2016
2016_1122_1345,0.5,1122,1345,2016
2016_1122_1355,0.5,1122,1355,2016
2016_1122_1371,0.5,1122,1371,2016
2016_1122_1372,0.5,1122,1372,2016
2016_1122_1380,0.5,1122,1380,2016
2016_1122_1386,0.5,1122,1386,2016
2016_1122_1392,0.5,1122,1392,2016
2016_1122_1393,0.5,1122,1393,2016
2016_1122_1396,0.5,1122,1396,2016
2016_1122_1400,0.5,1122,1400,2016
2016_1122_1401,0.5,1122,1401,2016
2016_1122_1403,0.5,1122,1403,2016
2016_1122_1409,0.5,1122,1409,2016
2016_1122_1421,0.5,1122,1421,2016
2016_1122_1423,0.5,1122,1423,2016
2016_1122_1425,0.5,1122,1425,2016
2016_1122_1428,0.5,1122,1428,2016
2016_1122_1433,0.5,1122,1433,2016
2016_1122_1435,0.5,1122,1435,2016
2016_1122_1437,0.5,1122,1437,2016
2016_1122_1438,0.5,1122,1438,2016
2016_1122_1451,0.5,1122,1451,2016
2016_1122_1452,0.5,1122,1452,2016
2016_1122_1453,0.5,1122,1453,2016
2016_1122_1455,0.5,1122,1455,2016
2016_1122_1458,0.5,1122,1458,2016
2016_1122_1462,0.5,1122,1462,2016
2016_1122_1463,0.5,1122,1463,2016
2016_1124_1138,0.5,1124,1138,2016
2016_1124_1139,0.5,1124,1139,2016
2016_1124_1143,0.5,1124,1143,2016
2016_1124_1151,0.5,1124,1151,2016
2016_1124_1153,0.5,1124,1153,2016
2016_1124_1160,0.5,1124,1160,2016
2016_1124_1163,0.5,1124,1163,2016
2016_1124_1167,0.5,1124,1167,2016
2016_1124_1173,0.5,1124,1173,2016
2016_1124_1181,0.5,1124,1181,2016
2016_1124_1192,0.5,1124,1192,2016
2016_1124_1195,0.5,1124,1195,2016
2016_1124_1201,0.5,1124,1201,2016
2016_1124_1211,0.5,1124,1211,2016
2016_1124_1214,0.5,1124,1214,2016
2016_1124_1218,0.5,1124,1218,2016
2016_1124_1221,0.5,1124,1221,2016
2016_1124_1231,0.5,1124,1231,2016
2016_1124_1233,0.5,1124,1233,2016
2016_1124_1234,0.5,1124,1234,2016
2016_1124_1235,0.5,1124,1235,2016
2016_1124_1242,0.5,1124,1242,2016
2016_1124_1246,0.5,1124,1246,2016
2016_1124_1268,0.5,1124,1268,2016
2016_1124_1274,0.5,1124,1274,2016
2016_1124_1276,0.5,1124,1276,2016
2016_1124_1277,0.5,1124,1277,2016
2016_1124_1292,0.5,1124,1292,2016
2016_1124_1314,0.5,1124,1314,2016
2016_1124_1320,0.5,1124,1320,2016
2016_1124_1323,0.5,1124,1323,2016
2016_1124_1328,0.5,1124,1328,2016
2016_1124_1332,0.5,1124,1332,2016
2016_1124_1333,0.5,1124,1333,2016
2016_1124_1338,0.5,1124,1338,2016
2016_1124_1344,0.5,1124,1344,2016
2016_1124_1345,0.5,1124,1345,2016
2016_1124_1355,0.5,1124,1355,2016
2016_1124_1371,0.5,1124,1371,2016
2016_1124_1372,0.5,1124,1372,2016
2016_1124_1380,0.5,1124,1380,2016
2016_1124_1386,0.5,1124,1386,2016
2016_1124_1392,0.5,1124,1392,2016
2016_1124_1393,0.5,1124,1393,2016
2016_1124_1396,0.5,1124,1396,2016
2016_1124_1400,0.5,1124,1400,2016
2016_1124_1401,0.5,1124,1401,2016
2016_1124_1403,0.5,1124,1403,2016
2016_1124_1409,0.5,1124,1409,2016
2016_1124_1421,0.5,1124,1421,2016
2016_1124_1423,0.5,1124,1423,2016
2016_1124_1425,0.5,1124,1425,2016
2016_1124_1428,0.5,1124,1428,2016
2016_1124_1433,0.5,1124,1433,2016
2016_1124_1435,0.5,1124,1435,2016
2016_1124_1437,0.5,1124,1437,2016
2016_1124_1438,0.5,1124,1438,2016
2016_1124_1451,0.5,1124,1451,2016
2016_1124_1452,0.5,1124,1452,2016
2016_1124_1453,0.5,1124,1453,2016
2016_1124_1455,0.5,1124,1455,2016
2016_1124_1458,0.5,1124,1458,2016
2016_1124_1462,0.5,1124,1462,2016
2016_1124_1463,0.5,1124,1463,2016
2016_1138_1139,0.5,1138,1139,2016
2016_1138_1143,0.5,1138,1143,2016
2016_1138_1151,0.5,1138,1151,2016
2016_1138_1153,0.5,1138,1153,2016
2016_1138_1160,0.5,1138,1160,2016
2016_1138_1163,0.5,1138,1163,2016
2016_1138_1167,0.5,1138,1167,2016
2016_1138_1173,0.5,1138,1173,2016
2016_1138_1181,0.5,1138,1181,2016
2016_1138_1192,0.5,1138,1192,2016
2016_1138_1195,0.5,1138,1195,2016
2016_1138_1201,0.5,1138,1201,2016
2016_1138_1211,0.5,1138,1211,2016
2016_1138_1214,0.5,1138,1214,2016
2016_1138_1218,0.5,1138,1218,2016
2016_1138_1221,0.5,1138,1221,2016
2016_1138_1231,0.5,1138,1231,2016
2016_1138_1233,0.5,1138,1233,2016
2016_1138_1234,0.5,1138,1234,2016
2016_1138_1235,0.5,1138,1235,2016
2016_1138_1242,0.5,1138,1242,2016
2016_1138_1246,0.5,1138,1246,2016
2016_1138_1268,0.5,1138,1268,2016
2016_1138_1274,0.5,1138,1274,2016
2016_1138_1276,0.5,1138,1276,2016
2016_1138_1277,0.5,1138,1277,2016
2016_1138_1292,0.5,1138,1292,2016
2016_1138_1314,0.5,1138,1314,2016
2016_1138_1320,0.5,1138,1320,2016
2016_1138_1323,0.5,1138,1323,2016
2016_1138_1328,0.5,1138,1328,2016
2016_1138_1332,0.5,1138,1332,2016
2016_1138_1333,0.5,1138,1333,2016
2016_1138_1338,0.5,1138,1338,2016
2016_1138_1344,0.5,1138,1344,2016
2016_1138_1345,0.5,1138,1345,2016
2016_1138_1355,0.5,1138,1355,2016
2016_1138_1371,0.5,1138,1371,2016
2016_1138_1372,0.5,1138,1372,2016
2016_1138_1380,0.5,1138,1380,2016
2016_1138_1386,0.5,1138,1386,2016
2016_1138_1392,0.5,1138,1392,2016
2016_1138_1393,0.5,1138,1393,2016
2016_1138_1396,0.5,1138,1396,2016
2016_1138_1400,0.5,1138,1400,2016
2016_1138_1401,0.5,1138,1401,2016
2016_1138_1403,0.5,1138,1403,2016
2016_1138_1409,0.5,1138,1409,2016
2016_1138_1421,0.5,1138,1421,2016
2016_1138_1423,0.5,1138,1423,2016
2016_1138_1425,0.5,1138,1425,2016
2016_1138_1428,0.5,1138,1428,2016
2016_1138_1433,0.5,1138,1433,2016
2016_1138_1435,0.5,1138,1435,2016
2016_1138_1437,0.5,1138,1437,2016
2016_1138_1438,0.5,1138,1438,2016
2016_1138_1451,0.5,1138,1451,2016
2016_1138_1452,0.5,1138,1452,2016
2016_1138_1453,0.5,1138,1453,2016
2016_1138_1455,0.5,1138,1455,2016
2016_1138_1458,0.5,1138,1458,2016
2016_1138_1462,0.5,1138,1462,2016
2016_1138_1463,0.5,1138,1463,2016
2016_1139_1143,0.5,1139,1143,2016
2016_1139_1151,0.5,1139,1151,2016
2016_1139_1153,0.5,1139,1153,2016
2016_1139_1160,0.5,1139,1160,2016
2016_1139_1163,0.5,1139,1163,2016
2016_1139_1167,0.5,1139,1167,2016
2016_1139_1173,0.5,1139,1173,2016
2016_1139_1181,0.5,1139,1181,2016
2016_1139_1192,0.5,1139,1192,2016
2016_1139_1195,0.5,1139,1195,2016
2016_1139_1201,0.5,1139,1201,2016
2016_1139_1211,0.5,1139,1211,2016
2016_1139_1214,0.5,1139,1214,2016
2016_1139_1218,0.5,1139,1218,2016
2016_1139_1221,0.5,1139,1221,2016
2016_1139_1231,0.5,1139,1231,2016
2016_1139_1233,0.5,1139,1233,2016
2016_1139_1234,0.5,1139,1234,2016
2016_1139_1235,0.5,1139,1235,2016
2016_1139_1242,0.5,1139,1242,2016
2016_1139_1246,0.5,1139,1246,2016
2016_1139_1268,0.5,1139,1268,2016
2016_1139_1274,0.5,1139,1274,2016
2016_1139_1276,0.5,1139,1276,2016
2016_1139_1277,0.5,1139,1277,2016
2016_1139_1292,0.5,1139,1292,2016
2016_1139_1314,0.5,1139,1314,2016
2016_1139_1320,0.5,1139,1320,2016
2016_1139_1323,0.5,1139,1323,2016
2016_1139_1328,0.5,1139,1328,2016
2016_1139_1332,0.5,1139,1332,2016
2016_1139_1333,0.5,1139,1333,2016
2016_1139_1338,0.5,1139,1338,2016
2016_1139_1344,0.5,1139,1344,2016
2016_1139_1345,0.5,1139,1345,2016
2016_1139_1355,0.5,1139,1355,2016
2016_1139_1371,0.5,1139,1371,2016
2016_1139_1372,0.5,1139,1372,2016
2016_1139_1380,0.5,1139,1380,2016
2016_1139_1386,0.5,1139,1386,2016
2016_1139_1392,0.5,1139,1392,2016
2016_1139_1393,0.5,1139,1393,2016
2016_1139_1396,0.5,1139,1396,2016
2016_1139_1400,0.5,1139,1400,2016
2016_1139_1401,0.5,1139,1401,2016
2016_1139_1403,0.5,1139,1403,2016
2016_1139_1409,0.5,1139,1409,2016
2016_1139_1421,0.5,1139,1421,2016
2016_1139_1423,0.5,1139,1423,2016
2016_1139_1425,0.5,1139,1425,2016
2016_1139_1428,0.5,1139,1428,2016
2016_1139_1433,0.5,1139,1433,2016
2016_1139_1435,0.5,1139,1435,2016
2016_1139_1437,0.5,1139,1437,2016
2016_1139_1438,0.5,1139,1438,2016
2016_1139_1451,0.5,1139,1451,2016
2016_1139_1452,0.5,1139,1452,2016
2016_1139_1453,0.5,1139,1453,2016
2016_1139_1455,0.5,1139,1455,2016
2016_1139_1458,0.5,1139,1458,2016
2016_1139_1462,0.5,1139,1462,2016
2016_1139_1463,0.5,1139,1463,2016
2016_1143_1151,0.5,1143,1151,2016
2016_1143_1153,0.5,1143,1153,2016
2016_1143_1160,0.5,1143,1160,2016
2016_1143_1163,0.5,1143,1163,2016
2016_1143_1167,0.5,1143,1167,2016
2016_1143_1173,0.5,1143,1173,2016
2016_1143_1181,0.5,1143,1181,2016
2016_1143_1192,0.5,1143,1192,2016
2016_1143_1195,0.5,1143,1195,2016
2016_1143_1201,0.5,1143,1201,2016
2016_1143_1211,0.5,1143,1211,2016
2016_1143_1214,0.5,1143,1214,2016
2016_1143_1218,0.5,1143,1218,2016
2016_1143_1221,0.5,1143,1221,2016
2016_1143_1231,0.5,1143,1231,2016
2016_1143_1233,0.5,1143,1233,2016
2016_1143_1234,0.5,1143,1234,2016
2016_1143_1235,0.5,1143,1235,2016
2016_1143_1242,0.5,1143,1242,2016
2016_1143_1246,0.5,1143,1246,2016
2016_1143_1268,0.5,1143,1268,2016
2016_1143_1274,0.5,1143,1274,2016
2016_1143_1276,0.5,1143,1276,2016
2016_1143_1277,0.5,1143,1277,2016
2016_1143_1292,0.5,1143,1292,2016
2016_1143_1314,0.5,1143,1314,2016
2016_1143_1320,0.5,1143,1320,2016
2016_1143_1323,0.5,1143,1323,2016
2016_1143_1328,0.5,1143,1328,2016
2016_1143_1332,0.5,1143,1332,2016
2016_1143_1333,0.5,1143,1333,2016
2016_1143_1338,0.5,1143,1338,2016
2016_1143_1344,0.5,1143,1344,2016
2016_1143_1345,0.5,1143,1345,2016
2016_1143_1355,0.5,1143,1355,2016
2016_1143_1371,0.5,1143,1371,2016
2016_1143_1372,0.5,1143,1372,2016
2016_1143_1380,0.5,1143,1380,2016
2016_1143_1386,0.5,1143,1386,2016
2016_1143_1392,0.5,1143,1392,2016
2016_1143_1393,0.5,1143,1393,2016
2016_1143_1396,0.5,1143,1396,2016
2016_1143_1400,0.5,1143,1400,2016
2016_1143_1401,0.5,1143,1401,2016
2016_1143_1403,0.5,1143,1403,2016
2016_1143_1409,0.5,1143,1409,2016
2016_1143_1421,0.5,1143,1421,2016
2016_1143_1423,0.5,1143,1423,2016
2016_1143_1425,0.5,1143,1425,2016
2016_1143_1428,0.5,1143,1428,2016
2016_1143_1433,0.5,1143,1433,2016
2016_1143_1435,0.5,1143,1435,2016
2016_1143_1437,0.5,1143,1437,2016
2016_1143_1438,0.5,1143,1438,2016
2016_1143_1451,0.5,1143,1451,2016
2016_1143_1452,0.5,1143,1452,2016
2016_1143_1453,0.5,1143,1453,2016
2016_1143_1455,0.5,1143,1455,2016
2016_1143_1458,0.5,1143,1458,2016
2016_1143_1462,0.5,1143,1462,2016
2016_1143_1463,0.5,1143,1463,2016
2016_1151_1153,0.5,1151,1153,2016
2016_1151_1160,0.5,1151,1160,2016
2016_1151_1163,0.5,1151,1163,2016
2016_1151_1167,0.5,1151,1167,2016
2016_1151_1173,0.5,1151,1173,2016
2016_1151_1181,0.5,1151,1181,2016
2016_1151_1192,0.5,1151,1192,2016
2016_1151_1195,0.5,1151,1195,2016
2016_1151_1201,0.5,1151,1201,2016
2016_1151_1211,0.5,1151,1211,2016
2016_1151_1214,0.5,1151,1214,2016
2016_1151_1218,0.5,1151,1218,2016
2016_1151_1221,0.5,1151,1221,2016
2016_1151_1231,0.5,1151,1231,2016
2016_1151_1233,0.5,1151,1233,2016
2016_1151_1234,0.5,1151,1234,2016
2016_1151_1235,0.5,1151,1235,2016
2016_1151_1242,0.5,1151,1242,2016
2016_1151_1246,0.5,1151,1246,2016
2016_1151_1268,0.5,1151,1268,2016
2016_1151_1274,0.5,1151,1274,2016
2016_1151_1276,0.5,1151,1276,2016
2016_1151_1277,0.5,1151,1277,2016
2016_1151_1292,0.5,1151,1292,2016
2016_1151_1314,0.5,1151,1314,2016
2016_1151_1320,0.5,1151,1320,2016
2016_1151_1323,0.5,1151,1323,2016
2016_1151_1328,0.5,1151,1328,2016
2016_1151_1332,0.5,1151,1332,2016
2016_1151_1333,0.5,1151,1333,2016
2016_1151_1338,0.5,1151,1338,2016
2016_1151_1344,0.5,1151,1344,2016
2016_1151_1345,0.5,1151,1345,2016
2016_1151_1355,0.5,1151,1355,2016
2016_1151_1371,0.5,1151,1371,2016
2016_1151_1372,0.5,1151,1372,2016
2016_1151_1380,0.5,1151,1380,2016
2016_1151_1386,0.5,1151,1386,2016
2016_1151_1392,0.5,1151,1392,2016
2016_1151_1393,0.5,1151,1393,2016
2016_1151_1396,0.5,1151,1396,2016
2016_1151_1400,0.5,1151,1400,2016
2016_1151_1401,0.5,1151,1401,2016
2016_1151_1403,0.5,1151,1403,2016
2016_1151_1409,0.5,1151,1409,2016
2016_1151_1421,0.5,1151,1421,2016
2016_1151_1423,0.5,1151,1423,2016
2016_1151_1425,0.5,1151,1425,2016
2016_1151_1428,0.5,1151,1428,2016
2016_1151_1433,0.5,1151,1433,2016
2016_1151_1435,0.5,1151,1435,2016
2016_1151_1437,0.5,1151,1437,2016
2016_1151_1438,0.5,1151,1438,2016
2016_1151_1451,0.5,1151,1451,2016
2016_1151_1452,0.5,1151,1452,2016
2016_1151_1453,0.5,1151,1453,2016
2016_1151_1455,0.5,1151,1455,2016
2016_1151_1458,0.5,1151,1458,2016
2016_1151_1462,0.5,1151,1462,2016
2016_1151_1463,0.5,1151,1463,2016
2016_1153_1160,0.5,1153,1160,2016
2016_1153_1163,0.5,1153,1163,2016
2016_1153_1167,0.5,1153,1167,2016
2016_1153_1173,0.5,1153,1173,2016
2016_1153_1181,0.5,1153,1181,2016
2016_1153_1192,0.5,1153,1192,2016
2016_1153_1195,0.5,1153,1195,2016
2016_1153_1201,0.5,1153,1201,2016
2016_1153_1211,0.5,1153,1211,2016
2016_1153_1214,0.5,1153,1214,2016
2016_1153_1218,0.5,1153,1218,2016
2016_1153_1221,0.5,1153,1221,2016
2016_1153_1231,0.5,1153,1231,2016
2016_1153_1233,0.5,1153,1233,2016
2016_1153_1234,0.5,1153,1234,2016
2016_1153_1235,0.5,1153,1235,2016
2016_1153_1242,0.5,1153,1242,2016
2016_1153_1246,0.5,1153,1246,2016
2016_1153_1268,0.5,1153,1268,2016
2016_1153_1274,0.5,1153,1274,2016
2016_1153_1276,0.5,1153,1276,2016
2016_1153_1277,0.5,1153,1277,2016
2016_1153_1292,0.5,1153,1292,2016
2016_1153_1314,0.5,1153,1314,2016
2016_1153_1320,0.5,1153,1320,2016
2016_1153_1323,0.5,1153,1323,2016
2016_1153_1328,0.5,1153,1328,2016
2016_1153_1332,0.5,1153,1332,2016
2016_1153_1333,0.5,1153,1333,2016
2016_1153_1338,0.5,1153,1338,2016
2016_1153_1344,0.5,1153,1344,2016
2016_1153_1345,0.5,1153,1345,2016
2016_1153_1355,0.5,1153,1355,2016
2016_1153_1371,0.5,1153,1371,2016
2016_1153_1372,0.5,1153,1372,2016
2016_1153_1380,0.5,1153,1380,2016
2016_1153_1386,0.5,1153,1386,2016
2016_1153_1392,0.5,1153,1392,2016
2016_1153_1393,0.5,1153,1393,2016
2016_1153_1396,0.5,1153,1396,2016
2016_1153_1400,0.5,1153,1400,2016
2016_1153_1401,0.5,1153,1401,2016
2016_1153_1403,0.5,1153,1403,2016
2016_1153_1409,0.5,1153,1409,2016
2016_1153_1421,0.5,1153,1421,2016
2016_1153_1423,0.5,1153,1423,2016
2016_1153_1425,0.5,1153,1425,2016
2016_1153_1428,0.5,1153,1428,2016
2016_1153_1433,0.5,1153,1433,2016
2016_1153_1435,0.5,1153,1435,2016
2016_1153_1437,0.5,1153,1437,2016
2016_1153_1438,0.5,1153,1438,2016
2016_1153_1451,0.5,1153,1451,2016
2016_1153_1452,0.5,1153,1452,2016
2016_1153_1453,0.5,1153,1453,2016
2016_1153_1455,0.5,1153,1455,2016
2016_1153_1458,0.5,1153,1458,2016
2016_1153_1462,0.5,1153,1462,2016
2016_1153_1463,0.5,1153,1463,2016
2016_1160_1163,0.5,1160,1163,2016
2016_1160_1167,0.5,1160,1167,2016
2016_1160_1173,0.5,1160,1173,2016
2016_1160_1181,0.5,1160,1181,2016
2016_1160_1192,0.5,1160,1192,2016
2016_1160_1195,0.5,1160,1195,2016
2016_1160_1201,0.5,1160,1201,2016
2016_1160_1211,0.5,1160,1211,2016
2016_1160_1214,0.5,1160,1214,2016
2016_1160_1218,0.5,1160,1218,2016
2016_1160_1221,0.5,1160,1221,2016
2016_1160_1231,0.5,1160,1231,2016
2016_1160_1233,0.5,1160,1233,2016
2016_1160_1234,0.5,1160,1234,2016
2016_1160_1235,0.5,1160,1235,2016
2016_1160_1242,0.5,1160,1242,2016
2016_1160_1246,0.5,1160,1246,2016
2016_1160_1268,0.5,1160,1268,2016
2016_1160_1274,0.5,1160,1274,2016
2016_1160_1276,0.5,1160,1276,2016
2016_1160_1277,0.5,1160,1277,2016
2016_1160_1292,0.5,1160,1292,2016
2016_1160_1314,0.5,1160,1314,2016
2016_1160_1320,0.5,1160,1320,2016
2016_1160_1323,0.5,1160,1323,2016
2016_1160_1328,0.5,1160,1328,2016
2016_1160_1332,0.5,1160,1332,2016
2016_1160_1333,0.5,1160,1333,2016
2016_1160_1338,0.5,1160,1338,2016
2016_1160_1344,0.5,1160,1344,2016
2016_1160_1345,0.5,1160,1345,2016
2016_1160_1355,0.5,1160,1355,2016
2016_1160_1371,0.5,1160,1371,2016
2016_1160_1372,0.5,1160,1372,2016
2016_1160_1380,0.5,1160,1380,2016
2016_1160_1386,0.5,1160,1386,2016
2016_1160_1392,0.5,1160,1392,2016
2016_1160_1393,0.5,1160,1393,2016
2016_1160_1396,0.5,1160,1396,2016
2016_1160_1400,0.5,1160,1400,2016
2016_1160_1401,0.5,1160,1401,2016
2016_1160_1403,0.5,1160,1403,2016
2016_1160_1409,0.5,1160,1409,2016
2016_1160_1421,0.5,1160,1421,2016
2016_1160_1423,0.5,1160,1423,2016
2016_1160_1425,0.5,1160,1425,2016
2016_1160_1428,0.5,1160,1428,2016
2016_1160_1433,0.5,1160,1433,2016
2016_1160_1435,0.5,1160,1435,2016
2016_1160_1437,0.5,1160,1437,2016
2016_1160_1438,0.5,1160,1438,2016
2016_1160_1451,0.5,1160,1451,2016
2016_1160_1452,0.5,1160,1452,2016
2016_1160_1453,0.5,1160,1453,2016
2016_1160_1455,0.5,1160,1455,2016
2016_1160_1458,0.5,1160,1458,2016
2016_1160_1462,0.5,1160,1462,2016
2016_1160_1463,0.5,1160,1463,2016
2016_1163_1167,0.5,1163,1167,2016
2016_1163_1173,0.5,1163,1173,2016
2016_1163_1181,0.5,1163,1181,2016
2016_1163_1192,0.5,1163,1192,2016
2016_1163_1195,0.5,1163,1195,2016
2016_1163_1201,0.5,1163,1201,2016
2016_1163_1211,0.5,1163,1211,2016
2016_1163_1214,0.5,1163,1214,2016
2016_1163_1218,0.5,1163,1218,2016
2016_1163_1221,0.5,1163,1221,2016
2016_1163_1231,0.5,1163,1231,2016
2016_1163_1233,0.5,1163,1233,2016
2016_1163_1234,0.5,1163,1234,2016
2016_1163_1235,0.5,1163,1235,2016
2016_1163_1242,0.5,1163,1242,2016
2016_1163_1246,0.5,1163,1246,2016
2016_1163_1268,0.5,1163,1268,2016
2016_1163_1274,0.5,1163,1274,2016
2016_1163_1276,0.5,1163,1276,2016
2016_1163_1277,0.5,1163,1277,2016
2016_1163_1292,0.5,1163,1292,2016
2016_1163_1314,0.5,1163,1314,2016
2016_1163_1320,0.5,1163,1320,2016
2016_1163_1323,0.5,1163,1323,2016
2016_1163_1328,0.5,1163,1328,2016
2016_1163_1332,0.5,1163,1332,2016
2016_1163_1333,0.5,1163,1333,2016
2016_1163_1338,0.5,1163,1338,2016
2016_1163_1344,0.5,1163,1344,2016
2016_1163_1345,0.5,1163,1345,2016
2016_1163_1355,0.5,1163,1355,2016
2016_1163_1371,0.5,1163,1371,2016
2016_1163_1372,0.5,1163,1372,2016
2016_1163_1380,0.5,1163,1380,2016
2016_1163_1386,0.5,1163,1386,2016
2016_1163_1392,0.5,1163,1392,2016
2016_1163_1393,0.5,1163,1393,2016
2016_1163_1396,0.5,1163,1396,2016
2016_1163_1400,0.5,1163,1400,2016
2016_1163_1401,0.5,1163,1401,2016
2016_1163_1403,0.5,1163,1403,2016
2016_1163_1409,0.5,1163,1409,2016
2016_1163_1421,0.5,1163,1421,2016
2016_1163_1423,0.5,1163,1423,2016
2016_1163_1425,0.5,1163,1425,2016
2016_1163_1428,0.5,1163,1428,2016
2016_1163_1433,0.5,1163,1433,2016
2016_1163_1435,0.5,1163,1435,2016
2016_1163_1437,0.5,1163,1437,2016
2016_1163_1438,0.5,1163,1438,2016
2016_1163_1451,0.5,1163,1451,2016
2016_1163_1452,0.5,1163,1452,2016
2016_1163_1453,0.5,1163,1453,2016
2016_1163_1455,0.5,1163,1455,2016
2016_1163_1458,0.5,1163,1458,2016
2016_1163_1462,0.5,1163,1462,2016
2016_1163_1463,0.5,1163,1463,2016
2016_1167_1173,0.5,1167,1173,2016
2016_1167_1181,0.5,1167,1181,2016
2016_1167_1192,0.5,1167,1192,2016
2016_1167_1195,0.5,1167,1195,2016
2016_1167_1201,0.5,1167,1201,2016
2016_1167_1211,0.5,1167,1211,2016
2016_1167_1214,0.5,1167,1214,2016
2016_1167_1218,0.5,1167,1218,2016
2016_1167_1221,0.5,1167,1221,2016
2016_1167_1231,0.5,1167,1231,2016
2016_1167_1233,0.5,1167,1233,2016
2016_1167_1234,0.5,1167,1234,2016
2016_1167_1235,0.5,1167,1235,2016
2016_1167_1242,0.5,1167,1242,2016
2016_1167_1246,0.5,1167,1246,2016
2016_1167_1268,0.5,1167,1268,2016
2016_1167_1274,0.5,1167,1274,2016
2016_1167_1276,0.5,1167,1276,2016
2016_1167_1277,0.5,1167,1277,2016
2016_1167_1292,0.5,1167,1292,2016
2016_1167_1314,0.5,1167,1314,2016
2016_1167_1320,0.5,1167,1320,2016
2016_1167_1323,0.5,1167,1323,2016
2016_1167_1328,0.5,1167,1328,2016
2016_1167_1332,0.5,1167,1332,2016
2016_1167_1333,0.5,1167,1333,2016
2016_1167_1338,0.5,1167,1338,2016
2016_1167_1344,0.5,1167,1344,2016
2016_1167_1345,0.5,1167,1345,2016
2016_1167_1355,0.5,1167,1355,2016
2016_1167_1371,0.5,1167,1371,2016
2016_1167_1372,0.5,1167,1372,2016
2016_1167_1380,0.5,1167,1380,2016
2016_1167_1386,0.5,1167,1386,2016
2016_1167_1392,0.5,1167,1392,2016
2016_1167_1393,0.5,1167,1393,2016
2016_1167_1396,0.5,1167,1396,2016
2016_1167_1400,0.5,1167,1400,2016
2016_1167_1401,0.5,1167,1401,2016
2016_1167_1403,0.5,1167,1403,2016
2016_1167_1409,0.5,1167,1409,2016
2016_1167_1421,0.5,1167,1421,2016
2016_1167_1423,0.5,1167,1423,2016
2016_1167_1425,0.5,1167,1425,2016
2016_1167_1428,0.5,1167,1428,2016
2016_1167_1433,0.5,1167,1433,2016
2016_1167_1435,0.5,1167,1435,2016
2016_1167_1437,0.5,1167,1437,2016
2016_1167_1438,0.5,1167,1438,2016
2016_1167_1451,0.5,1167,1451,2016
2016_1167_1452,0.5,1167,1452,2016
2016_1167_1453,0.5,1167,1453,2016
2016_1167_1455,0.5,1167,1455,2016
2016_1167_1458,0.5,1167,1458,2016
2016_1167_1462,0.5,1167,1462,2016
2016_1167_1463,0.5,1167,1463,2016
2016_1173_1181,0.5,1173,1181,2016
2016_1173_1192,0.5,1173,1192,2016
2016_1173_1195,0.5,1173,1195,2016
2016_1173_1201,0.5,1173,1201,2016
2016_1173_1211,0.5,1173,1211,2016
2016_1173_1214,0.5,1173,1214,2016
2016_1173_1218,0.5,1173,1218,2016
2016_1173_1221,0.5,1173,1221,2016
2016_1173_1231,0.5,1173,1231,2016
2016_1173_1233,0.5,1173,1233,2016
2016_1173_1234,0.5,1173,1234,2016
2016_1173_1235,0.5,1173,1235,2016
2016_1173_1242,0.5,1173,1242,2016
2016_1173_1246,0.5,1173,1246,2016
2016_1173_1268,0.5,1173,1268,2016
2016_1173_1274,0.5,1173,1274,2016
2016_1173_1276,0.5,1173,1276,2016
2016_1173_1277,0.5,1173,1277,2016
2016_1173_1292,0.5,1173,1292,2016
2016_1173_1314,0.5,1173,1314,2016
2016_1173_1320,0.5,1173,1320,2016
2016_1173_1323,0.5,1173,1323,2016
2016_1173_1328,0.5,1173,1328,2016
2016_1173_1332,0.5,1173,1332,2016
2016_1173_1333,0.5,1173,1333,2016
2016_1173_1338,0.5,1173,1338,2016
2016_1173_1344,0.5,1173,1344,2016
2016_1173_1345,0.5,1173,1345,2016
2016_1173_1355,0.5,1173,1355,2016
2016_1173_1371,0.5,1173,1371,2016
2016_1173_1372,0.5,1173,1372,2016
2016_1173_1380,0.5,1173,1380,2016
2016_1173_1386,0.5,1173,1386,2016
2016_1173_1392,0.5,1173,1392,2016
2016_1173_1393,0.5,1173,1393,2016
2016_1173_1396,0.5,1173,1396,2016
2016_1173_1400,0.5,1173,1400,2016
2016_1173_1401,0.5,1173,1401,2016
2016_1173_1403,0.5,1173,1403,2016
2016_1173_1409,0.5,1173,1409,2016
2016_1173_1421,0.5,1173,1421,2016
2016_1173_1423,0.5,1173,1423,2016
2016_1173_1425,0.5,1173,1425,2016
2016_1173_1428,0.5,1173,1428,2016
2016_1173_1433,0.5,1173,1433,2016
2016_1173_1435,0.5,1173,1435,2016
2016_1173_1437,0.5,1173,1437,2016
2016_1173_1438,0.5,1173,1438,2016
2016_1173_1451,0.5,1173,1451,2016
2016_1173_1452,0.5,1173,1452,2016
2016_1173_1453,0.5,1173,1453,2016
2016_1173_1455,0.5,1173,1455,2016
2016_1173_1458,0.5,1173,1458,2016
2016_1173_1462,0.5,1173,1462,2016
2016_1173_1463,0.5,1173,1463,2016
2016_1181_1192,0.5,1181,1192,2016
2016_1181_1195,0.5,1181,1195,2016
2016_1181_1201,0.5,1181,1201,2016
2016_1181_1211,0.5,1181,1211,2016
2016_1181_1214,0.5,1181,1214,2016
2016_1181_1218,0.5,1181,1218,2016
2016_1181_1221,0.5,1181,1221,2016
2016_1181_1231,0.5,1181,1231,2016
2016_1181_1233,0.5,1181,1233,2016
2016_1181_1234,0.5,1181,1234,2016
2016_1181_1235,0.5,1181,1235,2016
2016_1181_1242,0.5,1181,1242,2016
2016_1181_1246,0.5,1181,1246,2016
2016_1181_1268,0.5,1181,1268,2016
2016_1181_1274,0.5,1181,1274,2016
2016_1181_1276,0.5,1181,1276,2016
2016_1181_1277,0.5,1181,1277,2016
2016_1181_1292,0.5,1181,1292,2016
2016_1181_1314,0.5,1181,1314,2016
2016_1181_1320,0.5,1181,1320,2016
2016_1181_1323,0.5,1181,1323,2016
2016_1181_1328,0.5,1181,1328,2016
2016_1181_1332,0.5,1181,1332,2016
2016_1181_1333,0.5,1181,1333,2016
2016_1181_1338,0.5,1181,1338,2016
2016_1181_1344,0.5,1181,1344,2016
2016_1181_1345,0.5,1181,1345,2016
2016_1181_1355,0.5,1181,1355,2016
2016_1181_1371,0.5,1181,1371,2016
2016_1181_1372,0.5,1181,1372,2016
2016_1181_1380,0.5,1181,1380,2016
2016_1181_1386,0.5,1181,1386,2016
2016_1181_1392,0.5,1181,1392,2016
2016_1181_1393,0.5,1181,1393,2016
2016_1181_1396,0.5,1181,1396,2016
2016_1181_1400,0.5,1181,1400,2016
2016_1181_1401,0.5,1181,1401,2016
2016_1181_1403,0.5,1181,1403,2016
2016_1181_1409,0.5,1181,1409,2016
2016_1181_1421,0.5,1181,1421,2016
2016_1181_1423,0.5,1181,1423,2016
2016_1181_1425,0.5,1181,1425,2016
2016_1181_1428,0.5,1181,1428,2016
2016_1181_1433,0.5,1181,1433,2016
2016_1181_1435,0.5,1181,1435,2016
2016_1181_1437,0.5,1181,1437,2016
2016_1181_1438,0.5,1181,1438,2016
2016_1181_1451,0.5,1181,1451,2016
2016_1181_1452,0.5,1181,1452,2016
2016_1181_1453,0.5,1181,1453,2016
2016_1181_1455,0.5,1181,1455,2016
2016_1181_1458,0.5,1181,1458,2016
2016_1181_1462,0.5,1181,1462,2016
2016_1181_1463,0.5,1181,1463,2016
2016_1192_1195,0.5,1192,1195,2016
2016_1192_1201,0.5,1192,1201,2016
2016_1192_1211,0.5,1192,1211,2016
2016_1192_1214,0.5,1192,1214,2016
2016_1192_1218,0.5,1192,1218,2016
2016_1192_1221,0.5,1192,1221,2016
2016_1192_1231,0.5,1192,1231,2016
2016_1192_1233,0.5,1192,1233,2016
2016_1192_1234,0.5,1192,1234,2016
2016_1192_1235,0.5,1192,1235,2016
2016_1192_1242,0.5,1192,1242,2016
2016_1192_1246,0.5,1192,1246,2016
2016_1192_1268,0.5,1192,1268,2016
2016_1192_1274,0.5,1192,1274,2016
2016_1192_1276,0.5,1192,1276,2016
2016_1192_1277,0.5,1192,1277,2016
2016_1192_1292,0.5,1192,1292,2016
2016_1192_1314,0.5,1192,1314,2016
2016_1192_1320,0.5,1192,1320,2016
2016_1192_1323,0.5,1192,1323,2016
2016_1192_1328,0.5,1192,1328,2016
2016_1192_1332,0.5,1192,1332,2016
2016_1192_1333,0.5,1192,1333,2016
2016_1192_1338,0.5,1192,1338,2016
2016_1192_1344,0.5,1192,1344,2016
2016_1192_1345,0.5,1192,1345,2016
2016_1192_1355,0.5,1192,1355,2016
2016_1192_1371,0.5,1192,1371,2016
2016_1192_1372,0.5,1192,1372,2016
2016_1192_1380,0.5,1192,1380,2016
2016_1192_1386,0.5,1192,1386,2016
2016_1192_1392,0.5,1192,1392,2016
2016_1192_1393,0.5,1192,1393,2016
2016_1192_1396,0.5,1192,1396,2016
2016_1192_1400,0.5,1192,1400,2016
2016_1192_1401,0.5,1192,1401,2016
2016_1192_1403,0.5,1192,1403,2016
2016_1192_1409,0.5,1192,1409,2016
2016_1192_1421,0.5,1192,1421,2016
2016_1192_1423,0.5,1192,1423,2016
2016_1192_1425,0.5,1192,1425,2016
2016_1192_1428,0.5,1192,1428,2016
2016_1192_1433,0.5,1192,1433,2016
2016_1192_1435,0.5,1192,1435,2016
2016_1192_1437,0.5,1192,1437,2016
2016_1192_1438,0.5,1192,1438,2016
2016_1192_1451,0.5,1192,1451,2016
2016_1192_1452,0.5,1192,1452,2016
2016_1192_1453,0.5,1192,1453,2016
2016_1192_1455,0.5,1192,1455,2016
2016_1192_1458,0.5,1192,1458,2016
2016_1192_1462,0.5,1192,1462,2016
2016_1192_1463,0.5,1192,1463,2016
2016_1195_1201,0.5,1195,1201,2016
2016_1195_1211,0.5,1195,1211,2016
2016_1195_1214,0.5,1195,1214,2016
2016_1195_1218,0.5,1195,1218,2016
2016_1195_1221,0.5,1195,1221,2016
2016_1195_1231,0.5,1195,1231,2016
2016_1195_1233,0.5,1195,1233,2016
2016_1195_1234,0.5,1195,1234,2016
2016_1195_1235,0.5,1195,1235,2016
2016_1195_1242,0.5,1195,1242,2016
2016_1195_1246,0.5,1195,1246,2016
2016_1195_1268,0.5,1195,1268,2016
2016_1195_1274,0.5,1195,1274,2016
2016_1195_1276,0.5,1195,1276,2016
2016_1195_1277,0.5,1195,1277,2016
2016_1195_1292,0.5,1195,1292,2016
2016_1195_1314,0.5,1195,1314,2016
2016_1195_1320,0.5,1195,1320,2016
2016_1195_1323,0.5,1195,1323,2016
2016_1195_1328,0.5,1195,1328,2016
2016_1195_1332,0.5,1195,1332,2016
2016_1195_1333,0.5,1195,1333,2016
2016_1195_1338,0.5,1195,1338,2016
2016_1195_1344,0.5,1195,1344,2016
2016_1195_1345,0.5,1195,1345,2016
2016_1195_1355,0.5,1195,1355,2016
2016_1195_1371,0.5,1195,1371,2016
2016_1195_1372,0.5,1195,1372,2016
2016_1195_1380,0.5,1195,1380,2016
2016_1195_1386,0.5,1195,1386,2016
2016_1195_1392,0.5,1195,1392,2016
2016_1195_1393,0.5,1195,1393,2016
2016_1195_1396,0.5,1195,1396,2016
2016_1195_1400,0.5,1195,1400,2016
2016_1195_1401,0.5,1195,1401,2016
2016_1195_1403,0.5,1195,1403,2016
2016_1195_1409,0.5,1195,1409,2016
2016_1195_1421,0.5,1195,1421,2016
2016_1195_1423,0.5,1195,1423,2016
2016_1195_1425,0.5,1195,1425,2016
2016_1195_1428,0.5,1195,1428,2016
2016_1195_1433,0.5,1195,1433,2016
2016_1195_1435,0.5,1195,1435,2016
2016_1195_1437,0.5,1195,1437,2016
2016_1195_1438,0.5,1195,1438,2016
2016_1195_1451,0.5,1195,1451,2016
2016_1195_1452,0.5,1195,1452,2016
2016_1195_1453,0.5,1195,1453,2016
2016_1195_1455,0.5,1195,1455,2016
2016_1195_1458,0.5,1195,1458,2016
2016_1195_1462,0.5,1195,1462,2016
2016_1195_1463,0.5,1195,1463,2016
2016_1201_1211,0.5,1201,1211,2016
2016_1201_1214,0.5,1201,1214,2016
2016_1201_1218,0.5,1201,1218,2016
2016_1201_1221,0.5,1201,1221,2016
2016_1201_1231,0.5,1201,1231,2016
2016_1201_1233,0.5,1201,1233,2016
2016_1201_1234,0.5,1201,1234,2016
2016_1201_1235,0.5,1201,1235,2016
2016_1201_1242,0.5,1201,1242,2016
2016_1201_1246,0.5,1201,1246,2016
2016_1201_1268,0.5,1201,1268,2016
2016_1201_1274,0.5,1201,1274,2016
2016_1201_1276,0.5,1201,1276,2016
2016_1201_1277,0.5,1201,1277,2016
2016_1201_1292,0.5,1201,1292,2016
2016_1201_1314,0.5,1201,1314,2016
2016_1201_1320,0.5,1201,1320,2016
2016_1201_1323,0.5,1201,1323,2016
2016_1201_1328,0.5,1201,1328,2016
2016_1201_1332,0.5,1201,1332,2016
2016_1201_1333,0.5,1201,1333,2016
2016_1201_1338,0.5,1201,1338,2016
2016_1201_1344,0.5,1201,1344,2016
2016_1201_1345,0.5,1201,1345,2016
2016_1201_1355,0.5,1201,1355,2016
2016_1201_1371,0.5,1201,1371,2016
2016_1201_1372,0.5,1201,1372,2016
2016_1201_1380,0.5,1201,1380,2016
2016_1201_1386,0.5,1201,1386,2016
2016_1201_1392,0.5,1201,1392,2016
2016_1201_1393,0.5,1201,1393,2016
2016_1201_1396,0.5,1201,1396,2016
2016_1201_1400,0.5,1201,1400,2016
2016_1201_1401,0.5,1201,1401,2016
2016_1201_1403,0.5,1201,1403,2016
2016_1201_1409,0.5,1201,1409,2016
2016_1201_1421,0.5,1201,1421,2016
2016_1201_1423,0.5,1201,1423,2016
2016_1201_1425,0.5,1201,1425,2016
2016_1201_1428,0.5,1201,1428,2016
2016_1201_1433,0.5,1201,1433,2016
2016_1201_1435,0.5,1201,1435,2016
2016_1201_1437,0.5,1201,1437,2016
2016_1201_1438,0.5,1201,1438,2016
2016_1201_1451,0.5,1201,1451,2016
2016_1201_1452,0.5,1201,1452,2016
2016_1201_1453,0.5,1201,1453,2016
2016_1201_1455,0.5,1201,1455,2016
2016_1201_1458,0.5,1201,1458,2016
2016_1201_1462,0.5,1201,1462,2016
2016_1201_1463,0.5,1201,1463,2016
2016_1211_1214,0.5,1211,1214,2016
2016_1211_1218,0.5,1211,1218,2016
2016_1211_1221,0.5,1211,1221,2016
2016_1211_1231,0.5,1211,1231,2016
2016_1211_1233,0.5,1211,1233,2016
2016_1211_1234,0.5,1211,1234,2016
2016_1211_1235,0.5,1211,1235,2016
2016_1211_1242,0.5,1211,1242,2016
2016_1211_1246,0.5,1211,1246,2016
2016_1211_1268,0.5,1211,1268,2016
2016_1211_1274,0.5,1211,1274,2016
2016_1211_1276,0.5,1211,1276,2016
2016_1211_1277,0.5,1211,1277,2016
2016_1211_1292,0.5,1211,1292,2016
2016_1211_1314,0.5,1211,1314,2016
2016_1211_1320,0.5,1211,1320,2016
2016_1211_1323,0.5,1211,1323,2016
2016_1211_1328,0.5,1211,1328,2016
2016_1211_1332,0.5,1211,1332,2016
2016_1211_1333,0.5,1211,1333,2016
2016_1211_1338,0.5,1211,1338,2016
2016_1211_1344,0.5,1211,1344,2016
2016_1211_1345,0.5,1211,1345,2016
2016_1211_1355,0.5,1211,1355,2016
2016_1211_1371,0.5,1211,1371,2016
2016_1211_1372,0.5,1211,1372,2016
2016_1211_1380,0.5,1211,1380,2016
2016_1211_1386,0.5,1211,1386,2016
2016_1211_1392,0.5,1211,1392,2016
2016_1211_1393,0.5,1211,1393,2016
2016_1211_1396,0.5,1211,1396,2016
2016_1211_1400,0.5,1211,1400,2016
2016_1211_1401,0.5,1211,1401,2016
2016_1211_1403,0.5,1211,1403,2016
2016_1211_1409,0.5,1211,1409,2016
2016_1211_1421,0.5,1211,1421,2016
2016_1211_1423,0.5,1211,1423,2016
2016_1211_1425,0.5,1211,1425,2016
2016_1211_1428,0.5,1211,1428,2016
2016_1211_1433,0.5,1211,1433,2016
2016_1211_1435,0.5,1211,1435,2016
2016_1211_1437,0.5,1211,1437,2016
2016_1211_1438,0.5,1211,1438,2016
2016_1211_1451,0.5,1211,1451,2016
2016_1211_1452,0.5,1211,1452,2016
2016_1211_1453,0.5,1211,1453,2016
2016_1211_1455,0.5,1211,1455,2016
2016_1211_1458,0.5,1211,1458,2016
2016_1211_1462,0.5,1211,1462,2016
2016_1211_1463,0.5,1211,1463,2016
2016_1214_1218,0.5,1214,1218,2016
2016_1214_1221,0.5,1214,1221,2016
2016_1214_1231,0.5,1214,1231,2016
2016_1214_1233,0.5,1214,1233,2016
2016_1214_1234,0.5,1214,1234,2016
2016_1214_1235,0.5,1214,1235,2016
2016_1214_1242,0.5,1214,1242,2016
2016_1214_1246,0.5,1214,1246,2016
2016_1214_1268,0.5,1214,1268,2016
2016_1214_1274,0.5,1214,1274,2016
2016_1214_1276,0.5,1214,1276,2016
2016_1214_1277,0.5,1214,1277,2016
2016_1214_1292,0.5,1214,1292,2016
2016_1214_1314,0.5,1214,1314,2016
2016_1214_1320,0.5,1214,1320,2016
2016_1214_1323,0.5,1214,1323,2016
2016_1214_1328,0.5,1214,1328,2016
2016_1214_1332,0.5,1214,1332,2016
2016_1214_1333,0.5,1214,1333,2016
2016_1214_1338,0.5,1214,1338,2016
2016_1214_1344,0.5,1214,1344,2016
2016_1214_1345,0.5,1214,1345,2016
2016_1214_1355,0.5,1214,1355,2016
2016_1214_1371,0.5,1214,1371,2016
2016_1214_1372,0.5,1214,1372,2016
2016_1214_1380,0.5,1214,1380,2016
2016_1214_1386,0.5,1214,1386,2016
2016_1214_1392,0.5,1214,1392,2016
2016_1214_1393,0.5,1214,1393,2016
2016_1214_1396,0.5,1214,1396,2016
2016_1214_1400,0.5,1214,1400,2016
2016_1214_1401,0.5,1214,1401,2016
2016_1214_1403,0.5,1214,1403,2016
2016_1214_1409,0.5,1214,1409,2016
2016_1214_1421,0.5,1214,1421,2016
2016_1214_1423,0.5,1214,1423,2016
2016_1214_1425,0.5,1214,1425,2016
2016_1214_1428,0.5,1214,1428,2016
2016_1214_1433,0.5,1214,1433,2016
2016_1214_1435,0.5,1214,1435,2016
2016_1214_1437,0.5,1214,1437,2016
2016_1214_1438,0.5,1214,1438,2016
2016_1214_1451,0.5,1214,1451,2016
2016_1214_1452,0.5,1214,1452,2016
2016_1214_1453,0.5,1214,1453,2016
2016_1214_1455,0.5,1214,1455,2016
2016_1214_1458,0.5,1214,1458,2016
2016_1214_1462,0.5,1214,1462,2016
2016_1214_1463,0.5,1214,1463,2016
2016_1218_1221,0.5,1218,1221,2016
2016_1218_1231,0.5,1218,1231,2016
2016_1218_1233,0.5,1218,1233,2016
2016_1218_1234,0.5,1218,1234,2016
2016_1218_1235,0.5,1218,1235,2016
2016_1218_1242,0.5,1218,1242,2016
2016_1218_1246,0.5,1218,1246,2016
2016_1218_1268,0.5,1218,1268,2016
2016_1218_1274,0.5,1218,1274,2016
2016_1218_1276,0.5,1218,1276,2016
2016_1218_1277,0.5,1218,1277,2016
2016_1218_1292,0.5,1218,1292,2016
2016_1218_1314,0.5,1218,1314,2016
2016_1218_1320,0.5,1218,1320,2016
2016_1218_1323,0.5,1218,1323,2016
2016_1218_1328,0.5,1218,1328,2016
2016_1218_1332,0.5,1218,1332,2016
2016_1218_1333,0.5,1218,1333,2016
2016_1218_1338,0.5,1218,1338,2016
2016_1218_1344,0.5,1218,1344,2016
2016_1218_1345,0.5,1218,1345,2016
2016_1218_1355,0.5,1218,1355,2016
2016_1218_1371,0.5,1218,1371,2016
2016_1218_1372,0.5,1218,1372,2016
2016_1218_1380,0.5,1218,1380,2016
2016_1218_1386,0.5,1218,1386,2016
2016_1218_1392,0.5,1218,1392,2016
2016_1218_1393,0.5,1218,1393,2016
2016_1218_1396,0.5,1218,1396,2016
2016_1218_1400,0.5,1218,1400,2016
2016_1218_1401,0.5,1218,1401,2016
2016_1218_1403,0.5,1218,1403,2016
2016_1218_1409,0.5,1218,1409,2016
2016_1218_1421,0.5,1218,1421,2016
2016_1218_1423,0.5,1218,1423,2016
2016_1218_1425,0.5,1218,1425,2016
2016_1218_1428,0.5,1218,1428,2016
2016_1218_1433,0.5,1218,1433,2016
2016_1218_1435,0.5,1218,1435,2016
2016_1218_1437,0.5,1218,1437,2016
2016_1218_1438,0.5,1218,1438,2016
2016_1218_1451,0.5,1218,1451,2016
2016_1218_1452,0.5,1218,1452,2016
2016_1218_1453,0.5,1218,1453,2016
2016_1218_1455,0.5,1218,1455,2016
2016_1218_1458,0.5,1218,1458,2016
2016_1218_1462,0.5,1218,1462,2016
2016_1218_1463,0.5,1218,1463,2016
2016_1221_1231,0.5,1221,1231,2016
2016_1221_1233,0.5,1221,1233,2016
2016_1221_1234,0.5,1221,1234,2016
2016_1221_1235,0.5,1221,1235,2016
2016_1221_1242,0.5,1221,1242,2016
2016_1221_1246,0.5,1221,1246,2016
2016_1221_1268,0.5,1221,1268,2016
2016_1221_1274,0.5,1221,1274,2016
2016_1221_1276,0.5,1221,1276,2016
2016_1221_1277,0.5,1221,1277,2016
2016_1221_1292,0.5,1221,1292,2016
2016_1221_1314,0.5,1221,1314,2016
2016_1221_1320,0.5,1221,1320,2016
2016_1221_1323,0.5,1221,1323,2016
2016_1221_1328,0.5,1221,1328,2016
2016_1221_1332,0.5,1221,1332,2016
2016_1221_1333,0.5,1221,1333,2016
2016_1221_1338,0.5,1221,1338,2016
2016_1221_1344,0.5,1221,1344,2016
2016_1221_1345,0.5,1221,1345,2016
2016_1221_1355,0.5,1221,1355,2016
2016_1221_1371,0.5,1221,1371,2016
2016_1221_1372,0.5,1221,1372,2016
2016_1221_1380,0.5,1221,1380,2016
2016_1221_1386,0.5,1221,1386,2016
2016_1221_1392,0.5,1221,1392,2016
2016_1221_1393,0.5,1221,1393,2016
2016_1221_1396,0.5,1221,1396,2016
2016_1221_1400,0.5,1221,1400,2016
2016_1221_1401,0.5,1221,1401,2016
2016_1221_1403,0.5,1221,1403,2016
2016_1221_1409,0.5,1221,1409,2016
2016_1221_1421,0.5,1221,1421,2016
2016_1221_1423,0.5,1221,1423,2016
2016_1221_1425,0.5,1221,1425,2016
2016_1221_1428,0.5,1221,1428,2016
2016_1221_1433,0.5,1221,1433,2016
2016_1221_1435,0.5,1221,1435,2016
2016_1221_1437,0.5,1221,1437,2016
2016_1221_1438,0.5,1221,1438,2016
2016_1221_1451,0.5,1221,1451,2016
2016_1221_1452,0.5,1221,1452,2016
2016_1221_1453,0.5,1221,1453,2016
2016_1221_1455,0.5,1221,1455,2016
2016_1221_1458,0.5,1221,1458,2016
2016_1221_1462,0.5,1221,1462,2016
2016_1221_1463,0.5,1221,1463,2016
2016_1231_1233,0.5,1231,1233,2016
2016_1231_1234,0.5,1231,1234,2016
2016_1231_1235,0.5,1231,1235,2016
2016_1231_1242,0.5,1231,1242,2016
2016_1231_1246,0.5,1231,1246,2016
2016_1231_1268,0.5,1231,1268,2016
2016_1231_1274,0.5,1231,1274,2016
2016_1231_1276,0.5,1231,1276,2016
2016_1231_1277,0.5,1231,1277,2016
2016_1231_1292,0.5,1231,1292,2016
2016_1231_1314,0.5,1231,1314,2016
2016_1231_1320,0.5,1231,1320,2016
2016_1231_1323,0.5,1231,1323,2016
2016_1231_1328,0.5,1231,1328,2016
2016_1231_1332,0.5,1231,1332,2016
2016_1231_1333,0.5,1231,1333,2016
2016_1231_1338,0.5,1231,1338,2016
2016_1231_1344,0.5,1231,1344,2016
2016_1231_1345,0.5,1231,1345,2016
2016_1231_1355,0.5,1231,1355,2016
2016_1231_1371,0.5,1231,1371,2016
2016_1231_1372,0.5,1231,1372,2016
2016_1231_1380,0.5,1231,1380,2016
2016_1231_1386,0.5,1231,1386,2016
2016_1231_1392,0.5,1231,1392,2016
2016_1231_1393,0.5,1231,1393,2016
2016_1231_1396,0.5,1231,1396,2016
2016_1231_1400,0.5,1231,1400,2016
2016_1231_1401,0.5,1231,1401,2016
2016_1231_1403,0.5,1231,1403,2016
2016_1231_1409,0.5,1231,1409,2016
2016_1231_1421,0.5,1231,1421,2016
2016_1231_1423,0.5,1231,1423,2016
2016_1231_1425,0.5,1231,1425,2016
2016_1231_1428,0.5,1231,1428,2016
2016_1231_1433,0.5,1231,1433,2016
2016_1231_1435,0.5,1231,1435,2016
2016_1231_1437,0.5,1231,1437,2016
2016_1231_1438,0.5,1231,1438,2016
2016_1231_1451,0.5,1231,1451,2016
2016_1231_1452,0.5,1231,1452,2016
2016_1231_1453,0.5,1231,1453,2016
2016_1231_1455,0.5,1231,1455,2016
2016_1231_1458,0.5,1231,1458,2016
2016_1231_1462,0.5,1231,1462,2016
2016_1231_1463,0.5,1231,1463,2016
2016_1233_1234,0.5,1233,1234,2016
2016_1233_1235,0.5,1233,1235,2016
2016_1233_1242,0.5,1233,1242,2016
2016_1233_1246,0.5,1233,1246,2016
2016_1233_1268,0.5,1233,1268,2016
2016_1233_1274,0.5,1233,1274,2016
2016_1233_1276,0.5,1233,1276,2016
2016_1233_1277,0.5,1233,1277,2016
2016_1233_1292,0.5,1233,1292,2016
2016_1233_1314,0.5,1233,1314,2016
2016_1233_1320,0.5,1233,1320,2016
2016_1233_1323,0.5,1233,1323,2016
2016_1233_1328,0.5,1233,1328,2016
2016_1233_1332,0.5,1233,1332,2016
2016_1233_1333,0.5,1233,1333,2016
2016_1233_1338,0.5,1233,1338,2016
2016_1233_1344,0.5,1233,1344,2016
2016_1233_1345,0.5,1233,1345,2016
2016_1233_1355,0.5,1233,1355,2016
2016_1233_1371,0.5,1233,1371,2016
2016_1233_1372,0.5,1233,1372,2016
2016_1233_1380,0.5,1233,1380,2016
2016_1233_1386,0.5,1233,1386,2016
2016_1233_1392,0.5,1233,1392,2016
2016_1233_1393,0.5,1233,1393,2016
2016_1233_1396,0.5,1233,1396,2016
2016_1233_1400,0.5,1233,1400,2016
2016_1233_1401,0.5,1233,1401,2016
2016_1233_1403,0.5,1233,1403,2016
2016_1233_1409,0.5,1233,1409,2016
2016_1233_1421,0.5,1233,1421,2016
2016_1233_1423,0.5,1233,1423,2016
2016_1233_1425,0.5,1233,1425,2016
2016_1233_1428,0.5,1233,1428,2016
2016_1233_1433,0.5,1233,1433,2016
2016_1233_1435,0.5,1233,1435,2016
2016_1233_1437,0.5,1233,1437,2016
2016_1233_1438,0.5,1233,1438,2016
2016_1233_1451,0.5,1233,1451,2016
2016_1233_1452,0.5,1233,1452,2016
2016_1233_1453,0.5,1233,1453,2016
2016_1233_1455,0.5,1233,1455,2016
2016_1233_1458,0.5,1233,1458,2016
2016_1233_1462,0.5,1233,1462,2016
2016_1233_1463,0.5,1233,1463,2016
2016_1234_1235,0.5,1234,1235,2016
2016_1234_1242,0.5,1234,1242,2016
2016_1234_1246,0.5,1234,1246,2016
2016_1234_1268,0.5,1234,1268,2016
2016_1234_1274,0.5,1234,1274,2016
2016_1234_1276,0.5,1234,1276,2016
2016_1234_1277,0.5,1234,1277,2016
2016_1234_1292,0.5,1234,1292,2016
2016_1234_1314,0.5,1234,1314,2016
2016_1234_1320,0.5,1234,1320,2016
2016_1234_1323,0.5,1234,1323,2016
2016_1234_1328,0.5,1234,1328,2016
2016_1234_1332,0.5,1234,1332,2016
2016_1234_1333,0.5,1234,1333,2016
2016_1234_1338,0.5,1234,1338,2016
2016_1234_1344,0.5,1234,1344,2016
2016_1234_1345,0.5,1234,1345,2016
2016_1234_1355,0.5,1234,1355,2016
2016_1234_1371,0.5,1234,1371,2016
2016_1234_1372,0.5,1234,1372,2016
2016_1234_1380,0.5,1234,1380,2016
2016_1234_1386,0.5,1234,1386,2016
2016_1234_1392,0.5,1234,1392,2016
2016_1234_1393,0.5,1234,1393,2016
2016_1234_1396,0.5,1234,1396,2016
2016_1234_1400,0.5,1234,1400,2016
2016_1234_1401,0.5,1234,1401,2016
2016_1234_1403,0.5,1234,1403,2016
2016_1234_1409,0.5,1234,1409,2016
2016_1234_1421,0.5,1234,1421,2016
2016_1234_1423,0.5,1234,1423,2016
2016_1234_1425,0.5,1234,1425,2016
2016_1234_1428,0.5,1234,1428,2016
2016_1234_1433,0.5,1234,1433,2016
2016_1234_1435,0.5,1234,1435,2016
2016_1234_1437,0.5,1234,1437,2016
2016_1234_1438,0.5,1234,1438,2016
2016_1234_1451,0.5,1234,1451,2016
2016_1234_1452,0.5,1234,1452,2016
2016_1234_1453,0.5,1234,1453,2016
2016_1234_1455,0.5,1234,1455,2016
2016_1234_1458,0.5,1234,1458,2016
2016_1234_1462,0.5,1234,1462,2016
2016_1234_1463,0.5,1234,1463,2016
2016_1235_1242,0.5,1235,1242,2016
2016_1235_1246,0.5,1235,1246,2016
2016_1235_1268,0.5,1235,1268,2016
2016_1235_1274,0.5,1235,1274,2016
2016_1235_1276,0.5,1235,1276,2016
2016_1235_1277,0.5,1235,1277,2016
2016_1235_1292,0.5,1235,1292,2016
2016_1235_1314,0.5,1235,1314,2016
2016_1235_1320,0.5,1235,1320,2016
2016_1235_1323,0.5,1235,1323,2016
2016_1235_1328,0.5,1235,1328,2016
2016_1235_1332,0.5,1235,1332,2016
2016_1235_1333,0.5,1235,1333,2016
2016_1235_1338,0.5,1235,1338,2016
2016_1235_1344,0.5,1235,1344,2016
2016_1235_1345,0.5,1235,1345,2016
2016_1235_1355,0.5,1235,1355,2016
2016_1235_1371,0.5,1235,1371,2016
2016_1235_1372,0.5,1235,1372,2016
2016_1235_1380,0.5,1235,1380,2016
2016_1235_1386,0.5,1235,1386,2016
2016_1235_1392,0.5,1235,1392,2016
2016_1235_1393,0.5,1235,1393,2016
2016_1235_1396,0.5,1235,1396,2016
2016_1235_1400,0.5,1235,1400,2016
2016_1235_1401,0.5,1235,1401,2016
2016_1235_1403,0.5,1235,1403,2016
2016_1235_1409,0.5,1235,1409,2016
2016_1235_1421,0.5,1235,1421,2016
2016_1235_1423,0.5,1235,1423,2016
2016_1235_1425,0.5,1235,1425,2016
2016_1235_1428,0.5,1235,1428,2016
2016_1235_1433,0.5,1235,1433,2016
2016_1235_1435,0.5,1235,1435,2016
2016_1235_1437,0.5,1235,1437,2016
2016_1235_1438,0.5,1235,1438,2016
2016_1235_1451,0.5,1235,1451,2016
2016_1235_1452,0.5,1235,1452,2016
2016_1235_1453,0.5,1235,1453,2016
2016_1235_1455,0.5,1235,1455,2016
2016_1235_1458,0.5,1235,1458,2016
2016_1235_1462,0.5,1235,1462,2016
2016_1235_1463,0.5,1235,1463,2016
2016_1242_1246,0.5,1242,1246,2016
2016_1242_1268,0.5,1242,1268,2016
2016_1242_1274,0.5,1242,1274,2016
2016_1242_1276,0.5,1242,1276,2016
2016_1242_1277,0.5,1242,1277,2016
2016_1242_1292,0.5,1242,1292,2016
2016_1242_1314,0.5,1242,1314,2016
2016_1242_1320,0.5,1242,1320,2016
2016_1242_1323,0.5,1242,1323,2016
2016_1242_1328,0.5,1242,1328,2016
2016_1242_1332,0.5,1242,1332,2016
2016_1242_1333,0.5,1242,1333,2016
2016_1242_1338,0.5,1242,1338,2016
2016_1242_1344,0.5,1242,1344,2016
2016_1242_1345,0.5,1242,1345,2016
2016_1242_1355,0.5,1242,1355,2016
2016_1242_1371,0.5,1242,1371,2016
2016_1242_1372,0.5,1242,1372,2016
2016_1242_1380,0.5,1242,1380,2016
2016_1242_1386,0.5,1242,1386,2016
2016_1242_1392,0.5,1242,1392,2016
2016_1242_1393,0.5,1242,1393,2016
2016_1242_1396,0.5,1242,1396,2016
2016_1242_1400,0.5,1242,1400,2016
2016_1242_1401,0.5,1242,1401,2016
2016_1242_1403,0.5,1242,1403,2016
2016_1242_1409,0.5,1242,1409,2016
2016_1242_1421,0.5,1242,1421,2016
2016_1242_1423,0.5,1242,1423,2016
2016_1242_1425,0.5,1242,1425,2016
2016_1242_1428,0.5,1242,1428,2016
2016_1242_1433,0.5,1242,1433,2016
2016_1242_1435,0.5,1242,1435,2016
2016_1242_1437,0.5,1242,1437,2016
2016_1242_1438,0.5,1242,1438,2016
2016_1242_1451,0.5,1242,1451,2016
2016_1242_1452,0.5,1242,1452,2016
2016_1242_1453,0.5,1242,1453,2016
2016_1242_1455,0.5,1242,1455,2016
2016_1242_1458,0.5,1242,1458,2016
2016_1242_1462,0.5,1242,1462,2016
2016_1242_1463,0.5,1242,1463,2016
2016_1246_1268,0.5,1246,1268,2016
2016_1246_1274,0.5,1246,1274,2016
2016_1246_1276,0.5,1246,1276,2016
2016_1246_1277,0.5,1246,1277,2016
2016_1246_1292,0.5,1246,1292,2016
2016_1246_1314,0.5,1246,1314,2016
2016_1246_1320,0.5,1246,1320,2016
2016_1246_1323,0.5,1246,1323,2016
2016_1246_1328,0.5,1246,1328,2016
2016_1246_1332,0.5,1246,1332,2016
2016_1246_1333,0.5,1246,1333,2016
2016_1246_1338,0.5,1246,1338,2016
2016_1246_1344,0.5,1246,1344,2016
2016_1246_1345,0.5,1246,1345,2016
2016_1246_1355,0.5,1246,1355,2016
2016_1246_1371,0.5,1246,1371,2016
2016_1246_1372,0.5,1246,1372,2016
2016_1246_1380,0.5,1246,1380,2016
2016_1246_1386,0.5,1246,1386,2016
2016_1246_1392,0.5,1246,1392,2016
2016_1246_1393,0.5,1246,1393,2016
2016_1246_1396,0.5,1246,1396,2016
2016_1246_1400,0.5,1246,1400,2016
2016_1246_1401,0.5,1246,1401,2016
2016_1246_1403,0.5,1246,1403,2016
2016_1246_1409,0.5,1246,1409,2016
2016_1246_1421,0.5,1246,1421,2016
2016_1246_1423,0.5,1246,1423,2016
2016_1246_1425,0.5,1246,1425,2016
2016_1246_1428,0.5,1246,1428,2016
2016_1246_1433,0.5,1246,1433,2016
2016_1246_1435,0.5,1246,1435,2016
2016_1246_1437,0.5,1246,1437,2016
2016_1246_1438,0.5,1246,1438,2016
2016_1246_1451,0.5,1246,1451,2016
2016_1246_1452,0.5,1246,1452,2016
2016_1246_1453,0.5,1246,1453,2016
2016_1246_1455,0.5,1246,1455,2016
2016_1246_1458,0.5,1246,1458,2016
2016_1246_1462,0.5,1246,1462,2016
2016_1246_1463,0.5,1246,1463,2016
2016_1268_1274,0.5,1268,1274,2016
2016_1268_1276,0.5,1268,1276,2016
2016_1268_1277,0.5,1268,1277,2016
2016_1268_1292,0.5,1268,1292,2016
2016_1268_1314,0.5,1268,1314,2016
2016_1268_1320,0.5,1268,1320,2016
2016_1268_1323,0.5,1268,1323,2016
2016_1268_1328,0.5,1268,1328,2016
2016_1268_1332,0.5,1268,1332,2016
2016_1268_1333,0.5,1268,1333,2016
2016_1268_1338,0.5,1268,1338,2016
2016_1268_1344,0.5,1268,1344,2016
2016_1268_1345,0.5,1268,1345,2016
2016_1268_1355,0.5,1268,1355,2016
2016_1268_1371,0.5,1268,1371,2016
2016_1268_1372,0.5,1268,1372,2016
2016_1268_1380,0.5,1268,1380,2016
2016_1268_1386,0.5,1268,1386,2016
2016_1268_1392,0.5,1268,1392,2016
2016_1268_1393,0.5,1268,1393,2016
2016_1268_1396,0.5,1268,1396,2016
2016_1268_1400,0.5,1268,1400,2016
2016_1268_1401,0.5,1268,1401,2016
2016_1268_1403,0.5,1268,1403,2016
2016_1268_1409,0.5,1268,1409,2016
2016_1268_1421,0.5,1268,1421,2016
2016_1268_1423,0.5,1268,1423,2016
2016_1268_1425,0.5,1268,1425,2016
2016_1268_1428,0.5,1268,1428,2016
2016_1268_1433,0.5,1268,1433,2016
2016_1268_1435,0.5,1268,1435,2016
2016_1268_1437,0.5,1268,1437,2016
2016_1268_1438,0.5,1268,1438,2016
2016_1268_1451,0.5,1268,1451,2016
2016_1268_1452,0.5,1268,1452,2016
2016_1268_1453,0.5,1268,1453,2016
2016_1268_1455,0.5,1268,1455,2016
2016_1268_1458,0.5,1268,1458,2016
2016_1268_1462,0.5,1268,1462,2016
2016_1268_1463,0.5,1268,1463,2016
2016_1274_1276,0.5,1274,1276,2016
2016_1274_1277,0.5,1274,1277,2016
2016_1274_1292,0.5,1274,1292,2016
2016_1274_1314,0.5,1274,1314,2016
2016_1274_1320,0.5,1274,1320,2016
2016_1274_1323,0.5,1274,1323,2016
2016_1274_1328,0.5,1274,1328,2016
2016_1274_1332,0.5,1274,1332,2016
2016_1274_1333,0.5,1274,1333,2016
2016_1274_1338,0.5,1274,1338,2016
2016_1274_1344,0.5,1274,1344,2016
2016_1274_1345,0.5,1274,1345,2016
2016_1274_1355,0.5,1274,1355,2016
2016_1274_1371,0.5,1274,1371,2016
2016_1274_1372,0.5,1274,1372,2016
2016_1274_1380,0.5,1274,1380,2016
2016_1274_1386,0.5,1274,1386,2016
2016_1274_1392,0.5,1274,1392,2016
2016_1274_1393,0.5,1274,1393,2016
2016_1274_1396,0.5,1274,1396,2016
2016_1274_1400,0.5,1274,1400,2016
2016_1274_1401,0.5,1274,1401,2016
2016_1274_1403,0.5,1274,1403,2016
2016_1274_1409,0.5,1274,1409,2016
2016_1274_1421,0.5,1274,1421,2016
2016_1274_1423,0.5,1274,1423,2016
2016_1274_1425,0.5,1274,1425,2016
2016_1274_1428,0.5,1274,1428,2016
2016_1274_1433,0.5,1274,1433,2016
2016_1274_1435,0.5,1274,1435,2016
2016_1274_1437,0.5,1274,1437,2016
2016_1274_1438,0.5,1274,1438,2016
2016_1274_1451,0.5,1274,1451,2016
2016_1274_1452,0.5,1274,1452,2016
2016_1274_1453,0.5,1274,1453,2016
2016_1274_1455,0.5,1274,1455,2016
2016_1274_1458,0.5,1274,1458,2016
2016_1274_1462,0.5,1274,1462,2016
2016_1274_1463,0.5,1274,1463,2016
2016_1276_1277,0.5,1276,1277,2016
2016_1276_1292,0.5,1276,1292,2016
2016_1276_1314,0.5,1276,1314,2016
2016_1276_1320,0.5,1276,1320,2016
2016_1276_1323,0.5,1276,1323,2016
2016_1276_1328,0.5,1276,1328,2016
2016_1276_1332,0.5,1276,1332,2016
2016_1276_1333,0.5,1276,1333,2016
2016_1276_1338,0.5,1276,1338,2016
2016_1276_1344,0.5,1276,1344,2016
2016_1276_1345,0.5,1276,1345,2016
2016_1276_1355,0.5,1276,1355,2016
2016_1276_1371,0.5,1276,1371,2016
2016_1276_1372,0.5,1276,1372,2016
2016_1276_1380,0.5,1276,1380,2016
2016_1276_1386,0.5,1276,1386,2016
2016_1276_1392,0.5,1276,1392,2016
2016_1276_1393,0.5,1276,1393,2016
2016_1276_1396,0.5,1276,1396,2016
2016_1276_1400,0.5,1276,1400,2016
2016_1276_1401,0.5,1276,1401,2016
2016_1276_1403,0.5,1276,1403,2016
2016_1276_1409,0.5,1276,1409,2016
2016_1276_1421,0.5,1276,1421,2016
2016_1276_1423,0.5,1276,1423,2016
2016_1276_1425,0.5,1276,1425,2016
2016_1276_1428,0.5,1276,1428,2016
2016_1276_1433,0.5,1276,1433,2016
2016_1276_1435,0.5,1276,1435,2016
2016_1276_1437,0.5,1276,1437,2016
2016_1276_1438,0.5,1276,1438,2016
2016_1276_1451,0.5,1276,1451,2016
2016_1276_1452,0.5,1276,1452,2016
2016_1276_1453,0.5,1276,1453,2016
2016_1276_1455,0.5,1276,1455,2016
2016_1276_1458,0.5,1276,1458,2016
2016_1276_1462,0.5,1276,1462,2016
2016_1276_1463,0.5,1276,1463,2016
2016_1277_1292,0.5,1277,1292,2016
2016_1277_1314,0.5,1277,1314,2016
2016_1277_1320,0.5,1277,1320,2016
2016_1277_1323,0.5,1277,1323,2016
2016_1277_1328,0.5,1277,1328,2016
2016_1277_1332,0.5,1277,1332,2016
2016_1277_1333,0.5,1277,1333,2016
2016_1277_1338,0.5,1277,1338,2016
2016_1277_1344,0.5,1277,1344,2016
2016_1277_1345,0.5,1277,1345,2016
2016_1277_1355,0.5,1277,1355,2016
2016_1277_1371,0.5,1277,1371,2016
2016_1277_1372,0.5,1277,1372,2016
2016_1277_1380,0.5,1277,1380,2016
2016_1277_1386,0.5,1277,1386,2016
2016_1277_1392,0.5,1277,1392,2016
2016_1277_1393,0.5,1277,1393,2016
2016_1277_1396,0.5,1277,1396,2016
2016_1277_1400,0.5,1277,1400,2016
2016_1277_1401,0.5,1277,1401,2016
2016_1277_1403,0.5,1277,1403,2016
2016_1277_1409,0.5,1277,1409,2016
2016_1277_1421,0.5,1277,1421,2016
2016_1277_1423,0.5,1277,1423,2016
2016_1277_1425,0.5,1277,1425,2016
2016_1277_1428,0.5,1277,1428,2016
2016_1277_1433,0.5,1277,1433,2016
2016_1277_1435,0.5,1277,1435,2016
2016_1277_1437,0.5,1277,1437,2016
2016_1277_1438,0.5,1277,1438,2016
2016_1277_1451,0.5,1277,1451,2016
2016_1277_1452,0.5,1277,1452,2016
2016_1277_1453,0.5,1277,1453,2016
2016_1277_1455,0.5,1277,1455,2016
2016_1277_1458,0.5,1277,1458,2016
2016_1277_1462,0.5,1277,1462,2016
2016_1277_1463,0.5,1277,1463,2016
2016_1292_1314,0.5,1292,1314,2016
2016_1292_1320,0.5,1292,1320,2016
2016_1292_1323,0.5,1292,1323,2016
2016_1292_1328,0.5,1292,1328,2016
2016_1292_1332,0.5,1292,1332,2016
2016_1292_1333,0.5,1292,1333,2016
2016_1292_1338,0.5,1292,1338,2016
2016_1292_1344,0.5,1292,1344,2016
2016_1292_1345,0.5,1292,1345,2016
2016_1292_1355,0.5,1292,1355,2016
2016_1292_1371,0.5,1292,1371,2016
2016_1292_1372,0.5,1292,1372,2016
2016_1292_1380,0.5,1292,1380,2016
2016_1292_1386,0.5,1292,1386,2016
2016_1292_1392,0.5,1292,1392,2016
2016_1292_1393,0.5,1292,1393,2016
2016_1292_1396,0.5,1292,1396,2016
2016_1292_1400,0.5,1292,1400,2016
2016_1292_1401,0.5,1292,1401,2016
2016_1292_1403,0.5,1292,1403,2016
2016_1292_1409,0.5,1292,1409,2016
2016_1292_1421,0.5,1292,1421,2016
2016_1292_1423,0.5,1292,1423,2016
2016_1292_1425,0.5,1292,1425,2016
2016_1292_1428,0.5,1292,1428,2016
2016_1292_1433,0.5,1292,1433,2016
2016_1292_1435,0.5,1292,1435,2016
2016_1292_1437,0.5,1292,1437,2016
2016_1292_1438,0.5,1292,1438,2016
2016_1292_1451,0.5,1292,1451,2016
2016_1292_1452,0.5,1292,1452,2016
2016_1292_1453,0.5,1292,1453,2016
2016_1292_1455,0.5,1292,1455,2016
2016_1292_1458,0.5,1292,1458,2016
2016_1292_1462,0.5,1292,1462,2016
2016_1292_1463,0.5,1292,1463,2016
2016_1314_1320,0.5,1314,1320,2016
2016_1314_1323,0.5,1314,1323,2016
2016_1314_1328,0.5,1314,1328,2016
2016_1314_1332,0.5,1314,1332,2016
2016_1314_1333,0.5,1314,1333,2016
2016_1314_1338,0.5,1314,1338,2016
2016_1314_1344,0.5,1314,1344,2016
2016_1314_1345,0.5,1314,1345,2016
2016_1314_1355,0.5,1314,1355,2016
2016_1314_1371,0.5,1314,1371,2016
2016_1314_1372,0.5,1314,1372,2016
2016_1314_1380,0.5,1314,1380,2016
2016_1314_1386,0.5,1314,1386,2016
2016_1314_1392,0.5,1314,1392,2016
2016_1314_1393,0.5,1314,1393,2016
2016_1314_1396,0.5,1314,1396,2016
2016_1314_1400,0.5,1314,1400,2016
2016_1314_1401,0.5,1314,1401,2016
2016_1314_1403,0.5,1314,1403,2016
2016_1314_1409,0.5,1314,1409,2016
2016_1314_1421,0.5,1314,1421,2016
2016_1314_1423,0.5,1314,1423,2016
2016_1314_1425,0.5,1314,1425,2016
2016_1314_1428,0.5,1314,1428,2016
2016_1314_1433,0.5,1314,1433,2016
2016_1314_1435,0.5,1314,1435,2016
2016_1314_1437,0.5,1314,1437,2016
2016_1314_1438,0.5,1314,1438,2016
2016_1314_1451,0.5,1314,1451,2016
2016_1314_1452,0.5,1314,1452,2016
2016_1314_1453,0.5,1314,1453,2016
2016_1314_1455,0.5,1314,1455,2016
2016_1314_1458,0.5,1314,1458,2016
2016_1314_1462,0.5,1314,1462,2016
2016_1314_1463,0.5,1314,1463,2016
2016_1320_1323,0.5,1320,1323,2016
2016_1320_1328,0.5,1320,1328,2016
2016_1320_1332,0.5,1320,1332,2016
2016_1320_1333,0.5,1320,1333,2016
2016_1320_1338,0.5,1320,1338,2016
2016_1320_1344,0.5,1320,1344,2016
2016_1320_1345,0.5,1320,1345,2016
2016_1320_1355,0.5,1320,1355,2016
2016_1320_1371,0.5,1320,1371,2016
2016_1320_1372,0.5,1320,1372,2016
2016_1320_1380,0.5,1320,1380,2016
2016_1320_1386,0.5,1320,1386,2016
2016_1320_1392,0.5,1320,1392,2016
2016_1320_1393,0.5,1320,1393,2016
2016_1320_1396,0.5,1320,1396,2016
2016_1320_1400,0.5,1320,1400,2016
2016_1320_1401,0.5,1320,1401,2016
2016_1320_1403,0.5,1320,1403,2016
2016_1320_1409,0.5,1320,1409,2016
2016_1320_1421,0.5,1320,1421,2016
2016_1320_1423,0.5,1320,1423,2016
2016_1320_1425,0.5,1320,1425,2016
2016_1320_1428,0.5,1320,1428,2016
2016_1320_1433,0.5,1320,1433,2016
2016_1320_1435,0.5,1320,1435,2016
2016_1320_1437,0.5,1320,1437,2016
2016_1320_1438,0.5,1320,1438,2016
2016_1320_1451,0.5,1320,1451,2016
2016_1320_1452,0.5,1320,1452,2016
2016_1320_1453,0.5,1320,1453,2016
2016_1320_1455,0.5,1320,1455,2016
2016_1320_1458,0.5,1320,1458,2016
2016_1320_1462,0.5,1320,1462,2016
2016_1320_1463,0.5,1320,1463,2016
2016_1323_1328,0.5,1323,1328,2016
2016_1323_1332,0.5,1323,1332,2016
2016_1323_1333,0.5,1323,1333,2016
2016_1323_1338,0.5,1323,1338,2016
2016_1323_1344,0.5,1323,1344,2016
2016_1323_1345,0.5,1323,1345,2016
2016_1323_1355,0.5,1323,1355,2016
2016_1323_1371,0.5,1323,1371,2016
2016_1323_1372,0.5,1323,1372,2016
2016_1323_1380,0.5,1323,1380,2016
2016_1323_1386,0.5,1323,1386,2016
2016_1323_1392,0.5,1323,1392,2016
2016_1323_1393,0.5,1323,1393,2016
2016_1323_1396,0.5,1323,1396,2016
2016_1323_1400,0.5,1323,1400,2016
2016_1323_1401,0.5,1323,1401,2016
2016_1323_1403,0.5,1323,1403,2016
2016_1323_1409,0.5,1323,1409,2016
2016_1323_1421,0.5,1323,1421,2016
2016_1323_1423,0.5,1323,1423,2016
2016_1323_1425,0.5,1323,1425,2016
2016_1323_1428,0.5,1323,1428,2016
2016_1323_1433,0.5,1323,1433,2016
2016_1323_1435,0.5,1323,1435,2016
2016_1323_1437,0.5,1323,1437,2016
2016_1323_1438,0.5,1323,1438,2016
2016_1323_1451,0.5,1323,1451,2016
2016_1323_1452,0.5,1323,1452,2016
2016_1323_1453,0.5,1323,1453,2016
2016_1323_1455,0.5,1323,1455,2016
2016_1323_1458,0.5,1323,1458,2016
2016_1323_1462,0.5,1323,1462,2016
2016_1323_1463,0.5,1323,1463,2016
2016_1328_1332,0.5,1328,1332,2016
2016_1328_1333,0.5,1328,1333,2016
2016_1328_1338,0.5,1328,1338,2016
2016_1328_1344,0.5,1328,1344,2016
2016_1328_1345,0.5,1328,1345,2016
2016_1328_1355,0.5,1328,1355,2016
2016_1328_1371,0.5,1328,1371,2016
2016_1328_1372,0.5,1328,1372,2016
2016_1328_1380,0.5,1328,1380,2016
2016_1328_1386,0.5,1328,1386,2016
2016_1328_1392,0.5,1328,1392,2016
2016_1328_1393,0.5,1328,1393,2016
2016_1328_1396,0.5,1328,1396,2016
2016_1328_1400,0.5,1328,1400,2016
2016_1328_1401,0.5,1328,1401,2016
2016_1328_1403,0.5,1328,1403,2016
2016_1328_1409,0.5,1328,1409,2016
2016_1328_1421,0.5,1328,1421,2016
2016_1328_1423,0.5,1328,1423,2016
2016_1328_1425,0.5,1328,1425,2016
2016_1328_1428,0.5,1328,1428,2016
2016_1328_1433,0.5,1328,1433,2016
2016_1328_1435,0.5,1328,1435,2016
2016_1328_1437,0.5,1328,1437,2016
2016_1328_1438,0.5,1328,1438,2016
2016_1328_1451,0.5,1328,1451,2016
2016_1328_1452,0.5,1328,1452,2016
2016_1328_1453,0.5,1328,1453,2016
2016_1328_1455,0.5,1328,1455,2016
2016_1328_1458,0.5,1328,1458,2016
2016_1328_1462,0.5,1328,1462,2016
2016_1328_1463,0.5,1328,1463,2016
2016_1332_1333,0.5,1332,1333,2016
2016_1332_1338,0.5,1332,1338,2016
2016_1332_1344,0.5,1332,1344,2016
2016_1332_1345,0.5,1332,1345,2016
2016_1332_1355,0.5,1332,1355,2016
2016_1332_1371,0.5,1332,1371,2016
2016_1332_1372,0.5,1332,1372,2016
2016_1332_1380,0.5,1332,1380,2016
2016_1332_1386,0.5,1332,1386,2016
2016_1332_1392,0.5,1332,1392,2016
2016_1332_1393,0.5,1332,1393,2016
2016_1332_1396,0.5,1332,1396,2016
2016_1332_1400,0.5,1332,1400,2016
2016_1332_1401,0.5,1332,1401,2016
2016_1332_1403,0.5,1332,1403,2016
2016_1332_1409,0.5,1332,1409,2016
2016_1332_1421,0.5,1332,1421,2016
2016_1332_1423,0.5,1332,1423,2016
2016_1332_1425,0.5,1332,1425,2016
2016_1332_1428,0.5,1332,1428,2016
2016_1332_1433,0.5,1332,1433,2016
2016_1332_1435,0.5,1332,1435,2016
2016_1332_1437,0.5,1332,1437,2016
2016_1332_1438,0.5,1332,1438,2016
2016_1332_1451,0.5,1332,1451,2016
2016_1332_1452,0.5,1332,1452,2016
2016_1332_1453,0.5,1332,1453,2016
2016_1332_1455,0.5,1332,1455,2016
2016_1332_1458,0.5,1332,1458,2016
2016_1332_1462,0.5,1332,1462,2016
2016_1332_1463,0.5,1332,1463,2016
2016_1333_1338,0.5,1333,1338,2016
2016_1333_1344,0.5,1333,1344,2016
2016_1333_1345,0.5,1333,1345,2016
2016_1333_1355,0.5,1333,1355,2016
2016_1333_1371,0.5,1333,1371,2016
2016_1333_1372,0.5,1333,1372,2016
2016_1333_1380,0.5,1333,1380,2016
2016_1333_1386,0.5,1333,1386,2016
2016_1333_1392,0.5,1333,1392,2016
2016_1333_1393,0.5,1333,1393,2016
2016_1333_1396,0.5,1333,1396,2016
2016_1333_1400,0.5,1333,1400,2016
2016_1333_1401,0.5,1333,1401,2016
2016_1333_1403,0.5,1333,1403,2016
2016_1333_1409,0.5,1333,1409,2016
2016_1333_1421,0.5,1333,1421,2016
2016_1333_1423,0.5,1333,1423,2016
2016_1333_1425,0.5,1333,1425,2016
2016_1333_1428,0.5,1333,1428,2016
2016_1333_1433,0.5,1333,1433,2016
2016_1333_1435,0.5,1333,1435,2016
2016_1333_1437,0.5,1333,1437,2016
2016_1333_1438,0.5,1333,1438,2016
2016_1333_1451,0.5,1333,1451,2016
2016_1333_1452,0.5,1333,1452,2016
2016_1333_1453,0.5,1333,1453,2016
2016_1333_1455,0.5,1333,1455,2016
2016_1333_1458,0.5,1333,1458,2016
2016_1333_1462,0.5,1333,1462,2016
2016_1333_1463,0.5,1333,1463,2016
2016_1338_1344,0.5,1338,1344,2016
2016_1338_1345,0.5,1338,1345,2016
2016_1338_1355,0.5,1338,1355,2016
2016_1338_1371,0.5,1338,1371,2016
2016_1338_1372,0.5,1338,1372,2016
2016_1338_1380,0.5,1338,1380,2016
2016_1338_1386,0.5,1338,1386,2016
2016_1338_1392,0.5,1338,1392,2016
2016_1338_1393,0.5,1338,1393,2016
2016_1338_1396,0.5,1338,1396,2016
2016_1338_1400,0.5,1338,1400,2016
2016_1338_1401,0.5,1338,1401,2016
2016_1338_1403,0.5,1338,1403,2016
2016_1338_1409,0.5,1338,1409,2016
2016_1338_1421,0.5,1338,1421,2016
2016_1338_1423,0.5,1338,1423,2016
2016_1338_1425,0.5,1338,1425,2016
2016_1338_1428,0.5,1338,1428,2016
2016_1338_1433,0.5,1338,1433,2016
2016_1338_1435,0.5,1338,1435,2016
2016_1338_1437,0.5,1338,1437,2016
2016_1338_1438,0.5,1338,1438,2016
2016_1338_1451,0.5,1338,1451,2016
2016_1338_1452,0.5,1338,1452,2016
2016_1338_1453,0.5,1338,1453,2016
2016_1338_1455,0.5,1338,1455,2016
2016_1338_1458,0.5,1338,1458,2016
2016_1338_1462,0.5,1338,1462,2016
2016_1338_1463,0.5,1338,1463,2016
2016_1344_1345,0.5,1344,1345,2016
2016_1344_1355,0.5,1344,1355,2016
2016_1344_1371,0.5,1344,1371,2016
2016_1344_1372,0.5,1344,1372,2016
2016_1344_1380,0.5,1344,1380,2016
2016_1344_1386,0.5,1344,1386,2016
2016_1344_1392,0.5,1344,1392,2016
2016_1344_1393,0.5,1344,1393,2016
2016_1344_1396,0.5,1344,1396,2016
2016_1344_1400,0.5,1344,1400,2016
2016_1344_1401,0.5,1344,1401,2016
2016_1344_1403,0.5,1344,1403,2016
2016_1344_1409,0.5,1344,1409,2016
2016_1344_1421,0.5,1344,1421,2016
2016_1344_1423,0.5,1344,1423,2016
2016_1344_1425,0.5,1344,1425,2016
2016_1344_1428,0.5,1344,1428,2016
2016_1344_1433,0.5,1344,1433,2016
2016_1344_1435,0.5,1344,1435,2016
2016_1344_1437,0.5,1344,1437,2016
2016_1344_1438,0.5,1344,1438,2016
2016_1344_1451,0.5,1344,1451,2016
2016_1344_1452,0.5,1344,1452,2016
2016_1344_1453,0.5,1344,1453,2016
2016_1344_1455,0.5,1344,1455,2016
2016_1344_1458,0.5,1344,1458,2016
2016_1344_1462,0.5,1344,1462,2016
2016_1344_1463,0.5,1344,1463,2016
2016_1345_1355,0.5,1345,1355,2016
2016_1345_1371,0.5,1345,1371,2016
2016_1345_1372,0.5,1345,1372,2016
2016_1345_1380,0.5,1345,1380,2016
2016_1345_1386,0.5,1345,1386,2016
2016_1345_1392,0.5,1345,1392,2016
2016_1345_1393,0.5,1345,1393,2016
2016_1345_1396,0.5,1345,1396,2016
2016_1345_1400,0.5,1345,1400,2016
2016_1345_1401,0.5,1345,1401,2016
2016_1345_1403,0.5,1345,1403,2016
2016_1345_1409,0.5,1345,1409,2016
2016_1345_1421,0.5,1345,1421,2016
2016_1345_1423,0.5,1345,1423,2016
2016_1345_1425,0.5,1345,1425,2016
2016_1345_1428,0.5,1345,1428,2016
2016_1345_1433,0.5,1345,1433,2016
2016_1345_1435,0.5,1345,1435,2016
2016_1345_1437,0.5,1345,1437,2016
2016_1345_1438,0.5,1345,1438,2016
2016_1345_1451,0.5,1345,1451,2016
2016_1345_1452,0.5,1345,1452,2016
2016_1345_1453,0.5,1345,1453,2016
2016_1345_1455,0.5,1345,1455,2016
2016_1345_1458,0.5,1345,1458,2016
2016_1345_1462,0.5,1345,1462,2016
2016_1345_1463,0.5,1345,1463,2016
2016_1355_1371,0.5,1355,1371,2016
2016_1355_1372,0.5,1355,1372,2016
2016_1355_1380,0.5,1355,1380,2016
2016_1355_1386,0.5,1355,1386,2016
2016_1355_1392,0.5,1355,1392,2016
2016_1355_1393,0.5,1355,1393,2016
2016_1355_1396,0.5,1355,1396,2016
2016_1355_1400,0.5,1355,1400,2016
2016_1355_1401,0.5,1355,1401,2016
2016_1355_1403,0.5,1355,1403,2016
2016_1355_1409,0.5,1355,1409,2016
2016_1355_1421,0.5,1355,1421,2016
2016_1355_1423,0.5,1355,1423,2016
2016_1355_1425,0.5,1355,1425,2016
2016_1355_1428,0.5,1355,1428,2016
2016_1355_1433,0.5,1355,1433,2016
2016_1355_1435,0.5,1355,1435,2016
2016_1355_1437,0.5,1355,1437,2016
2016_1355_1438,0.5,1355,1438,2016
2016_1355_1451,0.5,1355,1451,2016
2016_1355_1452,0.5,1355,1452,2016
2016_1355_1453,0.5,1355,1453,2016
2016_1355_1455,0.5,1355,1455,2016
2016_1355_1458,0.5,1355,1458,2016
2016_1355_1462,0.5,1355,1462,2016
2016_1355_1463,0.5,1355,1463,2016
2016_1371_1372,0.5,1371,1372,2016
2016_1371_1380,0.5,1371,1380,2016
2016_1371_1386,0.5,1371,1386,2016
2016_1371_1392,0.5,1371,1392,2016
2016_1371_1393,0.5,1371,1393,2016
2016_1371_1396,0.5,1371,1396,2016
2016_1371_1400,0.5,1371,1400,2016
2016_1371_1401,0.5,1371,1401,2016
2016_1371_1403,0.5,1371,1403,2016
2016_1371_1409,0.5,1371,1409,2016
2016_1371_1421,0.5,1371,1421,2016
2016_1371_1423,0.5,1371,1423,2016
2016_1371_1425,0.5,1371,1425,2016
2016_1371_1428,0.5,1371,1428,2016
2016_1371_1433,0.5,1371,1433,2016
2016_1371_1435,0.5,1371,1435,2016
2016_1371_1437,0.5,1371,1437,2016
2016_1371_1438,0.5,1371,1438,2016
2016_1371_1451,0.5,1371,1451,2016
2016_1371_1452,0.5,1371,1452,2016
2016_1371_1453,0.5,1371,1453,2016
2016_1371_1455,0.5,1371,1455,2016
2016_1371_1458,0.5,1371,1458,2016
2016_1371_1462,0.5,1371,1462,2016
2016_1371_1463,0.5,1371,1463,2016
2016_1372_1380,0.5,1372,1380,2016
2016_1372_1386,0.5,1372,1386,2016
2016_1372_1392,0.5,1372,1392,2016
2016_1372_1393,0.5,1372,1393,2016
2016_1372_1396,0.5,1372,1396,2016
2016_1372_1400,0.5,1372,1400,2016
2016_1372_1401,0.5,1372,1401,2016
2016_1372_1403,0.5,1372,1403,2016
2016_1372_1409,0.5,1372,1409,2016
2016_1372_1421,0.5,1372,1421,2016
2016_1372_1423,0.5,1372,1423,2016
2016_1372_1425,0.5,1372,1425,2016
2016_1372_1428,0.5,1372,1428,2016
2016_1372_1433,0.5,1372,1433,2016
2016_1372_1435,0.5,1372,1435,2016
2016_1372_1437,0.5,1372,1437,2016
2016_1372_1438,0.5,1372,1438,2016
2016_1372_1451,0.5,1372,1451,2016
2016_1372_1452,0.5,1372,1452,2016
2016_1372_1453,0.5,1372,1453,2016
2016_1372_1455,0.5,1372,1455,2016
2016_1372_1458,0.5,1372,1458,2016
2016_1372_1462,0.5,1372,1462,2016
2016_1372_1463,0.5,1372,1463,2016
2016_1380_1386,0.5,1380,1386,2016
2016_1380_1392,0.5,1380,1392,2016
2016_1380_1393,0.5,1380,1393,2016
2016_1380_1396,0.5,1380,1396,2016
2016_1380_1400,0.5,1380,1400,2016
2016_1380_1401,0.5,1380,1401,2016
2016_1380_1403,0.5,1380,1403,2016
2016_1380_1409,0.5,1380,1409,2016
2016_1380_1421,0.5,1380,1421,2016
2016_1380_1423,0.5,1380,1423,2016
2016_1380_1425,0.5,1380,1425,2016
2016_1380_1428,0.5,1380,1428,2016
2016_1380_1433,0.5,1380,1433,2016
2016_1380_1435,0.5,1380,1435,2016
2016_1380_1437,0.5,1380,1437,2016
2016_1380_1438,0.5,1380,1438,2016
2016_1380_1451,0.5,1380,1451,2016
2016_1380_1452,0.5,1380,1452,2016
2016_1380_1453,0.5,1380,1453,2016
2016_1380_1455,0.5,1380,1455,2016
2016_1380_1458,0.5,1380,1458,2016
2016_1380_1462,0.5,1380,1462,2016
2016_1380_1463,0.5,1380,1463,2016
2016_1386_1392,0.5,1386,1392,2016
2016_1386_1393,0.5,1386,1393,2016
2016_1386_1396,0.5,1386,1396,2016
2016_1386_1400,0.5,1386,1400,2016
2016_1386_1401,0.5,1386,1401,2016
2016_1386_1403,0.5,1386,1403,2016
2016_1386_1409,0.5,1386,1409,2016
2016_1386_1421,0.5,1386,1421,2016
2016_1386_1423,0.5,1386,1423,2016
2016_1386_1425,0.5,1386,1425,2016
2016_1386_1428,0.5,1386,1428,2016
2016_1386_1433,0.5,1386,1433,2016
2016_1386_1435,0.5,1386,1435,2016
2016_1386_1437,0.5,1386,1437,2016
2016_1386_1438,0.5,1386,1438,2016
2016_1386_1451,0.5,1386,1451,2016
2016_1386_1452,0.5,1386,1452,2016
2016_1386_1453,0.5,1386,1453,2016
2016_1386_1455,0.5,1386,1455,2016
2016_1386_1458,0.5,1386,1458,2016
2016_1386_1462,0.5,1386,1462,2016
2016_1386_1463,0.5,1386,1463,2016
2016_1392_1393,0.5,1392,1393,2016
2016_1392_1396,0.5,1392,1396,2016
2016_1392_1400,0.5,1392,1400,2016
2016_1392_1401,0.5,1392,1401,2016
2016_1392_1403,0.5,1392,1403,2016
2016_1392_1409,0.5,1392,1409,2016
2016_1392_1421,0.5,1392,1421,2016
2016_1392_1423,0.5,1392,1423,2016
2016_1392_1425,0.5,1392,1425,2016
2016_1392_1428,0.5,1392,1428,2016
2016_1392_1433,0.5,1392,1433,2016
2016_1392_1435,0.5,1392,1435,2016
2016_1392_1437,0.5,1392,1437,2016
2016_1392_1438,0.5,1392,1438,2016
2016_1392_1451,0.5,1392,1451,2016
2016_1392_1452,0.5,1392,1452,2016
2016_1392_1453,0.5,1392,1453,2016
2016_1392_1455,0.5,1392,1455,2016
2016_1392_1458,0.5,1392,1458,2016
2016_1392_1462,0.5,1392,1462,2016
2016_1392_1463,0.5,1392,1463,2016
2016_1393_1396,0.5,1393,1396,2016
2016_1393_1400,0.5,1393,1400,2016
2016_1393_1401,0.5,1393,1401,2016
2016_1393_1403,0.5,1393,1403,2016
2016_1393_1409,0.5,1393,1409,2016
2016_1393_1421,0.5,1393,1421,2016
2016_1393_1423,0.5,1393,1423,2016
2016_1393_1425,0.5,1393,1425,2016
2016_1393_1428,0.5,1393,1428,2016
2016_1393_1433,0.5,1393,1433,2016
2016_1393_1435,0.5,1393,1435,2016
2016_1393_1437,0.5,1393,1437,2016
2016_1393_1438,0.5,1393,1438,2016
2016_1393_1451,0.5,1393,1451,2016
2016_1393_1452,0.5,1393,1452,2016
2016_1393_1453,0.5,1393,1453,2016
2016_1393_1455,0.5,1393,1455,2016
2016_1393_1458,0.5,1393,1458,2016
2016_1393_1462,0.5,1393,1462,2016
2016_1393_1463,0.5,1393,1463,2016
2016_1396_1400,0.5,1396,1400,2016
2016_1396_1401,0.5,1396,1401,2016
2016_1396_1403,0.5,1396,1403,2016
2016_1396_1409,0.5,1396,1409,2016
2016_1396_1421,0.5,1396,1421,2016
2016_1396_1423,0.5,1396,1423,2016
2016_1396_1425,0.5,1396,1425,2016
2016_1396_1428,0.5,1396,1428,2016
2016_1396_1433,0.5,1396,1433,2016
2016_1396_1435,0.5,1396,1435,2016
2016_1396_1437,0.5,1396,1437,2016
2016_1396_1438,0.5,1396,1438,2016
2016_1396_1451,0.5,1396,1451,2016
2016_1396_1452,0.5,1396,1452,2016
2016_1396_1453,0.5,1396,1453,2016
2016_1396_1455,0.5,1396,1455,2016
2016_1396_1458,0.5,1396,1458,2016
2016_1396_1462,0.5,1396,1462,2016
2016_1396_1463,0.5,1396,1463,2016
2016_1400_1401,0.5,1400,1401,2016
2016_1400_1403,0.5,1400,1403,2016
2016_1400_1409,0.5,1400,1409,2016
2016_1400_1421,0.5,1400,1421,2016
2016_1400_1423,0.5,1400,1423,2016
2016_1400_1425,0.5,1400,1425,2016
2016_1400_1428,0.5,1400,1428,2016
2016_1400_1433,0.5,1400,1433,2016
2016_1400_1435,0.5,1400,1435,2016
2016_1400_1437,0.5,1400,1437,2016
2016_1400_1438,0.5,1400,1438,2016
2016_1400_1451,0.5,1400,1451,2016
2016_1400_1452,0.5,1400,1452,2016
2016_1400_1453,0.5,1400,1453,2016
2016_1400_1455,0.5,1400,1455,2016
2016_1400_1458,0.5,1400,1458,2016
2016_1400_1462,0.5,1400,1462,2016
2016_1400_1463,0.5,1400,1463,2016
2016_1401_1403,0.5,1401,1403,2016
2016_1401_1409,0.5,1401,1409,2016
2016_1401_1421,0.5,1401,1421,2016
2016_1401_1423,0.5,1401,1423,2016
2016_1401_1425,0.5,1401,1425,2016
2016_1401_1428,0.5,1401,1428,2016
2016_1401_1433,0.5,1401,1433,2016
2016_1401_1435,0.5,1401,1435,2016
2016_1401_1437,0.5,1401,1437,2016
2016_1401_1438,0.5,1401,1438,2016
2016_1401_1451,0.5,1401,1451,2016
2016_1401_1452,0.5,1401,1452,2016
2016_1401_1453,0.5,1401,1453,2016
2016_1401_1455,0.5,1401,1455,2016
2016_1401_1458,0.5,1401,1458,2016
2016_1401_1462,0.5,1401,1462,2016
2016_1401_1463,0.5,1401,1463,2016
2016_1403_1409,0.5,1403,1409,2016
2016_1403_1421,0.5,1403,1421,2016
2016_1403_1423,0.5,1403,1423,2016
2016_1403_1425,0.5,1403,1425,2016
2016_1403_1428,0.5,1403,1428,2016
2016_1403_1433,0.5,1403,1433,2016
2016_1403_1435,0.5,1403,1435,2016
2016_1403_1437,0.5,1403,1437,2016
2016_1403_1438,0.5,1403,1438,2016
2016_1403_1451,0.5,1403,1451,2016
2016_1403_1452,0.5,1403,1452,2016
2016_1403_1453,0.5,1403,1453,2016
2016_1403_1455,0.5,1403,1455,2016
2016_1403_1458,0.5,1403,1458,2016
2016_1403_1462,0.5,1403,1462,2016
2016_1403_1463,0.5,1403,1463,2016
2016_1409_1421,0.5,1409,1421,2016
2016_1409_1423,0.5,1409,1423,2016
2016_1409_1425,0.5,1409,1425,2016
2016_1409_1428,0.5,1409,1428,2016
2016_1409_1433,0.5,1409,1433,2016
2016_1409_1435,0.5,1409,1435,2016
2016_1409_1437,0.5,1409,1437,2016
2016_1409_1438,0.5,1409,1438,2016
2016_1409_1451,0.5,1409,1451,2016
2016_1409_1452,0.5,1409,1452,2016
2016_1409_1453,0.5,1409,1453,2016
2016_1409_1455,0.5,1409,1455,2016
2016_1409_1458,0.5,1409,1458,2016
2016_1409_1462,0.5,1409,1462,2016
2016_1409_1463,0.5,1409,1463,2016
2016_1421_1423,0.5,1421,1423,2016
2016_1421_1425,0.5,1421,1425,2016
2016_1421_1428,0.5,1421,1428,2016
2016_1421_1433,0.5,1421,1433,2016
2016_1421_1435,0.5,1421,1435,2016
2016_1421_1437,0.5,1421,1437,2016
2016_1421_1438,0.5,1421,1438,2016
2016_1421_1451,0.5,1421,1451,2016
2016_1421_1452,0.5,1421,1452,2016
2016_1421_1453,0.5,1421,1453,2016
2016_1421_1455,0.5,1421,1455,2016
2016_1421_1458,0.5,1421,1458,2016
2016_1421_1462,0.5,1421,1462,2016
2016_1421_1463,0.5,1421,1463,2016
2016_1423_1425,0.5,1423,1425,2016
2016_1423_1428,0.5,1423,1428,2016
2016_1423_1433,0.5,1423,1433,2016
2016_1423_1435,0.5,1423,1435,2016
2016_1423_1437,0.5,1423,1437,2016
2016_1423_1438,0.5,1423,1438,2016
2016_1423_1451,0.5,1423,1451,2016
2016_1423_1452,0.5,1423,1452,2016
2016_1423_1453,0.5,1423,1453,2016
2016_1423_1455,0.5,1423,1455,2016
2016_1423_1458,0.5,1423,1458,2016
2016_1423_1462,0.5,1423,1462,2016
2016_1423_1463,0.5,1423,1463,2016
2016_1425_1428,0.5,1425,1428,2016
2016_1425_1433,0.5,1425,1433,2016
2016_1425_1435,0.5,1425,1435,2016
2016_1425_1437,0.5,1425,1437,2016
2016_1425_1438,0.5,1425,1438,2016
2016_1425_1451,0.5,1425,1451,2016
2016_1425_1452,0.5,1425,1452,2016
2016_1425_1453,0.5,1425,1453,2016
2016_1425_1455,0.5,1425,1455,2016
2016_1425_1458,0.5,1425,1458,2016
2016_1425_1462,0.5,1425,1462,2016
2016_1425_1463,0.5,1425,1463,2016
2016_1428_1433,0.5,1428,1433,2016
2016_1428_1435,0.5,1428,1435,2016
2016_1428_1437,0.5,1428,1437,2016
2016_1428_1438,0.5,1428,1438,2016
2016_1428_1451,0.5,1428,1451,2016
2016_1428_1452,0.5,1428,1452,2016
2016_1428_1453,0.5,1428,1453,2016
2016_1428_1455,0.5,1428,1455,2016
2016_1428_1458,0.5,1428,1458,2016
2016_1428_1462,0.5,1428,1462,2016
2016_1428_1463,0.5,1428,1463,2016
2016_1433_1435,0.5,1433,1435,2016
2016_1433_1437,0.5,1433,1437,2016
2016_1433_1438,0.5,1433,1438,2016
2016_1433_1451,0.5,1433,1451,2016
2016_1433_1452,0.5,1433,1452,2016
2016_1433_1453,0.5,1433,1453,2016
2016_1433_1455,0.5,1433,1455,2016
2016_1433_1458,0.5,1433,1458,2016
2016_1433_1462,0.5,1433,1462,2016
2016_1433_1463,0.5,1433,1463,2016
2016_1435_1437,0.5,1435,1437,2016
2016_1435_1438,0.5,1435,1438,2016
2016_1435_1451,0.5,1435,1451,2016
2016_1435_1452,0.5,1435,1452,2016
2016_1435_1453,0.5,1435,1453,2016
2016_1435_1455,0.5,1435,1455,2016
2016_1435_1458,0.5,1435,1458,2016
2016_1435_1462,0.5,1435,1462,2016
2016_1435_1463,0.5,1435,1463,2016
2016_1437_1438,0.5,1437,1438,2016
2016_1437_1451,0.5,1437,1451,2016
2016_1437_1452,0.5,1437,1452,2016
2016_1437_1453,0.5,1437,1453,2016
2016_1437_1455,0.5,1437,1455,2016
2016_1437_1458,0.5,1437,1458,2016
2016_1437_1462,0.5,1437,1462,2016
2016_1437_1463,0.5,1437,1463,2016
2016_1438_1451,0.5,1438,1451,2016
2016_1438_1452,0.5,1438,1452,2016
2016_1438_1453,0.5,1438,1453,2016
2016_1438_1455,0.5,1438,1455,2016
2016_1438_1458,0.5,1438,1458,2016
2016_1438_1462,0.5,1438,1462,2016
2016_1438_1463,0.5,1438,1463,2016
2016_1451_1452,0.5,1451,1452,2016
2016_1451_1453,0.5,1451,1453,2016
2016_1451_1455,0.5,1451,1455,2016
2016_1451_1458,0.5,1451,1458,2016
2016_1451_1462,0.5,1451,1462,2016
2016_1451_1463,0.5,1451,1463,2016
2016_1452_1453,0.5,1452,1453,2016
2016_1452_1455,0.5,1452,1455,2016
2016_1452_1458,0.5,1452,1458,2016
2016_1452_1462,0.5,1452,1462,2016
2016_1452_1463,0.5,1452,1463,2016
2016_1453_1455,0.5,1453,1455,2016
2016_1453_1458,0.5,1453,1458,2016
2016_1453_1462,0.5,1453,1462,2016
2016_1453_1463,0.5,1453,1463,2016
2016_1455_1458,0.5,1455,1458,2016
2016_1455_1462,0.5,1455,1462,2016
2016_1455_1463,0.5,1455,1463,2016
2016_1458_1462,0.5,1458,1462,2016
2016_1458_1463,0.5,1458,1463,2016
2016_1462_1463,0.5,1462,1463,2016
