,Id,Pred
0,2016_1112_1114,0.6625
1,2016_1112_1122,1.0
2,2016_1114_1122,1.0
3,2016_1112_1124,0.5125348189415042
4,2016_1114_1124,0.9565217391304348
5,2016_1122_1124,0.0
6,2016_1112_1138,1.0
7,2016_1114_1138,1.0
8,2016_1122_1138,0.32575757575757575
9,2016_1124_1138,0.5125348189415042
10,2016_1112_1139,0.6625
11,2016_1114_1139,0.9565217391304348
12,2016_1122_1139,0.0
13,2016_1124_1139,0.5125348189415042
14,2016_1138_1139,0.0
15,2016_1112_1143,0.5125348189415042
16,2016_1114_1143,0.5125348189415042
17,2016_1122_1143,0.0
18,2016_1124_1143,0.5125348189415042
19,2016_1138_1143,0.32575757575757575
20,2016_1139_1143,0.5125348189415042
21,2016_1112_1151,0.5125348189415042
22,2016_1114_1151,0.5125348189415042
23,2016_1122_1151,0.0
24,2016_1124_1151,0.5125348189415042
25,2016_1138_1151,0.0
26,2016_1139_1151,0.5125348189415042
27,2016_1143_1151,0.1935483870967742
28,2016_1112_1153,0.5125348189415042
29,2016_1114_1153,0.5125348189415042
30,2016_1122_1153,0.0
31,2016_1124_1153,0.32575757575757575
32,2016_1138_1153,0.0
33,2016_1139_1153,0.1935483870967742
34,2016_1143_1153,0.1935483870967742
35,2016_1151_1153,0.5125348189415042
36,2016_1112_1160,1.0
37,2016_1114_1160,0.9565217391304348
38,2016_1122_1160,0.32575757575757575
39,2016_1124_1160,0.5125348189415042
40,2016_1138_1160,0.32575757575757575
41,2016_1139_1160,0.5125348189415042
42,2016_1143_1160,0.5125348189415042
43,2016_1151_1160,0.47368421052631576
44,2016_1153_1160,0.5125348189415042
45,2016_1112_1163,0.5125348189415042
46,2016_1114_1163,0.5125348189415042
47,2016_1122_1163,0.0
48,2016_1124_1163,0.32575757575757575
49,2016_1138_1163,0.0
50,2016_1139_1163,0.5125348189415042
51,2016_1143_1163,0.1935483870967742
52,2016_1151_1163,0.5125348189415042
53,2016_1153_1163,0.5125348189415042
54,2016_1160_1163,0.32575757575757575
55,2016_1112_1167,0.5125348189415042
56,2016_1114_1167,0.9565217391304348
57,2016_1122_1167,0.0
58,2016_1124_1167,0.5125348189415042
59,2016_1138_1167,0.0
60,2016_1139_1167,0.5125348189415042
61,2016_1143_1167,0.5125348189415042
62,2016_1151_1167,0.9565217391304348
63,2016_1153_1167,0.5125348189415042
64,2016_1160_1167,0.32575757575757575
65,2016_1163_1167,0.5125348189415042
66,2016_1112_1173,0.5125348189415042
67,2016_1114_1173,0.5125348189415042
68,2016_1122_1173,0.0
69,2016_1124_1173,0.5125348189415042
70,2016_1138_1173,0.0
71,2016_1139_1173,0.5125348189415042
72,2016_1143_1173,0.5125348189415042
73,2016_1151_1173,0.5125348189415042
74,2016_1153_1173,0.6625
75,2016_1160_1173,0.5125348189415042
76,2016_1163_1173,0.5125348189415042
77,2016_1167_1173,0.5125348189415042
78,2016_1112_1181,0.5125348189415042
79,2016_1114_1181,0.5125348189415042
80,2016_1122_1181,0.0
81,2016_1124_1181,0.46938775510204084
82,2016_1138_1181,0.0
83,2016_1139_1181,0.46938775510204084
84,2016_1143_1181,0.1935483870967742
85,2016_1151_1181,0.5125348189415042
86,2016_1153_1181,0.6625
87,2016_1160_1181,0.0
88,2016_1163_1181,0.5125348189415042
89,2016_1167_1181,0.46938775510204084
90,2016_1173_1181,0.5125348189415042
91,2016_1112_1192,1.0
92,2016_1114_1192,1.0
93,2016_1122_1192,0.5125348189415042
94,2016_1124_1192,1.0
95,2016_1138_1192,0.6625
96,2016_1139_1192,1.0
97,2016_1143_1192,1.0
98,2016_1151_1192,1.0
99,2016_1153_1192,1.0
100,2016_1160_1192,0.6625
101,2016_1163_1192,1.0
102,2016_1167_1192,0.75
103,2016_1173_1192,1.0
104,2016_1181_1192,1.0
105,2016_1112_1195,1.0
106,2016_1114_1195,0.47368421052631576
107,2016_1122_1195,0.32575757575757575
108,2016_1124_1195,0.5125348189415042
109,2016_1138_1195,0.5125348189415042
110,2016_1139_1195,0.5125348189415042
111,2016_1143_1195,0.47368421052631576
112,2016_1151_1195,0.47368421052631576
113,2016_1153_1195,1.0
114,2016_1160_1195,0.6625
115,2016_1163_1195,1.0
116,2016_1167_1195,0.6625
117,2016_1173_1195,0.47368421052631576
118,2016_1181_1195,0.47368421052631576
119,2016_1192_1195,0.32575757575757575
120,2016_1112_1201,1.0
121,2016_1114_1201,0.5125348189415042
122,2016_1122_1201,0.0
123,2016_1124_1201,0.5125348189415042
124,2016_1138_1201,0.5125348189415042
125,2016_1139_1201,0.5125348189415042
126,2016_1143_1201,0.6625
127,2016_1151_1201,0.6625
128,2016_1153_1201,0.6625
129,2016_1160_1201,0.6625
130,2016_1163_1201,0.6625
131,2016_1167_1201,0.6625
132,2016_1173_1201,0.5125348189415042
133,2016_1181_1201,0.5125348189415042
134,2016_1192_1201,0.0
135,2016_1195_1201,0.5125348189415042
136,2016_1112_1211,0.6625
137,2016_1114_1211,0.5125348189415042
138,2016_1122_1211,0.038461538461538464
139,2016_1124_1211,0.6190476190476191
140,2016_1138_1211,0.2222222222222222
141,2016_1139_1211,0.32575757575757575
142,2016_1143_1211,0.35294117647058826
143,2016_1151_1211,0.35294117647058826
144,2016_1153_1211,0.6625
145,2016_1160_1211,0.35294117647058826
146,2016_1163_1211,0.6625
147,2016_1167_1211,0.35294117647058826
148,2016_1173_1211,0.35294117647058826
149,2016_1181_1211,0.35294117647058826
150,2016_1192_1211,0.2222222222222222
151,2016_1195_1211,0.038461538461538464
152,2016_1201_1211,0.6190476190476191
153,2016_1112_1214,1.0
154,2016_1114_1214,0.9333333333333333
155,2016_1122_1214,0.32575757575757575
156,2016_1124_1214,0.5125348189415042
157,2016_1138_1214,0.5125348189415042
158,2016_1139_1214,1.0
159,2016_1143_1214,0.6625
160,2016_1151_1214,0.47368421052631576
161,2016_1153_1214,1.0
162,2016_1160_1214,0.6625
163,2016_1163_1214,1.0
164,2016_1167_1214,1.0
165,2016_1173_1214,0.5125348189415042
166,2016_1181_1214,1.0
167,2016_1192_1214,0.5125348189415042
168,2016_1195_1214,0.5125348189415042
169,2016_1201_1214,0.5125348189415042
170,2016_1211_1214,0.9333333333333333
171,2016_1112_1218,0.5125348189415042
172,2016_1114_1218,0.5125348189415042
173,2016_1122_1218,0.0
174,2016_1124_1218,0.32575757575757575
175,2016_1138_1218,0.038461538461538464
176,2016_1139_1218,0.5125348189415042
177,2016_1143_1218,0.5125348189415042
178,2016_1151_1218,0.6190476190476191
179,2016_1153_1218,0.6625
180,2016_1160_1218,0.35294117647058826
181,2016_1163_1218,0.6625
182,2016_1167_1218,0.6625
183,2016_1173_1218,0.6190476190476191
184,2016_1181_1218,0.5125348189415042
185,2016_1192_1218,0.0
186,2016_1195_1218,0.038461538461538464
187,2016_1201_1218,0.32575757575757575
188,2016_1211_1218,0.5125348189415042
189,2016_1214_1218,0.0
190,2016_1112_1221,1.0
191,2016_1114_1221,1.0
192,2016_1122_1221,0.5125348189415042
193,2016_1124_1221,1.0
194,2016_1138_1221,0.1935483870967742
195,2016_1139_1221,1.0
196,2016_1143_1221,1.0
197,2016_1151_1221,1.0
198,2016_1153_1221,1.0
199,2016_1160_1221,1.0
200,2016_1163_1221,1.0
201,2016_1167_1221,1.0
202,2016_1173_1221,1.0
203,2016_1181_1221,1.0
204,2016_1192_1221,0.46938775510204084
205,2016_1195_1221,0.1935483870967742
206,2016_1201_1221,1.0
207,2016_1211_1221,1.0
208,2016_1214_1221,0.9565217391304348
209,2016_1218_1221,1.0
210,2016_1112_1231,0.5125348189415042
211,2016_1114_1231,0.32575757575757575
212,2016_1122_1231,0.0
213,2016_1124_1231,0.32575757575757575
214,2016_1138_1231,0.2222222222222222
215,2016_1139_1231,0.32575757575757575
216,2016_1143_1231,0.6190476190476191
217,2016_1151_1231,0.6190476190476191
218,2016_1153_1231,0.35294117647058826
219,2016_1160_1231,0.6190476190476191
220,2016_1163_1231,0.6190476190476191
221,2016_1167_1231,0.35294117647058826
222,2016_1173_1231,0.6190476190476191
223,2016_1181_1231,0.32575757575757575
224,2016_1192_1231,0.0
225,2016_1195_1231,0.038461538461538464
226,2016_1201_1231,0.0
227,2016_1211_1231,0.5125348189415042
228,2016_1214_1231,0.0
229,2016_1218_1231,0.5125348189415042
230,2016_1221_1231,0.06666666666666667
231,2016_1112_1233,0.5125348189415042
232,2016_1114_1233,0.5125348189415042
233,2016_1122_1233,0.0
234,2016_1124_1233,0.5125348189415042
235,2016_1138_1233,0.32575757575757575
236,2016_1139_1233,0.5125348189415042
237,2016_1143_1233,0.5125348189415042
238,2016_1151_1233,0.5125348189415042
239,2016_1153_1233,0.6625
240,2016_1160_1233,0.5125348189415042
241,2016_1163_1233,0.5125348189415042
242,2016_1167_1233,0.5125348189415042
243,2016_1173_1233,0.5125348189415042
244,2016_1181_1233,0.5125348189415042
245,2016_1192_1233,0.32575757575757575
246,2016_1195_1233,0.26666666666666666
247,2016_1201_1233,0.1935483870967742
248,2016_1211_1233,0.5125348189415042
249,2016_1214_1233,0.32575757575757575
250,2016_1218_1233,0.5125348189415042
251,2016_1221_1233,0.06666666666666667
252,2016_1231_1233,1.0
253,2016_1112_1234,0.5125348189415042
254,2016_1114_1234,0.9565217391304348
255,2016_1122_1234,0.0
256,2016_1124_1234,0.46938775510204084
257,2016_1138_1234,0.0
258,2016_1139_1234,0.1935483870967742
259,2016_1143_1234,0.1935483870967742
260,2016_1151_1234,0.9565217391304348
261,2016_1153_1234,0.6625
262,2016_1160_1234,0.32575757575757575
263,2016_1163_1234,0.5125348189415042
264,2016_1167_1234,0.1935483870967742
265,2016_1173_1234,0.1935483870967742
266,2016_1181_1234,0.5125348189415042
267,2016_1192_1234,0.0
268,2016_1195_1234,0.32575757575757575
269,2016_1201_1234,0.32575757575757575
270,2016_1211_1234,0.5125348189415042
271,2016_1214_1234,0.0
272,2016_1218_1234,0.1935483870967742
273,2016_1221_1234,0.0
274,2016_1231_1234,0.5125348189415042
275,2016_1233_1234,0.32575757575757575
276,2016_1112_1235,0.1935483870967742
277,2016_1114_1235,0.9565217391304348
278,2016_1122_1235,0.0
279,2016_1124_1235,0.46938775510204084
280,2016_1138_1235,0.32575757575757575
281,2016_1139_1235,0.1935483870967742
282,2016_1143_1235,0.1935483870967742
283,2016_1151_1235,0.9565217391304348
284,2016_1153_1235,0.6625
285,2016_1160_1235,0.1935483870967742
286,2016_1163_1235,0.5125348189415042
287,2016_1167_1235,0.1935483870967742
288,2016_1173_1235,0.1935483870967742
289,2016_1181_1235,0.5125348189415042
290,2016_1192_1235,0.0
291,2016_1195_1235,0.32575757575757575
292,2016_1201_1235,0.32575757575757575
293,2016_1211_1235,0.5125348189415042
294,2016_1214_1235,0.32575757575757575
295,2016_1218_1235,0.1935483870967742
296,2016_1221_1235,0.0
297,2016_1231_1235,0.1935483870967742
298,2016_1233_1235,0.46938775510204084
299,2016_1234_1235,0.5125348189415042
300,2016_1112_1242,0.5125348189415042
301,2016_1114_1242,0.5125348189415042
302,2016_1122_1242,0.0
303,2016_1124_1242,0.038461538461538464
304,2016_1138_1242,0.2222222222222222
305,2016_1139_1242,0.26666666666666666
306,2016_1143_1242,0.26666666666666666
307,2016_1151_1242,0.6190476190476191
308,2016_1153_1242,0.6625
309,2016_1160_1242,0.038461538461538464
310,2016_1163_1242,0.6625
311,2016_1167_1242,0.26666666666666666
312,2016_1173_1242,0.6190476190476191
313,2016_1181_1242,0.26666666666666666
314,2016_1192_1242,0.0
315,2016_1195_1242,0.038461538461538464
316,2016_1201_1242,0.2222222222222222
317,2016_1211_1242,0.5125348189415042
318,2016_1214_1242,0.038461538461538464
319,2016_1218_1242,0.5125348189415042
320,2016_1221_1242,0.06666666666666667
321,2016_1231_1242,0.5125348189415042
322,2016_1233_1242,0.038461538461538464
323,2016_1234_1242,0.26666666666666666
324,2016_1235_1242,0.038461538461538464
325,2016_1112_1246,0.5125348189415042
326,2016_1114_1246,0.5125348189415042
327,2016_1122_1246,0.0
328,2016_1124_1246,0.32575757575757575
329,2016_1138_1246,0.0
330,2016_1139_1246,0.5125348189415042
331,2016_1143_1246,0.32575757575757575
332,2016_1151_1246,0.32575757575757575
333,2016_1153_1246,0.5125348189415042
334,2016_1160_1246,0.32575757575757575
335,2016_1163_1246,0.5125348189415042
336,2016_1167_1246,0.32575757575757575
337,2016_1173_1246,0.32575757575757575
338,2016_1181_1246,0.5125348189415042
339,2016_1192_1246,0.0
340,2016_1195_1246,0.0
341,2016_1201_1246,0.0
342,2016_1211_1246,0.5125348189415042
343,2016_1214_1246,0.0
344,2016_1218_1246,0.5125348189415042
345,2016_1221_1246,0.0
346,2016_1231_1246,0.5125348189415042
347,2016_1233_1246,0.32575757575757575
348,2016_1234_1246,0.5125348189415042
349,2016_1235_1246,0.32575757575757575
350,2016_1242_1246,0.5125348189415042
351,2016_1112_1268,0.5125348189415042
352,2016_1114_1268,0.5125348189415042
353,2016_1122_1268,0.0
354,2016_1124_1268,0.46938775510204084
355,2016_1138_1268,0.0
356,2016_1139_1268,0.46938775510204084
357,2016_1143_1268,0.1935483870967742
358,2016_1151_1268,0.5125348189415042
359,2016_1153_1268,0.5125348189415042
360,2016_1160_1268,0.32575757575757575
361,2016_1163_1268,0.5125348189415042
362,2016_1167_1268,0.46938775510204084
363,2016_1173_1268,0.5125348189415042
364,2016_1181_1268,0.5125348189415042
365,2016_1192_1268,0.0
366,2016_1195_1268,0.06666666666666667
367,2016_1201_1268,0.32575757575757575
368,2016_1211_1268,0.5125348189415042
369,2016_1214_1268,0.0
370,2016_1218_1268,0.46938775510204084
371,2016_1221_1268,0.06666666666666667
372,2016_1231_1268,0.5125348189415042
373,2016_1233_1268,0.32575757575757575
374,2016_1234_1268,0.5125348189415042
375,2016_1235_1268,0.5125348189415042
376,2016_1242_1268,0.5125348189415042
377,2016_1246_1268,0.46938775510204084
378,2016_1112_1274,0.6625
379,2016_1114_1274,0.5125348189415042
380,2016_1122_1274,0.0
381,2016_1124_1274,0.46938775510204084
382,2016_1138_1274,0.2222222222222222
383,2016_1139_1274,0.46938775510204084
384,2016_1143_1274,0.46938775510204084
385,2016_1151_1274,0.6625
386,2016_1153_1274,0.6625
387,2016_1160_1274,0.35294117647058826
388,2016_1163_1274,0.6625
389,2016_1167_1274,0.46938775510204084
390,2016_1173_1274,0.5125348189415042
391,2016_1181_1274,0.5125348189415042
392,2016_1192_1274,0.0
393,2016_1195_1274,0.2222222222222222
394,2016_1201_1274,0.32575757575757575
395,2016_1211_1274,0.5125348189415042
396,2016_1214_1274,0.0
397,2016_1218_1274,0.46938775510204084
398,2016_1221_1274,0.0
399,2016_1231_1274,0.5125348189415042
400,2016_1233_1274,0.6190476190476191
401,2016_1234_1274,0.6625
402,2016_1235_1274,0.5125348189415042
403,2016_1242_1274,0.5125348189415042
404,2016_1246_1274,0.46938775510204084
405,2016_1268_1274,0.6625
406,2016_1112_1276,0.6625
407,2016_1114_1276,0.9565217391304348
408,2016_1122_1276,0.0
409,2016_1124_1276,0.46938775510204084
410,2016_1138_1276,0.0
411,2016_1139_1276,0.1935483870967742
412,2016_1143_1276,0.1935483870967742
413,2016_1151_1276,0.9565217391304348
414,2016_1153_1276,0.6625
415,2016_1160_1276,0.1935483870967742
416,2016_1163_1276,0.6625
417,2016_1167_1276,0.46938775510204084
418,2016_1173_1276,0.46938775510204084
419,2016_1181_1276,0.6625
420,2016_1192_1276,0.6190476190476191
421,2016_1195_1276,0.35294117647058826
422,2016_1201_1276,0.1935483870967742
423,2016_1211_1276,0.5125348189415042
424,2016_1214_1276,0.0
425,2016_1218_1276,0.46938775510204084
426,2016_1221_1276,0.038461538461538464
427,2016_1231_1276,0.6625
428,2016_1233_1276,0.46938775510204084
429,2016_1234_1276,0.6625
430,2016_1235_1276,0.6625
431,2016_1242_1276,0.8823529411764706
432,2016_1246_1276,0.1935483870967742
433,2016_1268_1276,0.6625
434,2016_1274_1276,0.6625
435,2016_1112_1277,0.32575757575757575
436,2016_1114_1277,0.32575757575757575
437,2016_1122_1277,0.0
438,2016_1124_1277,0.0
439,2016_1138_1277,0.0
440,2016_1139_1277,0.06666666666666667
441,2016_1143_1277,0.038461538461538464
442,2016_1151_1277,0.0
443,2016_1153_1277,0.038461538461538464
444,2016_1160_1277,0.038461538461538464
445,2016_1163_1277,0.32575757575757575
446,2016_1167_1277,0.2222222222222222
447,2016_1173_1277,0.0
448,2016_1181_1277,0.06666666666666667
449,2016_1192_1277,0.0
450,2016_1195_1277,0.0
451,2016_1201_1277,0.06666666666666667
452,2016_1211_1277,0.32575757575757575
453,2016_1214_1277,0.0
454,2016_1218_1277,0.32575757575757575
455,2016_1221_1277,0.06666666666666667
456,2016_1231_1277,0.32575757575757575
457,2016_1233_1277,0.0
458,2016_1234_1277,0.038461538461538464
459,2016_1235_1277,0.0
460,2016_1242_1277,0.32575757575757575
461,2016_1246_1277,0.6190476190476191
462,2016_1268_1277,0.32575757575757575
463,2016_1274_1277,0.32575757575757575
464,2016_1276_1277,0.06666666666666667
465,2016_1112_1292,1.0
466,2016_1114_1292,0.5125348189415042
467,2016_1122_1292,0.0
468,2016_1124_1292,0.5125348189415042
469,2016_1138_1292,0.32575757575757575
470,2016_1139_1292,0.5125348189415042
471,2016_1143_1292,0.6625
472,2016_1151_1292,0.6625
473,2016_1153_1292,0.6625
474,2016_1160_1292,0.6625
475,2016_1163_1292,0.6625
476,2016_1167_1292,0.6625
477,2016_1173_1292,0.5125348189415042
478,2016_1181_1292,0.5125348189415042
479,2016_1192_1292,0.32575757575757575
480,2016_1195_1292,0.5125348189415042
481,2016_1201_1292,0.5125348189415042
482,2016_1211_1292,0.9333333333333333
483,2016_1214_1292,0.32575757575757575
484,2016_1218_1292,0.5125348189415042
485,2016_1221_1292,0.06666666666666667
486,2016_1231_1292,1.0
487,2016_1233_1292,0.5125348189415042
488,2016_1234_1292,0.6625
489,2016_1235_1292,0.5125348189415042
490,2016_1242_1292,1.0
491,2016_1246_1292,1.0
492,2016_1268_1292,0.6625
493,2016_1274_1292,0.5125348189415042
494,2016_1276_1292,0.5125348189415042
495,2016_1277_1292,0.6875
496,2016_1112_1314,0.5125348189415042
497,2016_1114_1314,0.5125348189415042
498,2016_1122_1314,0.0
499,2016_1124_1314,0.038461538461538464
500,2016_1138_1314,0.0
501,2016_1139_1314,0.26666666666666666
502,2016_1143_1314,0.6190476190476191
503,2016_1151_1314,0.32575757575757575
504,2016_1153_1314,0.6625
505,2016_1160_1314,0.038461538461538464
506,2016_1163_1314,0.5125348189415042
507,2016_1167_1314,0.26666666666666666
508,2016_1173_1314,0.32575757575757575
509,2016_1181_1314,0.32575757575757575
510,2016_1192_1314,0.0
511,2016_1195_1314,0.038461538461538464
512,2016_1201_1314,0.0
513,2016_1211_1314,0.5125348189415042
514,2016_1214_1314,0.0
515,2016_1218_1314,0.5125348189415042
516,2016_1221_1314,0.0
517,2016_1231_1314,0.5125348189415042
518,2016_1233_1314,0.038461538461538464
519,2016_1234_1314,0.26666666666666666
520,2016_1235_1314,0.038461538461538464
521,2016_1242_1314,0.5125348189415042
522,2016_1246_1314,0.6625
523,2016_1268_1314,0.6190476190476191
524,2016_1274_1314,0.32575757575757575
525,2016_1276_1314,0.06666666666666667
526,2016_1277_1314,0.5125348189415042
527,2016_1292_1314,0.0
528,2016_1112_1320,1.0
529,2016_1114_1320,0.8823529411764706
530,2016_1122_1320,0.0
531,2016_1124_1320,0.46938775510204084
532,2016_1138_1320,0.0
533,2016_1139_1320,0.46938775510204084
534,2016_1143_1320,0.46938775510204084
535,2016_1151_1320,0.8823529411764706
536,2016_1153_1320,0.6625
537,2016_1160_1320,0.46938775510204084
538,2016_1163_1320,0.46938775510204084
539,2016_1167_1320,0.46938775510204084
540,2016_1173_1320,0.46938775510204084
541,2016_1181_1320,0.6625
542,2016_1192_1320,0.32575757575757575
543,2016_1195_1320,0.46938775510204084
544,2016_1201_1320,0.46938775510204084
545,2016_1211_1320,1.0
546,2016_1214_1320,0.0
547,2016_1218_1320,0.46938775510204084
548,2016_1221_1320,0.038461538461538464
549,2016_1231_1320,1.0
550,2016_1233_1320,0.46938775510204084
551,2016_1234_1320,0.6625
552,2016_1235_1320,0.6625
553,2016_1242_1320,0.75
554,2016_1246_1320,0.46938775510204084
555,2016_1268_1320,0.6625
556,2016_1274_1320,0.6625
557,2016_1276_1320,0.5125348189415042
558,2016_1277_1320,0.6875
559,2016_1292_1320,0.46938775510204084
560,2016_1314_1320,0.6875
561,2016_1112_1323,0.46938775510204084
562,2016_1114_1323,0.9565217391304348
563,2016_1122_1323,0.0
564,2016_1124_1323,0.46938775510204084
565,2016_1138_1323,0.0
566,2016_1139_1323,0.46938775510204084
567,2016_1143_1323,0.1935483870967742
568,2016_1151_1323,0.47368421052631576
569,2016_1153_1323,0.6625
570,2016_1160_1323,0.46938775510204084
571,2016_1163_1323,0.6625
572,2016_1167_1323,0.46938775510204084
573,2016_1173_1323,0.46938775510204084
574,2016_1181_1323,0.5125348189415042
575,2016_1192_1323,0.32575757575757575
576,2016_1195_1323,0.1935483870967742
577,2016_1201_1323,0.1935483870967742
578,2016_1211_1323,0.9333333333333333
579,2016_1214_1323,0.0
580,2016_1218_1323,0.46938775510204084
581,2016_1221_1323,0.0
582,2016_1231_1323,1.0
583,2016_1233_1323,0.46938775510204084
584,2016_1234_1323,0.5125348189415042
585,2016_1235_1323,0.5125348189415042
586,2016_1242_1323,1.0
587,2016_1246_1323,0.46938775510204084
588,2016_1268_1323,0.6625
589,2016_1274_1323,0.5125348189415042
590,2016_1276_1323,0.5125348189415042
591,2016_1277_1323,0.6875
592,2016_1292_1323,0.1935483870967742
593,2016_1314_1323,0.6875
594,2016_1320_1323,0.5125348189415042
595,2016_1112_1328,0.5125348189415042
596,2016_1114_1328,0.5125348189415042
597,2016_1122_1328,0.0
598,2016_1124_1328,0.32575757575757575
599,2016_1138_1328,0.0
600,2016_1139_1328,0.46938775510204084
601,2016_1143_1328,0.1935483870967742
602,2016_1151_1328,0.5125348189415042
603,2016_1153_1328,0.5125348189415042
604,2016_1160_1328,0.32575757575757575
605,2016_1163_1328,0.5125348189415042
606,2016_1167_1328,0.46938775510204084
607,2016_1173_1328,0.5125348189415042
608,2016_1181_1328,0.5125348189415042
609,2016_1192_1328,0.0
610,2016_1195_1328,0.06666666666666667
611,2016_1201_1328,0.32575757575757575
612,2016_1211_1328,0.5125348189415042
613,2016_1214_1328,0.0
614,2016_1218_1328,0.46938775510204084
615,2016_1221_1328,0.06666666666666667
616,2016_1231_1328,0.5125348189415042
617,2016_1233_1328,0.32575757575757575
618,2016_1234_1328,0.5125348189415042
619,2016_1235_1328,0.32575757575757575
620,2016_1242_1328,0.5125348189415042
621,2016_1246_1328,0.46938775510204084
622,2016_1268_1328,0.5125348189415042
623,2016_1274_1328,0.5125348189415042
624,2016_1276_1328,0.32575757575757575
625,2016_1277_1328,0.5125348189415042
626,2016_1292_1328,0.32575757575757575
627,2016_1314_1328,0.5125348189415042
628,2016_1320_1328,0.32575757575757575
629,2016_1323_1328,0.32575757575757575
630,2016_1112_1332,0.5125348189415042
631,2016_1114_1332,0.5125348189415042
632,2016_1122_1332,0.0
633,2016_1124_1332,0.5125348189415042
634,2016_1138_1332,0.0
635,2016_1139_1332,0.5125348189415042
636,2016_1143_1332,0.5125348189415042
637,2016_1151_1332,0.5125348189415042
638,2016_1153_1332,0.5125348189415042
639,2016_1160_1332,0.26666666666666666
640,2016_1163_1332,0.5125348189415042
641,2016_1167_1332,0.46938775510204084
642,2016_1173_1332,0.5125348189415042
643,2016_1181_1332,0.5125348189415042
644,2016_1192_1332,0.0
645,2016_1195_1332,0.0
646,2016_1201_1332,0.32575757575757575
647,2016_1211_1332,0.5125348189415042
648,2016_1214_1332,0.0
649,2016_1218_1332,0.5125348189415042
650,2016_1221_1332,0.0
651,2016_1231_1332,0.5125348189415042
652,2016_1233_1332,0.32575757575757575
653,2016_1234_1332,0.5125348189415042
654,2016_1235_1332,0.5125348189415042
655,2016_1242_1332,0.5125348189415042
656,2016_1246_1332,0.5125348189415042
657,2016_1268_1332,0.5125348189415042
658,2016_1274_1332,0.5125348189415042
659,2016_1276_1332,0.26666666666666666
660,2016_1277_1332,0.6875
661,2016_1292_1332,0.32575757575757575
662,2016_1314_1332,0.5125348189415042
663,2016_1320_1332,0.26666666666666666
664,2016_1323_1332,0.26666666666666666
665,2016_1328_1332,0.5125348189415042
666,2016_1112_1333,1.0
667,2016_1114_1333,1.0
668,2016_1122_1333,0.32575757575757575
669,2016_1124_1333,0.5125348189415042
670,2016_1138_1333,0.5125348189415042
671,2016_1139_1333,1.0
672,2016_1143_1333,0.6625
673,2016_1151_1333,0.47368421052631576
674,2016_1153_1333,1.0
675,2016_1160_1333,0.6625
676,2016_1163_1333,1.0
677,2016_1167_1333,0.6625
678,2016_1173_1333,0.8823529411764706
679,2016_1181_1333,1.0
680,2016_1192_1333,0.32575757575757575
681,2016_1195_1333,0.5125348189415042
682,2016_1201_1333,0.5125348189415042
683,2016_1211_1333,1.0
684,2016_1214_1333,0.5125348189415042
685,2016_1218_1333,1.0
686,2016_1221_1333,0.32575757575757575
687,2016_1231_1333,1.0
688,2016_1233_1333,0.5125348189415042
689,2016_1234_1333,1.0
690,2016_1235_1333,0.5125348189415042
691,2016_1242_1333,1.0
692,2016_1246_1333,1.0
693,2016_1268_1333,1.0
694,2016_1274_1333,1.0
695,2016_1276_1333,0.5125348189415042
696,2016_1277_1333,0.6875
697,2016_1292_1333,0.5125348189415042
698,2016_1314_1333,0.6875
699,2016_1320_1333,0.5125348189415042
700,2016_1323_1333,0.5125348189415042
701,2016_1328_1333,1.0
702,2016_1332_1333,1.0
703,2016_1112_1338,0.6625
704,2016_1114_1338,0.9565217391304348
705,2016_1122_1338,0.0
706,2016_1124_1338,0.5125348189415042
707,2016_1138_1338,0.32575757575757575
708,2016_1139_1338,0.5125348189415042
709,2016_1143_1338,0.1935483870967742
710,2016_1151_1338,0.9565217391304348
711,2016_1153_1338,0.6625
712,2016_1160_1338,0.6625
713,2016_1163_1338,0.6625
714,2016_1167_1338,0.1935483870967742
715,2016_1173_1338,0.6625
716,2016_1181_1338,0.5125348189415042
717,2016_1192_1338,0.0
718,2016_1195_1338,0.6190476190476191
719,2016_1201_1338,0.32575757575757575
720,2016_1211_1338,0.5125348189415042
721,2016_1214_1338,0.32575757575757575
722,2016_1218_1338,0.1935483870967742
723,2016_1221_1338,0.06666666666666667
724,2016_1231_1338,0.5125348189415042
725,2016_1233_1338,0.5125348189415042
726,2016_1234_1338,0.6625
727,2016_1235_1338,0.5125348189415042
728,2016_1242_1338,0.9565217391304348
729,2016_1246_1338,0.9565217391304348
730,2016_1268_1338,0.6625
731,2016_1274_1338,0.5125348189415042
732,2016_1276_1338,0.5125348189415042
733,2016_1277_1338,1.0
734,2016_1292_1338,0.32575757575757575
735,2016_1314_1338,0.8823529411764706
736,2016_1320_1338,0.5125348189415042
737,2016_1323_1338,0.5125348189415042
738,2016_1328_1338,0.6625
739,2016_1332_1338,0.9565217391304348
740,2016_1333_1338,0.32575757575757575
741,2016_1112_1344,1.0
742,2016_1114_1344,0.5125348189415042
743,2016_1122_1344,0.0
744,2016_1124_1344,0.5125348189415042
745,2016_1138_1344,0.32575757575757575
746,2016_1139_1344,0.1935483870967742
747,2016_1143_1344,0.1935483870967742
748,2016_1151_1344,0.6625
749,2016_1153_1344,0.6625
750,2016_1160_1344,0.6625
751,2016_1163_1344,0.6625
752,2016_1167_1344,0.1935483870967742
753,2016_1173_1344,0.5125348189415042
754,2016_1181_1344,0.5125348189415042
755,2016_1192_1344,0.0
756,2016_1195_1344,0.1935483870967742
757,2016_1201_1344,0.1935483870967742
758,2016_1211_1344,0.9333333333333333
759,2016_1214_1344,0.32575757575757575
760,2016_1218_1344,0.46938775510204084
761,2016_1221_1344,0.0
762,2016_1231_1344,1.0
763,2016_1233_1344,0.5125348189415042
764,2016_1234_1344,0.6625
765,2016_1235_1344,0.5125348189415042
766,2016_1242_1344,1.0
767,2016_1246_1344,0.1935483870967742
768,2016_1268_1344,0.6625
769,2016_1274_1344,0.5125348189415042
770,2016_1276_1344,0.5125348189415042
771,2016_1277_1344,0.6875
772,2016_1292_1344,0.1935483870967742
773,2016_1314_1344,1.0
774,2016_1320_1344,0.5125348189415042
775,2016_1323_1344,0.5125348189415042
776,2016_1328_1344,0.6625
777,2016_1332_1344,0.6625
778,2016_1333_1344,0.1935483870967742
779,2016_1338_1344,0.5125348189415042
780,2016_1112_1345,0.5125348189415042
781,2016_1114_1345,0.32575757575757575
782,2016_1122_1345,0.0
783,2016_1124_1345,0.32575757575757575
784,2016_1138_1345,0.0
785,2016_1139_1345,0.32575757575757575
786,2016_1143_1345,0.32575757575757575
787,2016_1151_1345,0.32575757575757575
788,2016_1153_1345,0.35294117647058826
789,2016_1160_1345,0.0
790,2016_1163_1345,0.32575757575757575
791,2016_1167_1345,0.6190476190476191
792,2016_1173_1345,0.32575757575757575
793,2016_1181_1345,0.32575757575757575
794,2016_1192_1345,0.0
795,2016_1195_1345,0.0
796,2016_1201_1345,0.0
797,2016_1211_1345,0.5125348189415042
798,2016_1214_1345,0.0
799,2016_1218_1345,0.1935483870967742
800,2016_1221_1345,0.06666666666666667
801,2016_1231_1345,0.5125348189415042
802,2016_1233_1345,0.32575757575757575
803,2016_1234_1345,0.32575757575757575
804,2016_1235_1345,0.32575757575757575
805,2016_1242_1345,0.5125348189415042
806,2016_1246_1345,0.1935483870967742
807,2016_1268_1345,0.6190476190476191
808,2016_1274_1345,0.32575757575757575
809,2016_1276_1345,0.32575757575757575
810,2016_1277_1345,0.5125348189415042
811,2016_1292_1345,0.0
812,2016_1314_1345,0.5125348189415042
813,2016_1320_1345,0.0
814,2016_1323_1345,0.0
815,2016_1328_1345,0.6190476190476191
816,2016_1332_1345,0.35294117647058826
817,2016_1333_1345,0.0
818,2016_1338_1345,0.0
819,2016_1344_1345,0.0
820,2016_1112_1355,0.6625
821,2016_1114_1355,0.5125348189415042
822,2016_1122_1355,0.038461538461538464
823,2016_1124_1355,0.6625
824,2016_1138_1355,0.35294117647058826
825,2016_1139_1355,0.6625
826,2016_1143_1355,0.6625
827,2016_1151_1355,0.6625
828,2016_1153_1355,0.6625
829,2016_1160_1355,0.6625
830,2016_1163_1355,0.6625
831,2016_1167_1355,0.6625
832,2016_1173_1355,0.6625
833,2016_1181_1355,0.6625
834,2016_1192_1355,0.038461538461538464
835,2016_1195_1355,0.26666666666666666
836,2016_1201_1355,0.35294117647058826
837,2016_1211_1355,0.5125348189415042
838,2016_1214_1355,0.35294117647058826
839,2016_1218_1355,0.6625
840,2016_1221_1355,0.038461538461538464
841,2016_1231_1355,0.6625
842,2016_1233_1355,0.6625
843,2016_1234_1355,0.6625
844,2016_1235_1355,0.6625
845,2016_1242_1355,0.6625
846,2016_1246_1355,0.6625
847,2016_1268_1355,0.6625
848,2016_1274_1355,0.6625
849,2016_1276_1355,0.5125348189415042
850,2016_1277_1355,0.6875
851,2016_1292_1355,0.35294117647058826
852,2016_1314_1355,0.6625
853,2016_1320_1355,0.5125348189415042
854,2016_1323_1355,0.6625
855,2016_1328_1355,0.6625
856,2016_1332_1355,0.6625
857,2016_1333_1355,0.038461538461538464
858,2016_1338_1355,0.6625
859,2016_1344_1355,0.6625
860,2016_1345_1355,0.6625
861,2016_1112_1371,0.5125348189415042
862,2016_1114_1371,0.5125348189415042
863,2016_1122_1371,0.0
864,2016_1124_1371,0.5125348189415042
865,2016_1138_1371,0.0
866,2016_1139_1371,0.5125348189415042
867,2016_1143_1371,0.5125348189415042
868,2016_1151_1371,0.5125348189415042
869,2016_1153_1371,0.6625
870,2016_1160_1371,0.5125348189415042
871,2016_1163_1371,0.5125348189415042
872,2016_1167_1371,0.46938775510204084
873,2016_1173_1371,0.5125348189415042
874,2016_1181_1371,0.5125348189415042
875,2016_1192_1371,0.06666666666666667
876,2016_1195_1371,0.26666666666666666
877,2016_1201_1371,0.32575757575757575
878,2016_1211_1371,0.5125348189415042
879,2016_1214_1371,0.32575757575757575
880,2016_1218_1371,0.5125348189415042
881,2016_1221_1371,0.06666666666666667
882,2016_1231_1371,0.5125348189415042
883,2016_1233_1371,0.5125348189415042
884,2016_1234_1371,0.5125348189415042
885,2016_1235_1371,0.5125348189415042
886,2016_1242_1371,0.5125348189415042
887,2016_1246_1371,0.6625
888,2016_1268_1371,0.5125348189415042
889,2016_1274_1371,0.5125348189415042
890,2016_1276_1371,0.5125348189415042
891,2016_1277_1371,0.6875
892,2016_1292_1371,0.32575757575757575
893,2016_1314_1371,0.5125348189415042
894,2016_1320_1371,0.5125348189415042
895,2016_1323_1371,0.5125348189415042
896,2016_1328_1371,0.5125348189415042
897,2016_1332_1371,0.6625
898,2016_1333_1371,0.06666666666666667
899,2016_1338_1371,0.5125348189415042
900,2016_1344_1371,0.5125348189415042
901,2016_1345_1371,0.5125348189415042
902,2016_1355_1371,0.5125348189415042
903,2016_1112_1372,0.35294117647058826
904,2016_1114_1372,0.32575757575757575
905,2016_1122_1372,0.038461538461538464
906,2016_1124_1372,0.6190476190476191
907,2016_1138_1372,0.0
908,2016_1139_1372,0.32575757575757575
909,2016_1143_1372,0.35294117647058826
910,2016_1151_1372,0.35294117647058826
911,2016_1153_1372,0.35294117647058826
912,2016_1160_1372,0.35294117647058826
913,2016_1163_1372,0.35294117647058826
914,2016_1167_1372,0.35294117647058826
915,2016_1173_1372,0.35294117647058826
916,2016_1181_1372,0.6190476190476191
917,2016_1192_1372,0.0
918,2016_1195_1372,0.038461538461538464
919,2016_1201_1372,0.6190476190476191
920,2016_1211_1372,0.5125348189415042
921,2016_1214_1372,0.0
922,2016_1218_1372,0.6190476190476191
923,2016_1221_1372,0.06666666666666667
924,2016_1231_1372,0.5125348189415042
925,2016_1233_1372,0.6190476190476191
926,2016_1234_1372,0.35294117647058826
927,2016_1235_1372,0.6190476190476191
928,2016_1242_1372,0.9565217391304348
929,2016_1246_1372,0.35294117647058826
930,2016_1268_1372,0.35294117647058826
931,2016_1274_1372,0.32575757575757575
932,2016_1276_1372,0.0
933,2016_1277_1372,0.8823529411764706
934,2016_1292_1372,0.0
935,2016_1314_1372,0.6625
936,2016_1320_1372,0.0
937,2016_1323_1372,0.6190476190476191
938,2016_1328_1372,0.35294117647058826
939,2016_1332_1372,0.35294117647058826
940,2016_1333_1372,0.0
941,2016_1338_1372,0.0
942,2016_1344_1372,0.0
943,2016_1345_1372,0.6625
944,2016_1355_1372,0.0
945,2016_1371_1372,0.35294117647058826
946,2016_1112_1380,0.6875
947,2016_1114_1380,1.0
948,2016_1122_1380,0.32575757575757575
949,2016_1124_1380,0.5125348189415042
950,2016_1138_1380,0.5125348189415042
951,2016_1139_1380,1.0
952,2016_1143_1380,0.6625
953,2016_1151_1380,0.47368421052631576
954,2016_1153_1380,0.6875
955,2016_1160_1380,0.6625
956,2016_1163_1380,1.0
957,2016_1167_1380,0.6625
958,2016_1173_1380,0.8823529411764706
959,2016_1181_1380,1.0
960,2016_1192_1380,0.32575757575757575
961,2016_1195_1380,0.5125348189415042
962,2016_1201_1380,0.5125348189415042
963,2016_1211_1380,1.0
964,2016_1214_1380,0.5125348189415042
965,2016_1218_1380,0.6875
966,2016_1221_1380,0.32575757575757575
967,2016_1231_1380,0.6875
968,2016_1233_1380,0.5125348189415042
969,2016_1234_1380,0.6875
970,2016_1235_1380,0.5125348189415042
971,2016_1242_1380,0.6875
972,2016_1246_1380,1.0
973,2016_1268_1380,1.0
974,2016_1274_1380,0.47368421052631576
975,2016_1276_1380,0.5125348189415042
976,2016_1277_1380,0.6875
977,2016_1292_1380,0.5125348189415042
978,2016_1314_1380,0.6875
979,2016_1320_1380,0.5125348189415042
980,2016_1323_1380,0.5125348189415042
981,2016_1328_1380,0.6875
982,2016_1332_1380,1.0
983,2016_1333_1380,0.5125348189415042
984,2016_1338_1380,0.5125348189415042
985,2016_1344_1380,0.5125348189415042
986,2016_1345_1380,0.6875
987,2016_1355_1380,0.5125348189415042
988,2016_1371_1380,0.8823529411764706
989,2016_1372_1380,0.6875
990,2016_1112_1386,0.6625
991,2016_1114_1386,0.5125348189415042
992,2016_1122_1386,0.0
993,2016_1124_1386,0.46938775510204084
994,2016_1138_1386,0.2222222222222222
995,2016_1139_1386,0.1935483870967742
996,2016_1143_1386,0.1935483870967742
997,2016_1151_1386,0.6625
998,2016_1153_1386,0.6625
999,2016_1160_1386,0.26666666666666666
1000,2016_1163_1386,0.6625
1001,2016_1167_1386,0.46938775510204084
1002,2016_1173_1386,0.1935483870967742
1003,2016_1181_1386,0.5125348189415042
1004,2016_1192_1386,0.0
1005,2016_1195_1386,0.2222222222222222
1006,2016_1201_1386,0.32575757575757575
1007,2016_1211_1386,0.5125348189415042
1008,2016_1214_1386,0.2222222222222222
1009,2016_1218_1386,0.46938775510204084
1010,2016_1221_1386,0.0
1011,2016_1231_1386,0.5125348189415042
1012,2016_1233_1386,0.46938775510204084
1013,2016_1234_1386,0.6625
1014,2016_1235_1386,0.5125348189415042
1015,2016_1242_1386,0.46938775510204084
1016,2016_1246_1386,0.1935483870967742
1017,2016_1268_1386,0.6625
1018,2016_1274_1386,0.5125348189415042
1019,2016_1276_1386,0.5125348189415042
1020,2016_1277_1386,0.6875
1021,2016_1292_1386,0.32575757575757575
1022,2016_1314_1386,0.6625
1023,2016_1320_1386,0.26666666666666666
1024,2016_1323_1386,0.5125348189415042
1025,2016_1328_1386,0.6625
1026,2016_1332_1386,0.6625
1027,2016_1333_1386,0.2222222222222222
1028,2016_1338_1386,0.5125348189415042
1029,2016_1344_1386,0.32575757575757575
1030,2016_1345_1386,0.6625
1031,2016_1355_1386,0.1935483870967742
1032,2016_1371_1386,0.6625
1033,2016_1372_1386,1.0
1034,2016_1380_1386,0.2222222222222222
1035,2016_1112_1392,0.5125348189415042
1036,2016_1114_1392,0.5125348189415042
1037,2016_1122_1392,0.0
1038,2016_1124_1392,0.32575757575757575
1039,2016_1138_1392,0.0
1040,2016_1139_1392,0.1935483870967742
1041,2016_1143_1392,0.1935483870967742
1042,2016_1151_1392,0.5125348189415042
1043,2016_1153_1392,0.6625
1044,2016_1160_1392,0.6190476190476191
1045,2016_1163_1392,0.5125348189415042
1046,2016_1167_1392,0.1935483870967742
1047,2016_1173_1392,0.32575757575757575
1048,2016_1181_1392,0.5125348189415042
1049,2016_1192_1392,0.0
1050,2016_1195_1392,0.0
1051,2016_1201_1392,0.32575757575757575
1052,2016_1211_1392,0.5125348189415042
1053,2016_1214_1392,0.0
1054,2016_1218_1392,0.1935483870967742
1055,2016_1221_1392,0.06666666666666667
1056,2016_1231_1392,0.5125348189415042
1057,2016_1233_1392,0.32575757575757575
1058,2016_1234_1392,0.5125348189415042
1059,2016_1235_1392,0.32575757575757575
1060,2016_1242_1392,0.1935483870967742
1061,2016_1246_1392,0.1935483870967742
1062,2016_1268_1392,0.5125348189415042
1063,2016_1274_1392,0.5125348189415042
1064,2016_1276_1392,0.32575757575757575
1065,2016_1277_1392,0.46938775510204084
1066,2016_1292_1392,0.32575757575757575
1067,2016_1314_1392,0.5125348189415042
1068,2016_1320_1392,0.32575757575757575
1069,2016_1323_1392,0.32575757575757575
1070,2016_1328_1392,0.5125348189415042
1071,2016_1332_1392,0.6625
1072,2016_1333_1392,0.0
1073,2016_1338_1392,0.32575757575757575
1074,2016_1344_1392,0.32575757575757575
1075,2016_1345_1392,0.5125348189415042
1076,2016_1355_1392,0.32575757575757575
1077,2016_1371_1392,0.32575757575757575
1078,2016_1372_1392,0.46938775510204084
1079,2016_1380_1392,0.0
1080,2016_1386_1392,0.5125348189415042
1081,2016_1112_1393,1.0
1082,2016_1114_1393,0.9565217391304348
1083,2016_1122_1393,0.32575757575757575
1084,2016_1124_1393,0.46938775510204084
1085,2016_1138_1393,0.32575757575757575
1086,2016_1139_1393,0.46938775510204084
1087,2016_1143_1393,0.1935483870967742
1088,2016_1151_1393,0.47368421052631576
1089,2016_1153_1393,0.6625
1090,2016_1160_1393,0.6625
1091,2016_1163_1393,0.6625
1092,2016_1167_1393,0.46938775510204084
1093,2016_1173_1393,0.8823529411764706
1094,2016_1181_1393,0.5125348189415042
1095,2016_1192_1393,0.32575757575757575
1096,2016_1195_1393,0.1935483870967742
1097,2016_1201_1393,0.1935483870967742
1098,2016_1211_1393,0.9333333333333333
1099,2016_1214_1393,0.32575757575757575
1100,2016_1218_1393,0.8823529411764706
1101,2016_1221_1393,0.0
1102,2016_1231_1393,1.0
1103,2016_1233_1393,0.46938775510204084
1104,2016_1234_1393,0.5125348189415042
1105,2016_1235_1393,0.5125348189415042
1106,2016_1242_1393,1.0
1107,2016_1246_1393,0.8823529411764706
1108,2016_1268_1393,0.6625
1109,2016_1274_1393,0.9565217391304348
1110,2016_1276_1393,0.5125348189415042
1111,2016_1277_1393,0.6875
1112,2016_1292_1393,0.1935483870967742
1113,2016_1314_1393,1.0
1114,2016_1320_1393,0.5125348189415042
1115,2016_1323_1393,0.5125348189415042
1116,2016_1328_1393,0.8823529411764706
1117,2016_1332_1393,0.9565217391304348
1118,2016_1333_1393,0.32575757575757575
1119,2016_1338_1393,0.5125348189415042
1120,2016_1344_1393,0.5125348189415042
1121,2016_1345_1393,1.0
1122,2016_1355_1393,0.1935483870967742
1123,2016_1371_1393,0.9565217391304348
1124,2016_1372_1393,0.6875
1125,2016_1380_1393,0.1935483870967742
1126,2016_1386_1393,0.8823529411764706
1127,2016_1392_1393,0.5125348189415042
1128,2016_1112_1396,1.0
1129,2016_1114_1396,1.0
1130,2016_1122_1396,0.0
1131,2016_1124_1396,0.46938775510204084
1132,2016_1138_1396,0.1935483870967742
1133,2016_1139_1396,1.0
1134,2016_1143_1396,0.1935483870967742
1135,2016_1151_1396,0.47368421052631576
1136,2016_1153_1396,1.0
1137,2016_1160_1396,0.6625
1138,2016_1163_1396,1.0
1139,2016_1167_1396,1.0
1140,2016_1173_1396,0.46938775510204084
1141,2016_1181_1396,1.0
1142,2016_1192_1396,0.0
1143,2016_1195_1396,0.1935483870967742
1144,2016_1201_1396,0.1935483870967742
1145,2016_1211_1396,1.0
1146,2016_1214_1396,0.1935483870967742
1147,2016_1218_1396,1.0
1148,2016_1221_1396,0.0
1149,2016_1231_1396,1.0
1150,2016_1233_1396,0.46938775510204084
1151,2016_1234_1396,1.0
1152,2016_1235_1396,0.6625
1153,2016_1242_1396,1.0
1154,2016_1246_1396,1.0
1155,2016_1268_1396,1.0
1156,2016_1274_1396,1.0
1157,2016_1276_1396,0.5125348189415042
1158,2016_1277_1396,0.6875
1159,2016_1292_1396,0.1935483870967742
1160,2016_1314_1396,0.6875
1161,2016_1320_1396,0.5125348189415042
1162,2016_1323_1396,0.5125348189415042
1163,2016_1328_1396,1.0
1164,2016_1332_1396,1.0
1165,2016_1333_1396,0.46938775510204084
1166,2016_1338_1396,0.5125348189415042
1167,2016_1344_1396,0.5125348189415042
1168,2016_1345_1396,1.0
1169,2016_1355_1396,0.1935483870967742
1170,2016_1371_1396,0.6625
1171,2016_1372_1396,0.6875
1172,2016_1380_1396,0.1935483870967742
1173,2016_1386_1396,0.8823529411764706
1174,2016_1392_1396,1.0
1175,2016_1393_1396,0.5125348189415042
1176,2016_1112_1400,1.0
1177,2016_1114_1400,0.47368421052631576
1178,2016_1122_1400,0.0
1179,2016_1124_1400,0.5125348189415042
1180,2016_1138_1400,0.5125348189415042
1181,2016_1139_1400,0.5125348189415042
1182,2016_1143_1400,0.5125348189415042
1183,2016_1151_1400,0.47368421052631576
1184,2016_1153_1400,0.6625
1185,2016_1160_1400,0.5125348189415042
1186,2016_1163_1400,0.5125348189415042
1187,2016_1167_1400,0.5125348189415042
1188,2016_1173_1400,0.5125348189415042
1189,2016_1181_1400,0.5125348189415042
1190,2016_1192_1400,0.32575757575757575
1191,2016_1195_1400,0.5125348189415042
1192,2016_1201_1400,0.5125348189415042
1193,2016_1211_1400,0.9333333333333333
1194,2016_1214_1400,0.5125348189415042
1195,2016_1218_1400,0.6875
1196,2016_1221_1400,0.0
1197,2016_1231_1400,0.6875
1198,2016_1233_1400,0.5125348189415042
1199,2016_1234_1400,0.5125348189415042
1200,2016_1235_1400,0.5125348189415042
1201,2016_1242_1400,1.0
1202,2016_1246_1400,1.0
1203,2016_1268_1400,0.6625
1204,2016_1274_1400,0.5125348189415042
1205,2016_1276_1400,0.5125348189415042
1206,2016_1277_1400,0.6875
1207,2016_1292_1400,0.5125348189415042
1208,2016_1314_1400,0.6875
1209,2016_1320_1400,0.5125348189415042
1210,2016_1323_1400,0.5125348189415042
1211,2016_1328_1400,0.5125348189415042
1212,2016_1332_1400,0.47368421052631576
1213,2016_1333_1400,0.5125348189415042
1214,2016_1338_1400,0.5125348189415042
1215,2016_1344_1400,0.5125348189415042
1216,2016_1345_1400,0.6875
1217,2016_1355_1400,0.5125348189415042
1218,2016_1371_1400,0.5125348189415042
1219,2016_1372_1400,0.6875
1220,2016_1380_1400,0.5125348189415042
1221,2016_1386_1400,0.8823529411764706
1222,2016_1392_1400,0.5125348189415042
1223,2016_1393_1400,0.5125348189415042
1224,2016_1396_1400,0.5125348189415042
1225,2016_1112_1401,0.6625
1226,2016_1114_1401,0.5125348189415042
1227,2016_1122_1401,0.0
1228,2016_1124_1401,0.32575757575757575
1229,2016_1138_1401,0.2222222222222222
1230,2016_1139_1401,0.5125348189415042
1231,2016_1143_1401,0.6625
1232,2016_1151_1401,0.6625
1233,2016_1153_1401,0.6625
1234,2016_1160_1401,0.35294117647058826
1235,2016_1163_1401,0.6625
1236,2016_1167_1401,0.1935483870967742
1237,2016_1173_1401,0.6190476190476191
1238,2016_1181_1401,0.5125348189415042
1239,2016_1192_1401,0.0
1240,2016_1195_1401,0.038461538461538464
1241,2016_1201_1401,0.32575757575757575
1242,2016_1211_1401,0.5125348189415042
1243,2016_1214_1401,0.2222222222222222
1244,2016_1218_1401,0.5125348189415042
1245,2016_1221_1401,0.06666666666666667
1246,2016_1231_1401,0.5125348189415042
1247,2016_1233_1401,0.32575757575757575
1248,2016_1234_1401,0.6625
1249,2016_1235_1401,0.6190476190476191
1250,2016_1242_1401,0.5125348189415042
1251,2016_1246_1401,0.6625
1252,2016_1268_1401,0.6625
1253,2016_1274_1401,0.5125348189415042
1254,2016_1276_1401,0.32575757575757575
1255,2016_1277_1401,0.6625
1256,2016_1292_1401,0.32575757575757575
1257,2016_1314_1401,0.5125348189415042
1258,2016_1320_1401,0.32575757575757575
1259,2016_1323_1401,0.32575757575757575
1260,2016_1328_1401,0.6625
1261,2016_1332_1401,0.6625
1262,2016_1333_1401,0.038461538461538464
1263,2016_1338_1401,0.26666666666666666
1264,2016_1344_1401,0.32575757575757575
1265,2016_1345_1401,0.5125348189415042
1266,2016_1355_1401,0.32575757575757575
1267,2016_1371_1401,0.6190476190476191
1268,2016_1372_1401,0.46938775510204084
1269,2016_1380_1401,0.038461538461538464
1270,2016_1386_1401,0.5125348189415042
1271,2016_1392_1401,0.5125348189415042
1272,2016_1393_1401,0.038461538461538464
1273,2016_1396_1401,0.0
1274,2016_1400_1401,0.2222222222222222
1275,2016_1112_1403,1.0
1276,2016_1114_1403,0.9333333333333333
1277,2016_1122_1403,0.32575757575757575
1278,2016_1124_1403,0.5125348189415042
1279,2016_1138_1403,0.1935483870967742
1280,2016_1139_1403,0.5125348189415042
1281,2016_1143_1403,0.5125348189415042
1282,2016_1151_1403,0.47368421052631576
1283,2016_1153_1403,1.0
1284,2016_1160_1403,0.5125348189415042
1285,2016_1163_1403,1.0
1286,2016_1167_1403,0.46938775510204084
1287,2016_1173_1403,0.8823529411764706
1288,2016_1181_1403,0.5125348189415042
1289,2016_1192_1403,0.32575757575757575
1290,2016_1195_1403,0.5125348189415042
1291,2016_1201_1403,0.46938775510204084
1292,2016_1211_1403,0.9333333333333333
1293,2016_1214_1403,0.5125348189415042
1294,2016_1218_1403,0.75
1295,2016_1221_1403,0.32575757575757575
1296,2016_1231_1403,1.0
1297,2016_1233_1403,0.5125348189415042
1298,2016_1234_1403,0.5125348189415042
1299,2016_1235_1403,0.5125348189415042
1300,2016_1242_1403,1.0
1301,2016_1246_1403,0.75
1302,2016_1268_1403,0.6625
1303,2016_1274_1403,0.9565217391304348
1304,2016_1276_1403,0.5125348189415042
1305,2016_1277_1403,0.6875
1306,2016_1292_1403,0.5125348189415042
1307,2016_1314_1403,0.6875
1308,2016_1320_1403,0.5125348189415042
1309,2016_1323_1403,0.5125348189415042
1310,2016_1328_1403,1.0
1311,2016_1332_1403,0.47368421052631576
1312,2016_1333_1403,0.5125348189415042
1313,2016_1338_1403,0.5125348189415042
1314,2016_1344_1403,0.5125348189415042
1315,2016_1345_1403,0.6875
1316,2016_1355_1403,0.5125348189415042
1317,2016_1371_1403,0.8823529411764706
1318,2016_1372_1403,0.6875
1319,2016_1380_1403,0.5125348189415042
1320,2016_1386_1403,0.8823529411764706
1321,2016_1392_1403,0.75
1322,2016_1393_1403,0.5125348189415042
1323,2016_1396_1403,0.5125348189415042
1324,2016_1400_1403,0.5125348189415042
1325,2016_1401_1403,0.75
1326,2016_1112_1409,1.0
1327,2016_1114_1409,0.9565217391304348
1328,2016_1122_1409,0.0
1329,2016_1124_1409,0.6625
1330,2016_1138_1409,0.6190476190476191
1331,2016_1139_1409,0.5125348189415042
1332,2016_1143_1409,0.1935483870967742
1333,2016_1151_1409,0.47368421052631576
1334,2016_1153_1409,0.6625
1335,2016_1160_1409,0.6625
1336,2016_1163_1409,0.6625
1337,2016_1167_1409,0.46938775510204084
1338,2016_1173_1409,0.6625
1339,2016_1181_1409,0.6625
1340,2016_1192_1409,0.32575757575757575
1341,2016_1195_1409,0.6625
1342,2016_1201_1409,0.1935483870967742
1343,2016_1211_1409,1.0
1344,2016_1214_1409,0.6190476190476191
1345,2016_1218_1409,0.46938775510204084
1346,2016_1221_1409,0.038461538461538464
1347,2016_1231_1409,1.0
1348,2016_1233_1409,0.6625
1349,2016_1234_1409,0.6625
1350,2016_1235_1409,0.6625
1351,2016_1242_1409,1.0
1352,2016_1246_1409,0.8823529411764706
1353,2016_1268_1409,0.6625
1354,2016_1274_1409,0.5125348189415042
1355,2016_1276_1409,0.5125348189415042
1356,2016_1277_1409,0.6875
1357,2016_1292_1409,0.1935483870967742
1358,2016_1314_1409,0.6875
1359,2016_1320_1409,0.5125348189415042
1360,2016_1323_1409,0.6625
1361,2016_1328_1409,0.6625
1362,2016_1332_1409,0.47368421052631576
1363,2016_1333_1409,0.6190476190476191
1364,2016_1338_1409,0.5125348189415042
1365,2016_1344_1409,0.5125348189415042
1366,2016_1345_1409,1.0
1367,2016_1355_1409,0.5125348189415042
1368,2016_1371_1409,0.6625
1369,2016_1372_1409,0.6875
1370,2016_1380_1409,0.5125348189415042
1371,2016_1386_1409,0.8823529411764706
1372,2016_1392_1409,0.6625
1373,2016_1393_1409,0.6625
1374,2016_1396_1409,0.6190476190476191
1375,2016_1400_1409,0.1935483870967742
1376,2016_1401_1409,0.8823529411764706
1377,2016_1403_1409,0.6625
1378,2016_1112_1421,0.6625
1379,2016_1114_1421,0.47368421052631576
1380,2016_1122_1421,0.0
1381,2016_1124_1421,0.5125348189415042
1382,2016_1138_1421,0.32575757575757575
1383,2016_1139_1421,0.5125348189415042
1384,2016_1143_1421,0.46938775510204084
1385,2016_1151_1421,0.47368421052631576
1386,2016_1153_1421,0.6625
1387,2016_1160_1421,0.6625
1388,2016_1163_1421,0.6625
1389,2016_1167_1421,0.46938775510204084
1390,2016_1173_1421,0.6625
1391,2016_1181_1421,0.6625
1392,2016_1192_1421,0.32575757575757575
1393,2016_1195_1421,0.5125348189415042
1394,2016_1201_1421,0.46938775510204084
1395,2016_1211_1421,1.0
1396,2016_1214_1421,0.6190476190476191
1397,2016_1218_1421,0.46938775510204084
1398,2016_1221_1421,0.06666666666666667
1399,2016_1231_1421,1.0
1400,2016_1233_1421,0.5125348189415042
1401,2016_1234_1421,0.6625
1402,2016_1235_1421,0.6625
1403,2016_1242_1421,1.0
1404,2016_1246_1421,0.47368421052631576
1405,2016_1268_1421,0.6625
1406,2016_1274_1421,0.5125348189415042
1407,2016_1276_1421,0.5125348189415042
1408,2016_1277_1421,0.6875
1409,2016_1292_1421,0.46938775510204084
1410,2016_1314_1421,0.6875
1411,2016_1320_1421,0.5125348189415042
1412,2016_1323_1421,0.5125348189415042
1413,2016_1328_1421,0.6625
1414,2016_1332_1421,0.47368421052631576
1415,2016_1333_1421,0.32575757575757575
1416,2016_1338_1421,0.5125348189415042
1417,2016_1344_1421,0.5125348189415042
1418,2016_1345_1421,0.6875
1419,2016_1355_1421,0.5125348189415042
1420,2016_1371_1421,0.6625
1421,2016_1372_1421,0.6875
1422,2016_1380_1421,0.32575757575757575
1423,2016_1386_1421,0.47368421052631576
1424,2016_1392_1421,0.6625
1425,2016_1393_1421,0.5125348189415042
1426,2016_1396_1421,0.32575757575757575
1427,2016_1400_1421,0.1935483870967742
1428,2016_1401_1421,0.8823529411764706
1429,2016_1403_1421,0.6190476190476191
1430,2016_1409_1421,0.5125348189415042
1431,2016_1112_1423,0.5125348189415042
1432,2016_1114_1423,0.5125348189415042
1433,2016_1122_1423,0.0
1434,2016_1124_1423,0.5125348189415042
1435,2016_1138_1423,0.32575757575757575
1436,2016_1139_1423,0.5125348189415042
1437,2016_1143_1423,0.5125348189415042
1438,2016_1151_1423,0.5125348189415042
1439,2016_1153_1423,0.6625
1440,2016_1160_1423,0.5125348189415042
1441,2016_1163_1423,0.5125348189415042
1442,2016_1167_1423,0.5125348189415042
1443,2016_1173_1423,0.5125348189415042
1444,2016_1181_1423,0.5125348189415042
1445,2016_1192_1423,0.0
1446,2016_1195_1423,0.26666666666666666
1447,2016_1201_1423,0.32575757575757575
1448,2016_1211_1423,0.5125348189415042
1449,2016_1214_1423,0.32575757575757575
1450,2016_1218_1423,0.5125348189415042
1451,2016_1221_1423,0.0
1452,2016_1231_1423,0.5125348189415042
1453,2016_1233_1423,0.5125348189415042
1454,2016_1234_1423,0.5125348189415042
1455,2016_1235_1423,0.5125348189415042
1456,2016_1242_1423,0.47368421052631576
1457,2016_1246_1423,0.6625
1458,2016_1268_1423,0.6625
1459,2016_1274_1423,0.5125348189415042
1460,2016_1276_1423,0.5125348189415042
1461,2016_1277_1423,0.6875
1462,2016_1292_1423,0.5125348189415042
1463,2016_1314_1423,0.5125348189415042
1464,2016_1320_1423,0.5125348189415042
1465,2016_1323_1423,0.5125348189415042
1466,2016_1328_1423,0.6625
1467,2016_1332_1423,0.6625
1468,2016_1333_1423,0.32575757575757575
1469,2016_1338_1423,0.5125348189415042
1470,2016_1344_1423,0.5125348189415042
1471,2016_1345_1423,0.5125348189415042
1472,2016_1355_1423,0.5125348189415042
1473,2016_1371_1423,0.5125348189415042
1474,2016_1372_1423,0.6875
1475,2016_1380_1423,0.32575757575757575
1476,2016_1386_1423,0.5125348189415042
1477,2016_1392_1423,0.5125348189415042
1478,2016_1393_1423,0.5125348189415042
1479,2016_1396_1423,0.32575757575757575
1480,2016_1400_1423,0.32575757575757575
1481,2016_1401_1423,0.5125348189415042
1482,2016_1403_1423,0.32575757575757575
1483,2016_1409_1423,0.5125348189415042
1484,2016_1421_1423,0.5125348189415042
1485,2016_1112_1425,0.5125348189415042
1486,2016_1114_1425,0.9565217391304348
1487,2016_1122_1425,0.0
1488,2016_1124_1425,0.5125348189415042
1489,2016_1138_1425,0.32575757575757575
1490,2016_1139_1425,0.5125348189415042
1491,2016_1143_1425,0.1935483870967742
1492,2016_1151_1425,0.9565217391304348
1493,2016_1153_1425,0.5125348189415042
1494,2016_1160_1425,0.5125348189415042
1495,2016_1163_1425,0.5125348189415042
1496,2016_1167_1425,0.46938775510204084
1497,2016_1173_1425,0.5125348189415042
1498,2016_1181_1425,0.5125348189415042
1499,2016_1192_1425,0.0
1500,2016_1195_1425,0.32575757575757575
1501,2016_1201_1425,0.1935483870967742
1502,2016_1211_1425,0.5125348189415042
1503,2016_1214_1425,0.32575757575757575
1504,2016_1218_1425,0.46938775510204084
1505,2016_1221_1425,0.06666666666666667
1506,2016_1231_1425,0.9333333333333333
1507,2016_1233_1425,0.5125348189415042
1508,2016_1234_1425,0.5125348189415042
1509,2016_1235_1425,0.5125348189415042
1510,2016_1242_1425,0.47368421052631576
1511,2016_1246_1425,0.1935483870967742
1512,2016_1268_1425,0.5125348189415042
1513,2016_1274_1425,0.5125348189415042
1514,2016_1276_1425,0.5125348189415042
1515,2016_1277_1425,0.6875
1516,2016_1292_1425,0.1935483870967742
1517,2016_1314_1425,0.47368421052631576
1518,2016_1320_1425,0.5125348189415042
1519,2016_1323_1425,0.5125348189415042
1520,2016_1328_1425,0.5125348189415042
1521,2016_1332_1425,0.9565217391304348
1522,2016_1333_1425,0.32575757575757575
1523,2016_1338_1425,0.5125348189415042
1524,2016_1344_1425,0.5125348189415042
1525,2016_1345_1425,0.5125348189415042
1526,2016_1355_1425,0.5125348189415042
1527,2016_1371_1425,0.5125348189415042
1528,2016_1372_1425,0.9333333333333333
1529,2016_1380_1425,0.32575757575757575
1530,2016_1386_1425,0.47368421052631576
1531,2016_1392_1425,0.5125348189415042
1532,2016_1393_1425,0.5125348189415042
1533,2016_1396_1425,0.32575757575757575
1534,2016_1400_1425,0.1935483870967742
1535,2016_1401_1425,0.5125348189415042
1536,2016_1403_1425,0.32575757575757575
1537,2016_1409_1425,0.5125348189415042
1538,2016_1421_1425,0.5125348189415042
1539,2016_1423_1425,0.1935483870967742
1540,2016_1112_1428,0.5125348189415042
1541,2016_1114_1428,0.5125348189415042
1542,2016_1122_1428,0.0
1543,2016_1124_1428,0.46938775510204084
1544,2016_1138_1428,0.0
1545,2016_1139_1428,0.1935483870967742
1546,2016_1143_1428,0.1935483870967742
1547,2016_1151_1428,0.5125348189415042
1548,2016_1153_1428,0.6625
1549,2016_1160_1428,0.1935483870967742
1550,2016_1163_1428,0.5125348189415042
1551,2016_1167_1428,0.46938775510204084
1552,2016_1173_1428,0.1935483870967742
1553,2016_1181_1428,0.5125348189415042
1554,2016_1192_1428,0.0
1555,2016_1195_1428,0.26666666666666666
1556,2016_1201_1428,0.32575757575757575
1557,2016_1211_1428,0.5125348189415042
1558,2016_1214_1428,0.32575757575757575
1559,2016_1218_1428,0.46938775510204084
1560,2016_1221_1428,0.06666666666666667
1561,2016_1231_1428,0.5125348189415042
1562,2016_1233_1428,0.46938775510204084
1563,2016_1234_1428,0.5125348189415042
1564,2016_1235_1428,0.5125348189415042
1565,2016_1242_1428,0.46938775510204084
1566,2016_1246_1428,0.1935483870967742
1567,2016_1268_1428,0.6625
1568,2016_1274_1428,0.5125348189415042
1569,2016_1276_1428,0.5125348189415042
1570,2016_1277_1428,0.6875
1571,2016_1292_1428,0.32575757575757575
1572,2016_1314_1428,0.5125348189415042
1573,2016_1320_1428,0.32575757575757575
1574,2016_1323_1428,0.5125348189415042
1575,2016_1328_1428,0.6625
1576,2016_1332_1428,0.6625
1577,2016_1333_1428,0.0
1578,2016_1338_1428,0.5125348189415042
1579,2016_1344_1428,0.32575757575757575
1580,2016_1345_1428,0.5125348189415042
1581,2016_1355_1428,0.1935483870967742
1582,2016_1371_1428,0.1935483870967742
1583,2016_1372_1428,0.9333333333333333
1584,2016_1380_1428,0.06666666666666667
1585,2016_1386_1428,0.5125348189415042
1586,2016_1392_1428,0.5125348189415042
1587,2016_1393_1428,0.26666666666666666
1588,2016_1396_1428,0.32575757575757575
1589,2016_1400_1428,0.32575757575757575
1590,2016_1401_1428,0.5125348189415042
1591,2016_1403_1428,0.2222222222222222
1592,2016_1409_1428,0.32575757575757575
1593,2016_1421_1428,0.5125348189415042
1594,2016_1423_1428,0.1935483870967742
1595,2016_1425_1428,0.6625
1596,2016_1112_1433,0.6625
1597,2016_1114_1433,0.5125348189415042
1598,2016_1122_1433,0.0
1599,2016_1124_1433,0.32575757575757575
1600,2016_1138_1433,0.0
1601,2016_1139_1433,0.5125348189415042
1602,2016_1143_1433,0.6625
1603,2016_1151_1433,0.5125348189415042
1604,2016_1153_1433,0.6625
1605,2016_1160_1433,0.35294117647058826
1606,2016_1163_1433,0.6625
1607,2016_1167_1433,0.6625
1608,2016_1173_1433,0.5125348189415042
1609,2016_1181_1433,0.5125348189415042
1610,2016_1192_1433,0.0
1611,2016_1195_1433,0.038461538461538464
1612,2016_1201_1433,0.32575757575757575
1613,2016_1211_1433,0.5125348189415042
1614,2016_1214_1433,0.0
1615,2016_1218_1433,0.5125348189415042
1616,2016_1221_1433,0.0
1617,2016_1231_1433,0.5125348189415042
1618,2016_1233_1433,0.32575757575757575
1619,2016_1234_1433,0.6625
1620,2016_1235_1433,0.32575757575757575
1621,2016_1242_1433,0.5125348189415042
1622,2016_1246_1433,0.6625
1623,2016_1268_1433,0.6625
1624,2016_1274_1433,0.5125348189415042
1625,2016_1276_1433,0.32575757575757575
1626,2016_1277_1433,0.6625
1627,2016_1292_1433,0.32575757575757575
1628,2016_1314_1433,0.5125348189415042
1629,2016_1320_1433,0.32575757575757575
1630,2016_1323_1433,0.32575757575757575
1631,2016_1328_1433,0.6625
1632,2016_1332_1433,0.6625
1633,2016_1333_1433,0.0
1634,2016_1338_1433,0.32575757575757575
1635,2016_1344_1433,0.32575757575757575
1636,2016_1345_1433,0.5125348189415042
1637,2016_1355_1433,0.32575757575757575
1638,2016_1371_1433,0.6190476190476191
1639,2016_1372_1433,0.5125348189415042
1640,2016_1380_1433,0.0
1641,2016_1386_1433,0.5125348189415042
1642,2016_1392_1433,0.5125348189415042
1643,2016_1393_1433,0.32575757575757575
1644,2016_1396_1433,0.0
1645,2016_1400_1433,0.6190476190476191
1646,2016_1401_1433,0.5125348189415042
1647,2016_1403_1433,0.32575757575757575
1648,2016_1409_1433,0.32575757575757575
1649,2016_1421_1433,0.32575757575757575
1650,2016_1423_1433,0.32575757575757575
1651,2016_1425_1433,0.35294117647058826
1652,2016_1428_1433,0.5125348189415042
1653,2016_1112_1435,0.9565217391304348
1654,2016_1114_1435,0.9565217391304348
1655,2016_1122_1435,0.0
1656,2016_1124_1435,0.5125348189415042
1657,2016_1138_1435,0.0
1658,2016_1139_1435,0.5125348189415042
1659,2016_1143_1435,0.5125348189415042
1660,2016_1151_1435,0.9565217391304348
1661,2016_1153_1435,0.5125348189415042
1662,2016_1160_1435,0.32575757575757575
1663,2016_1163_1435,0.5125348189415042
1664,2016_1167_1435,0.5125348189415042
1665,2016_1173_1435,0.9565217391304348
1666,2016_1181_1435,0.5125348189415042
1667,2016_1192_1435,0.0
1668,2016_1195_1435,0.32575757575757575
1669,2016_1201_1435,0.32575757575757575
1670,2016_1211_1435,0.9565217391304348
1671,2016_1214_1435,0.0
1672,2016_1218_1435,0.47368421052631576
1673,2016_1221_1435,0.0
1674,2016_1231_1435,0.47368421052631576
1675,2016_1233_1435,0.32575757575757575
1676,2016_1234_1435,0.5125348189415042
1677,2016_1235_1435,0.5125348189415042
1678,2016_1242_1435,0.47368421052631576
1679,2016_1246_1435,0.9565217391304348
1680,2016_1268_1435,0.5125348189415042
1681,2016_1274_1435,0.9565217391304348
1682,2016_1276_1435,0.32575757575757575
1683,2016_1277_1435,0.8823529411764706
1684,2016_1292_1435,0.32575757575757575
1685,2016_1314_1435,0.8823529411764706
1686,2016_1320_1435,0.32575757575757575
1687,2016_1323_1435,0.32575757575757575
1688,2016_1328_1435,0.9565217391304348
1689,2016_1332_1435,0.9565217391304348
1690,2016_1333_1435,0.0
1691,2016_1338_1435,0.5125348189415042
1692,2016_1344_1435,0.32575757575757575
1693,2016_1345_1435,0.8823529411764706
1694,2016_1355_1435,0.5125348189415042
1695,2016_1371_1435,0.9565217391304348
1696,2016_1372_1435,0.5125348189415042
1697,2016_1380_1435,0.32575757575757575
1698,2016_1386_1435,0.47368421052631576
1699,2016_1392_1435,0.5125348189415042
1700,2016_1393_1435,0.32575757575757575
1701,2016_1396_1435,0.0
1702,2016_1400_1435,0.32575757575757575
1703,2016_1401_1435,0.47368421052631576
1704,2016_1403_1435,0.32575757575757575
1705,2016_1409_1435,0.32575757575757575
1706,2016_1421_1435,0.32575757575757575
1707,2016_1423_1435,0.32575757575757575
1708,2016_1425_1435,0.32575757575757575
1709,2016_1428_1435,0.47368421052631576
1710,2016_1433_1435,0.5125348189415042
1711,2016_1112_1437,0.6625
1712,2016_1114_1437,0.32575757575757575
1713,2016_1122_1437,0.0
1714,2016_1124_1437,0.038461538461538464
1715,2016_1138_1437,0.2222222222222222
1716,2016_1139_1437,0.26666666666666666
1717,2016_1143_1437,0.2222222222222222
1718,2016_1151_1437,0.35294117647058826
1719,2016_1153_1437,0.26666666666666666
1720,2016_1160_1437,0.038461538461538464
1721,2016_1163_1437,0.35294117647058826
1722,2016_1167_1437,0.26666666666666666
1723,2016_1173_1437,0.6190476190476191
1724,2016_1181_1437,0.26666666666666666
1725,2016_1192_1437,0.0
1726,2016_1195_1437,0.038461538461538464
1727,2016_1201_1437,0.2222222222222222
1728,2016_1211_1437,0.5125348189415042
1729,2016_1214_1437,0.2222222222222222
1730,2016_1218_1437,0.1935483870967742
1731,2016_1221_1437,0.0
1732,2016_1231_1437,0.5125348189415042
1733,2016_1233_1437,0.038461538461538464
1734,2016_1234_1437,0.26666666666666666
1735,2016_1235_1437,0.038461538461538464
1736,2016_1242_1437,0.5125348189415042
1737,2016_1246_1437,0.1935483870967742
1738,2016_1268_1437,0.35294117647058826
1739,2016_1274_1437,0.32575757575757575
1740,2016_1276_1437,0.06666666666666667
1741,2016_1277_1437,0.6625
1742,2016_1292_1437,0.2222222222222222
1743,2016_1314_1437,0.6625
1744,2016_1320_1437,0.06666666666666667
1745,2016_1323_1437,0.038461538461538464
1746,2016_1328_1437,0.35294117647058826
1747,2016_1332_1437,0.35294117647058826
1748,2016_1333_1437,0.2222222222222222
1749,2016_1338_1437,0.038461538461538464
1750,2016_1344_1437,0.038461538461538464
1751,2016_1345_1437,0.6625
1752,2016_1355_1437,0.32575757575757575
1753,2016_1371_1437,0.35294117647058826
1754,2016_1372_1437,0.46938775510204084
1755,2016_1380_1437,0.2222222222222222
1756,2016_1386_1437,0.32575757575757575
1757,2016_1392_1437,0.35294117647058826
1758,2016_1393_1437,0.038461538461538464
1759,2016_1396_1437,0.038461538461538464
1760,2016_1400_1437,0.2222222222222222
1761,2016_1401_1437,0.32575757575757575
1762,2016_1403_1437,0.038461538461538464
1763,2016_1409_1437,0.0
1764,2016_1421_1437,0.038461538461538464
1765,2016_1423_1437,0.2222222222222222
1766,2016_1425_1437,0.038461538461538464
1767,2016_1428_1437,0.6190476190476191
1768,2016_1433_1437,0.6190476190476191
1769,2016_1435_1437,0.26666666666666666
1770,2016_1112_1438,0.6625
1771,2016_1114_1438,0.5125348189415042
1772,2016_1122_1438,0.038461538461538464
1773,2016_1124_1438,0.0
1774,2016_1138_1438,0.2222222222222222
1775,2016_1139_1438,0.46938775510204084
1776,2016_1143_1438,0.1935483870967742
1777,2016_1151_1438,0.35294117647058826
1778,2016_1153_1438,0.6625
1779,2016_1160_1438,0.0
1780,2016_1163_1438,0.6625
1781,2016_1167_1438,0.46938775510204084
1782,2016_1173_1438,0.0
1783,2016_1181_1438,0.6625
1784,2016_1192_1438,0.2222222222222222
1785,2016_1195_1438,0.2222222222222222
1786,2016_1201_1438,0.6190476190476191
1787,2016_1211_1438,0.5125348189415042
1788,2016_1214_1438,0.2222222222222222
1789,2016_1218_1438,0.46938775510204084
1790,2016_1221_1438,0.038461538461538464
1791,2016_1231_1438,0.6625
1792,2016_1233_1438,0.0
1793,2016_1234_1438,0.6625
1794,2016_1235_1438,0.35294117647058826
1795,2016_1242_1438,0.6625
1796,2016_1246_1438,0.46938775510204084
1797,2016_1268_1438,0.6625
1798,2016_1274_1438,0.5125348189415042
1799,2016_1276_1438,0.32575757575757575
1800,2016_1277_1438,0.46938775510204084
1801,2016_1292_1438,0.6190476190476191
1802,2016_1314_1438,0.6625
1803,2016_1320_1438,0.32575757575757575
1804,2016_1323_1438,0.6190476190476191
1805,2016_1328_1438,0.6625
1806,2016_1332_1438,0.6625
1807,2016_1333_1438,0.2222222222222222
1808,2016_1338_1438,0.26666666666666666
1809,2016_1344_1438,0.6190476190476191
1810,2016_1345_1438,0.6625
1811,2016_1355_1438,0.32575757575757575
1812,2016_1371_1438,0.0
1813,2016_1372_1438,0.46938775510204084
1814,2016_1380_1438,0.2222222222222222
1815,2016_1386_1438,0.6190476190476191
1816,2016_1392_1438,0.6625
1817,2016_1393_1438,0.038461538461538464
1818,2016_1396_1438,0.0
1819,2016_1400_1438,0.2222222222222222
1820,2016_1401_1438,0.5125348189415042
1821,2016_1403_1438,0.038461538461538464
1822,2016_1409_1438,0.038461538461538464
1823,2016_1421_1438,0.038461538461538464
1824,2016_1423_1438,0.35294117647058826
1825,2016_1425_1438,0.35294117647058826
1826,2016_1428_1438,0.35294117647058826
1827,2016_1433_1438,0.46938775510204084
1828,2016_1435_1438,0.46938775510204084
1829,2016_1437_1438,0.5125348189415042
1830,2016_1112_1451,0.6625
1831,2016_1114_1451,0.5125348189415042
1832,2016_1122_1451,0.0
1833,2016_1124_1451,0.5125348189415042
1834,2016_1138_1451,0.32575757575757575
1835,2016_1139_1451,0.5125348189415042
1836,2016_1143_1451,0.6625
1837,2016_1151_1451,0.6625
1838,2016_1153_1451,0.6625
1839,2016_1160_1451,0.6625
1840,2016_1163_1451,0.6625
1841,2016_1167_1451,0.46938775510204084
1842,2016_1173_1451,0.6625
1843,2016_1181_1451,0.5125348189415042
1844,2016_1192_1451,0.06666666666666667
1845,2016_1195_1451,0.26666666666666666
1846,2016_1201_1451,0.46938775510204084
1847,2016_1211_1451,0.5125348189415042
1848,2016_1214_1451,0.32575757575757575
1849,2016_1218_1451,0.5125348189415042
1850,2016_1221_1451,0.06666666666666667
1851,2016_1231_1451,1.0
1852,2016_1233_1451,0.5125348189415042
1853,2016_1234_1451,0.6625
1854,2016_1235_1451,0.5125348189415042
1855,2016_1242_1451,0.47368421052631576
1856,2016_1246_1451,0.6625
1857,2016_1268_1451,0.6625
1858,2016_1274_1451,0.5125348189415042
1859,2016_1276_1451,0.5125348189415042
1860,2016_1277_1451,0.6875
1861,2016_1292_1451,0.5125348189415042
1862,2016_1314_1451,0.6625
1863,2016_1320_1451,0.5125348189415042
1864,2016_1323_1451,0.5125348189415042
1865,2016_1328_1451,0.6625
1866,2016_1332_1451,0.6625
1867,2016_1333_1451,0.32575757575757575
1868,2016_1338_1451,0.5125348189415042
1869,2016_1344_1451,0.5125348189415042
1870,2016_1345_1451,0.6625
1871,2016_1355_1451,0.5125348189415042
1872,2016_1371_1451,0.6625
1873,2016_1372_1451,0.6875
1874,2016_1380_1451,0.32575757575757575
1875,2016_1386_1451,0.5125348189415042
1876,2016_1392_1451,0.6625
1877,2016_1393_1451,0.5125348189415042
1878,2016_1396_1451,0.32575757575757575
1879,2016_1400_1451,0.1935483870967742
1880,2016_1401_1451,0.5125348189415042
1881,2016_1403_1451,0.6190476190476191
1882,2016_1409_1451,0.5125348189415042
1883,2016_1421_1451,0.5125348189415042
1884,2016_1423_1451,0.46938775510204084
1885,2016_1425_1451,0.6625
1886,2016_1428_1451,0.5125348189415042
1887,2016_1433_1451,0.5125348189415042
1888,2016_1435_1451,0.6625
1889,2016_1437_1451,0.47368421052631576
1890,2016_1438_1451,0.5125348189415042
1891,2016_1112_1452,0.6625
1892,2016_1114_1452,0.5125348189415042
1893,2016_1122_1452,0.038461538461538464
1894,2016_1124_1452,0.35294117647058826
1895,2016_1138_1452,0.038461538461538464
1896,2016_1139_1452,0.6190476190476191
1897,2016_1143_1452,0.35294117647058826
1898,2016_1151_1452,0.35294117647058826
1899,2016_1153_1452,0.6625
1900,2016_1160_1452,0.35294117647058826
1901,2016_1163_1452,0.6625
1902,2016_1167_1452,0.35294117647058826
1903,2016_1173_1452,0.35294117647058826
1904,2016_1181_1452,0.35294117647058826
1905,2016_1192_1452,0.038461538461538464
1906,2016_1195_1452,0.038461538461538464
1907,2016_1201_1452,0.35294117647058826
1908,2016_1211_1452,0.5125348189415042
1909,2016_1214_1452,0.038461538461538464
1910,2016_1218_1452,0.6625
1911,2016_1221_1452,0.038461538461538464
1912,2016_1231_1452,0.6625
1913,2016_1233_1452,0.35294117647058826
1914,2016_1234_1452,0.35294117647058826
1915,2016_1235_1452,0.35294117647058826
1916,2016_1242_1452,0.6625
1917,2016_1246_1452,0.6625
1918,2016_1268_1452,0.35294117647058826
1919,2016_1274_1452,0.35294117647058826
1920,2016_1276_1452,0.32575757575757575
1921,2016_1277_1452,0.6625
1922,2016_1292_1452,0.6190476190476191
1923,2016_1314_1452,0.6625
1924,2016_1320_1452,0.0
1925,2016_1323_1452,0.35294117647058826
1926,2016_1328_1452,0.6625
1927,2016_1332_1452,0.35294117647058826
1928,2016_1333_1452,0.038461538461538464
1929,2016_1338_1452,0.038461538461538464
1930,2016_1344_1452,0.35294117647058826
1931,2016_1345_1452,0.6625
1932,2016_1355_1452,0.32575757575757575
1933,2016_1371_1452,0.35294117647058826
1934,2016_1372_1452,0.5125348189415042
1935,2016_1380_1452,0.038461538461538464
1936,2016_1386_1452,0.6190476190476191
1937,2016_1392_1452,0.6625
1938,2016_1393_1452,0.038461538461538464
1939,2016_1396_1452,0.6190476190476191
1940,2016_1400_1452,0.038461538461538464
1941,2016_1401_1452,0.6625
1942,2016_1403_1452,0.038461538461538464
1943,2016_1409_1452,0.038461538461538464
1944,2016_1421_1452,0.038461538461538464
1945,2016_1423_1452,0.35294117647058826
1946,2016_1425_1452,0.35294117647058826
1947,2016_1428_1452,0.35294117647058826
1948,2016_1433_1452,0.6625
1949,2016_1435_1452,0.26666666666666666
1950,2016_1437_1452,0.5125348189415042
1951,2016_1438_1452,0.5125348189415042
1952,2016_1451_1452,0.6190476190476191
1953,2016_1112_1453,1.0
1954,2016_1114_1453,0.9333333333333333
1955,2016_1122_1453,0.32575757575757575
1956,2016_1124_1453,0.5125348189415042
1957,2016_1138_1453,0.5125348189415042
1958,2016_1139_1453,0.5125348189415042
1959,2016_1143_1453,0.5125348189415042
1960,2016_1151_1453,0.47368421052631576
1961,2016_1153_1453,1.0
1962,2016_1160_1453,0.5125348189415042
1963,2016_1163_1453,1.0
1964,2016_1167_1453,0.5125348189415042
1965,2016_1173_1453,0.5125348189415042
1966,2016_1181_1453,0.5125348189415042
1967,2016_1192_1453,0.32575757575757575
1968,2016_1195_1453,0.5125348189415042
1969,2016_1201_1453,0.5125348189415042
1970,2016_1211_1453,0.9333333333333333
1971,2016_1214_1453,0.5125348189415042
1972,2016_1218_1453,0.9333333333333333
1973,2016_1221_1453,0.06666666666666667
1974,2016_1231_1453,0.9333333333333333
1975,2016_1233_1453,0.5125348189415042
1976,2016_1234_1453,0.5125348189415042
1977,2016_1235_1453,0.5125348189415042
1978,2016_1242_1453,0.9333333333333333
1979,2016_1246_1453,1.0
1980,2016_1268_1453,0.5125348189415042
1981,2016_1274_1453,0.5125348189415042
1982,2016_1276_1453,0.5125348189415042
1983,2016_1277_1453,0.6875
1984,2016_1292_1453,0.5125348189415042
1985,2016_1314_1453,0.6875
1986,2016_1320_1453,0.5125348189415042
1987,2016_1323_1453,0.5125348189415042
1988,2016_1328_1453,1.0
1989,2016_1332_1453,0.9565217391304348
1990,2016_1333_1453,0.5125348189415042
1991,2016_1338_1453,0.5125348189415042
1992,2016_1344_1453,0.5125348189415042
1993,2016_1345_1453,1.0
1994,2016_1355_1453,0.5125348189415042
1995,2016_1371_1453,0.5125348189415042
1996,2016_1372_1453,0.6875
1997,2016_1380_1453,0.5125348189415042
1998,2016_1386_1453,0.47368421052631576
1999,2016_1392_1453,1.0
2000,2016_1393_1453,0.5125348189415042
2001,2016_1396_1453,0.5125348189415042
2002,2016_1400_1453,0.5125348189415042
2003,2016_1401_1453,0.9333333333333333
2004,2016_1403_1453,0.5125348189415042
2005,2016_1409_1453,0.5125348189415042
2006,2016_1421_1453,0.5125348189415042
2007,2016_1423_1453,0.1935483870967742
2008,2016_1425_1453,0.5125348189415042
2009,2016_1428_1453,0.5125348189415042
2010,2016_1433_1453,0.5125348189415042
2011,2016_1435_1453,0.5125348189415042
2012,2016_1437_1453,0.9333333333333333
2013,2016_1438_1453,0.9333333333333333
2014,2016_1451_1453,0.5125348189415042
2015,2016_1452_1453,0.9333333333333333
2016,2016_1112_1455,0.6625
2017,2016_1114_1455,0.32575757575757575
2018,2016_1122_1455,0.0
2019,2016_1124_1455,0.32575757575757575
2020,2016_1138_1455,0.0
2021,2016_1139_1455,0.32575757575757575
2022,2016_1143_1455,0.35294117647058826
2023,2016_1151_1455,0.35294117647058826
2024,2016_1153_1455,0.35294117647058826
2025,2016_1160_1455,0.0
2026,2016_1163_1455,0.35294117647058826
2027,2016_1167_1455,0.35294117647058826
2028,2016_1173_1455,0.6190476190476191
2029,2016_1181_1455,0.6190476190476191
2030,2016_1192_1455,0.0
2031,2016_1195_1455,0.038461538461538464
2032,2016_1201_1455,0.0
2033,2016_1211_1455,0.5125348189415042
2034,2016_1214_1455,0.0
2035,2016_1218_1455,0.0
2036,2016_1221_1455,0.0
2037,2016_1231_1455,0.5125348189415042
2038,2016_1233_1455,0.6190476190476191
2039,2016_1234_1455,0.35294117647058826
2040,2016_1235_1455,0.6190476190476191
2041,2016_1242_1455,0.47368421052631576
2042,2016_1246_1455,0.6625
2043,2016_1268_1455,0.35294117647058826
2044,2016_1274_1455,0.32575757575757575
2045,2016_1276_1455,0.32575757575757575
2046,2016_1277_1455,0.8823529411764706
2047,2016_1292_1455,0.0
2048,2016_1314_1455,0.5125348189415042
2049,2016_1320_1455,0.0
2050,2016_1323_1455,0.0
2051,2016_1328_1455,0.35294117647058826
2052,2016_1332_1455,0.35294117647058826
2053,2016_1333_1455,0.0
2054,2016_1338_1455,0.32575757575757575
2055,2016_1344_1455,0.0
2056,2016_1345_1455,0.6625
2057,2016_1355_1455,0.32575757575757575
2058,2016_1371_1455,0.0
2059,2016_1372_1455,0.5125348189415042
2060,2016_1380_1455,0.0
2061,2016_1386_1455,0.32575757575757575
2062,2016_1392_1455,0.6190476190476191
2063,2016_1393_1455,0.6190476190476191
2064,2016_1396_1455,0.0
2065,2016_1400_1455,0.6190476190476191
2066,2016_1401_1455,0.32575757575757575
2067,2016_1403_1455,0.6190476190476191
2068,2016_1409_1455,0.0
2069,2016_1421_1455,0.0
2070,2016_1423_1455,0.6190476190476191
2071,2016_1425_1455,0.35294117647058826
2072,2016_1428_1455,0.6190476190476191
2073,2016_1433_1455,0.32575757575757575
2074,2016_1435_1455,0.35294117647058826
2075,2016_1437_1455,0.47368421052631576
2076,2016_1438_1455,0.32575757575757575
2077,2016_1451_1455,0.0
2078,2016_1452_1455,0.46938775510204084
2079,2016_1453_1455,0.6190476190476191
2080,2016_1112_1458,1.0
2081,2016_1114_1458,0.47368421052631576
2082,2016_1122_1458,0.0
2083,2016_1124_1458,0.5125348189415042
2084,2016_1138_1458,0.32575757575757575
2085,2016_1139_1458,0.46938775510204084
2086,2016_1143_1458,0.46938775510204084
2087,2016_1151_1458,0.47368421052631576
2088,2016_1153_1458,0.6625
2089,2016_1160_1458,0.6625
2090,2016_1163_1458,0.6625
2091,2016_1167_1458,0.46938775510204084
2092,2016_1173_1458,0.6625
2093,2016_1181_1458,0.6625
2094,2016_1192_1458,0.32575757575757575
2095,2016_1195_1458,0.46938775510204084
2096,2016_1201_1458,0.46938775510204084
2097,2016_1211_1458,1.0
2098,2016_1214_1458,0.6190476190476191
2099,2016_1218_1458,0.46938775510204084
2100,2016_1221_1458,0.0
2101,2016_1231_1458,0.6875
2102,2016_1233_1458,0.5125348189415042
2103,2016_1234_1458,0.6625
2104,2016_1235_1458,0.6625
2105,2016_1242_1458,1.0
2106,2016_1246_1458,0.8823529411764706
2107,2016_1268_1458,0.6625
2108,2016_1274_1458,0.5125348189415042
2109,2016_1276_1458,0.5125348189415042
2110,2016_1277_1458,0.6875
2111,2016_1292_1458,0.46938775510204084
2112,2016_1314_1458,0.6875
2113,2016_1320_1458,0.5125348189415042
2114,2016_1323_1458,0.5125348189415042
2115,2016_1328_1458,0.6625
2116,2016_1332_1458,0.47368421052631576
2117,2016_1333_1458,0.32575757575757575
2118,2016_1338_1458,0.5125348189415042
2119,2016_1344_1458,0.5125348189415042
2120,2016_1345_1458,0.6875
2121,2016_1355_1458,0.46938775510204084
2122,2016_1371_1458,0.6625
2123,2016_1372_1458,0.6875
2124,2016_1380_1458,0.1935483870967742
2125,2016_1386_1458,0.8823529411764706
2126,2016_1392_1458,0.6625
2127,2016_1393_1458,0.5125348189415042
2128,2016_1396_1458,0.32575757575757575
2129,2016_1400_1458,0.46938775510204084
2130,2016_1401_1458,0.8823529411764706
2131,2016_1403_1458,0.6625
2132,2016_1409_1458,0.5125348189415042
2133,2016_1421_1458,0.5125348189415042
2134,2016_1423_1458,0.46938775510204084
2135,2016_1425_1458,0.6625
2136,2016_1428_1458,0.6625
2137,2016_1433_1458,0.5125348189415042
2138,2016_1435_1458,0.6625
2139,2016_1437_1458,0.6875
2140,2016_1438_1458,0.47368421052631576
2141,2016_1451_1458,0.5125348189415042
2142,2016_1452_1458,0.9333333333333333
2143,2016_1453_1458,0.46938775510204084
2144,2016_1455_1458,1.0
2145,2016_1112_1462,0.6625
2146,2016_1114_1462,0.5125348189415042
2147,2016_1122_1462,0.038461538461538464
2148,2016_1124_1462,0.26666666666666666
2149,2016_1138_1462,0.038461538461538464
2150,2016_1139_1462,0.5125348189415042
2151,2016_1143_1462,0.6625
2152,2016_1151_1462,0.6625
2153,2016_1153_1462,0.6625
2154,2016_1160_1462,0.038461538461538464
2155,2016_1163_1462,0.6625
2156,2016_1167_1462,0.6625
2157,2016_1173_1462,0.35294117647058826
2158,2016_1181_1462,0.6625
2159,2016_1192_1462,0.0
2160,2016_1195_1462,0.038461538461538464
2161,2016_1201_1462,0.6190476190476191
2162,2016_1211_1462,0.5125348189415042
2163,2016_1214_1462,0.038461538461538464
2164,2016_1218_1462,0.5125348189415042
2165,2016_1221_1462,0.06666666666666667
2166,2016_1231_1462,0.5125348189415042
2167,2016_1233_1462,0.6190476190476191
2168,2016_1234_1462,0.6625
2169,2016_1235_1462,0.26666666666666666
2170,2016_1242_1462,0.5125348189415042
2171,2016_1246_1462,0.6625
2172,2016_1268_1462,0.6625
2173,2016_1274_1462,0.5125348189415042
2174,2016_1276_1462,0.26666666666666666
2175,2016_1277_1462,0.6625
2176,2016_1292_1462,0.6190476190476191
2177,2016_1314_1462,0.6625
2178,2016_1320_1462,0.038461538461538464
2179,2016_1323_1462,0.038461538461538464
2180,2016_1328_1462,0.6625
2181,2016_1332_1462,0.6625
2182,2016_1333_1462,0.038461538461538464
2183,2016_1338_1462,0.26666666666666666
2184,2016_1344_1462,0.6190476190476191
2185,2016_1345_1462,0.6625
2186,2016_1355_1462,0.32575757575757575
2187,2016_1371_1462,0.35294117647058826
2188,2016_1372_1462,0.5125348189415042
2189,2016_1380_1462,0.038461538461538464
2190,2016_1386_1462,0.5125348189415042
2191,2016_1392_1462,0.6625
2192,2016_1393_1462,0.038461538461538464
2193,2016_1396_1462,0.038461538461538464
2194,2016_1400_1462,0.038461538461538464
2195,2016_1401_1462,0.5125348189415042
2196,2016_1403_1462,0.038461538461538464
2197,2016_1409_1462,0.038461538461538464
2198,2016_1421_1462,0.038461538461538464
2199,2016_1423_1462,0.35294117647058826
2200,2016_1425_1462,0.26666666666666666
2201,2016_1428_1462,0.35294117647058826
2202,2016_1433_1462,0.5125348189415042
2203,2016_1435_1462,0.6625
2204,2016_1437_1462,0.5125348189415042
2205,2016_1438_1462,0.5125348189415042
2206,2016_1451_1462,0.32575757575757575
2207,2016_1452_1462,0.1935483870967742
2208,2016_1453_1462,0.038461538461538464
2209,2016_1455_1462,0.5125348189415042
2210,2016_1458_1462,0.038461538461538464
2211,2016_1112_1463,0.5125348189415042
2212,2016_1114_1463,0.9565217391304348
2213,2016_1122_1463,0.0
2214,2016_1124_1463,0.32575757575757575
2215,2016_1138_1463,0.0
2216,2016_1139_1463,0.5125348189415042
2217,2016_1143_1463,0.32575757575757575
2218,2016_1151_1463,0.32575757575757575
2219,2016_1153_1463,0.6625
2220,2016_1160_1463,0.6190476190476191
2221,2016_1163_1463,0.5125348189415042
2222,2016_1167_1463,0.46938775510204084
2223,2016_1173_1463,0.32575757575757575
2224,2016_1181_1463,0.5125348189415042
2225,2016_1192_1463,0.0
2226,2016_1195_1463,0.0
2227,2016_1201_1463,0.32575757575757575
2228,2016_1211_1463,0.5125348189415042
2229,2016_1214_1463,0.0
2230,2016_1218_1463,0.5125348189415042
2231,2016_1221_1463,0.06666666666666667
2232,2016_1231_1463,0.5125348189415042
2233,2016_1233_1463,0.32575757575757575
2234,2016_1234_1463,0.5125348189415042
2235,2016_1235_1463,0.32575757575757575
2236,2016_1242_1463,0.47368421052631576
2237,2016_1246_1463,0.6625
2238,2016_1268_1463,0.5125348189415042
2239,2016_1274_1463,0.5125348189415042
2240,2016_1276_1463,0.32575757575757575
2241,2016_1277_1463,0.47368421052631576
2242,2016_1292_1463,0.32575757575757575
2243,2016_1314_1463,0.47368421052631576
2244,2016_1320_1463,0.32575757575757575
2245,2016_1323_1463,0.32575757575757575
2246,2016_1328_1463,0.5125348189415042
2247,2016_1332_1463,0.9565217391304348
2248,2016_1333_1463,0.0
2249,2016_1338_1463,0.32575757575757575
2250,2016_1344_1463,0.32575757575757575
2251,2016_1345_1463,0.5125348189415042
2252,2016_1355_1463,0.32575757575757575
2253,2016_1371_1463,0.32575757575757575
2254,2016_1372_1463,0.46938775510204084
2255,2016_1380_1463,0.0
2256,2016_1386_1463,0.32575757575757575
2257,2016_1392_1463,0.5125348189415042
2258,2016_1393_1463,0.32575757575757575
2259,2016_1396_1463,0.0
2260,2016_1400_1463,0.32575757575757575
2261,2016_1401_1463,0.5125348189415042
2262,2016_1403_1463,0.0
2263,2016_1409_1463,0.32575757575757575
2264,2016_1421_1463,0.32575757575757575
2265,2016_1423_1463,0.32575757575757575
2266,2016_1425_1463,0.6190476190476191
2267,2016_1428_1463,0.32575757575757575
2268,2016_1433_1463,0.5125348189415042
2269,2016_1435_1463,0.6625
2270,2016_1437_1463,0.47368421052631576
2271,2016_1438_1463,0.5125348189415042
2272,2016_1451_1463,0.32575757575757575
2273,2016_1452_1463,0.46938775510204084
2274,2016_1453_1463,0.0
2275,2016_1455_1463,0.5125348189415042
2276,2016_1458_1463,0.32575757575757575
2277,2016_1462_1463,0.47368421052631576
